timestamp,FPS,num_objects,confidences,conf_max,conf_min,conf_mean,conf_std
2026-02-23 22:08:10.526451,0.0,2,"[0.9194303750991821, 0.5184797644615173]",0.9194303750991821,0.5184797644615173,0.7189550697803497,0.2835148957027799
2026-02-23 22:08:10.573229,10.69,2,"[0.9211201667785645, 0.5410842299461365]",0.9211201667785645,0.5410842299461365,0.7311021983623505,0.2687259880287923
2026-02-23 22:08:10.594809,22.6,3,"[0.9255990386009216, 0.5844652652740479, 0.36940062046051025]",0.9255990386009216,0.36940062046051025,0.6264883081118265,0.28047035883045346
2026-02-23 22:08:10.615327,29.07,3,"[0.9269962906837463, 0.5032035708427429, 0.3714500963687897]",0.9269962906837463,0.3714500963687897,0.600549985965093,0.29028457917591416
2026-02-23 22:08:10.655373,28.29,3,"[0.867586076259613, 0.4074111878871918, 0.3068734109401703]",0.867586076259613,0.3068734109401703,0.5272902250289917,0.2989613870083261
2026-02-23 22:08:10.708214,26.74,4,"[0.9172937273979187, 0.37822020053863525, 0.3723638951778412, 0.28887128829956055]",0.9172937273979187,0.28887128829956055,0.4891872778534889,0.288307141084
2026-02-23 22:08:10.758787,25.75,5,"[0.9166218638420105, 0.3771427273750305, 0.3756469488143921, 0.3324088156223297, 0.2501392364501953]",0.9166218638420105,0.2501392364501953,0.4503919184207916,0.2656801487033619
2026-02-23 22:08:10.786471,26.98,2,"[0.8928265571594238, 0.6598909497261047]",0.8928265571594238,0.6598909497261047,0.7763587534427643,0.1647103475959075
2026-02-23 22:08:10.836317,26.21,3,"[0.9025279879570007, 0.6752645969390869, 0.2683195471763611]",0.9025279879570007,0.2683195471763611,0.6153707106908163,0.3213184476446896
2026-02-23 22:08:10.866817,26.86,3,"[0.4446659982204437, 0.30069947242736816, 0.2577303946018219]",0.4446659982204437,0.2577303946018219,0.3343652884165446,0.09790950081441248
2026-02-23 22:08:10.900014,29.87,2,"[0.36594778299331665, 0.30729711055755615]",0.36594778299331665,0.30729711055755615,0.3366224467754364,0.04147228820047717
2026-02-23 22:08:10.947863,29.83,3,"[0.9247037172317505, 0.3587125241756439, 0.2665956914424896]",0.9247037172317505,0.2665956914424896,0.5166706442832947,0.35635602868903016
2026-02-23 22:08:10.997156,27.26,6,"[0.9506310820579529, 0.6151463389396667, 0.6117655038833618, 0.3988986909389496, 0.3670803904533386, 0.3268702030181885]",0.9506310820579529,0.3268702030181885,0.545065368215243,0.23430590208991214
2026-02-23 22:08:11.053522,24.17,6,"[0.9506641030311584, 0.6206579804420471, 0.574003279209137, 0.4231891632080078, 0.37117111682891846, 0.2883312702178955]",0.9506641030311584,0.2883312702178955,0.5380028188228607,0.23738918208857043
2026-02-23 22:08:11.093050,24.19,2,"[0.9384166598320007, 0.6229637265205383]",0.9384166598320007,0.6229637265205383,0.7806901931762695,0.2230589082897228
2026-02-23 22:08:11.138058,24.48,2,"[0.9390373229980469, 0.583128035068512]",0.9390373229980469,0.583128035068512,0.7610826790332794,0.2516658709822496
2026-02-23 22:08:11.185897,24.62,3,"[0.8246174454689026, 0.6487886905670166, 0.4001087248325348]",0.8246174454689026,0.4001087248325348,0.624504953622818,0.21329366700411598
2026-02-23 22:08:11.237798,22.98,3,"[0.9409002065658569, 0.42629945278167725, 0.32559993863105774]",0.9409002065658569,0.32559993863105774,0.5642665326595306,0.3300375604043809
2026-02-23 22:08:11.280758,23.28,3,"[0.9371035695075989, 0.4309343695640564, 0.3796134889125824]",0.9371035695075989,0.3796134889125824,0.5825504759947459,0.3081223462966637
2026-02-23 22:08:11.328369,22.11,3,"[0.8688777685165405, 0.6454814076423645, 0.5503076314926147]",0.8688777685165405,0.5503076314926147,0.6882222692171732,0.16352926033887158
2026-02-23 22:08:11.365570,21.8,4,"[0.8585882186889648, 0.6249960660934448, 0.5401623845100403, 0.4220898151397705]",0.8585882186889648,0.4220898151397705,0.6114591211080551,0.18457157459291934
2026-02-23 22:08:11.387548,24.16,3,"[0.8719185590744019, 0.5872999429702759, 0.4717729389667511]",0.8719185590744019,0.4717729389667511,0.6436638136704763,0.20594123861690686
2026-02-23 22:08:11.427666,24.58,3,"[0.8807383179664612, 0.5674437284469604, 0.4641050100326538]",0.8807383179664612,0.4641050100326538,0.6374290188153585,0.21695456660538037
2026-02-23 22:08:11.452434,26.91,3,"[0.875191867351532, 0.44750723242759705, 0.38566315174102783]",0.875191867351532,0.38566315174102783,0.5694540838400522,0.2665761931960092
2026-02-23 22:08:11.492120,26.89,3,"[0.9292633533477783, 0.7648591995239258, 0.7142930030822754]",0.9292633533477783,0.7142930030822754,0.8028051853179932,0.11239655800659969
2026-02-23 22:08:11.523465,27.88,3,"[0.9257887601852417, 0.746856689453125, 0.7395458817481995]",0.9257887601852417,0.7395458817481995,0.8040637771288554,0.10548028537306273
2026-02-23 22:08:11.556558,28.8,3,"[0.953559398651123, 0.7257816791534424, 0.5082213282585144]",0.953559398651123,0.5082213282585144,0.7291874686876932,0.22268856905332324
2026-02-23 22:08:11.598011,29.28,3,"[0.9490931034088135, 0.7172689437866211, 0.5081350803375244]",0.9490931034088135,0.5081350803375244,0.7248323758443197,0.22057628761066642
2026-02-23 22:08:11.624578,30.74,4,"[0.9605222940444946, 0.7114065885543823, 0.6348928809165955, 0.3119807243347168]",0.9605222940444946,0.3119807243347168,0.6547006219625473,0.2674520122673016
2026-02-23 22:08:11.656526,31.75,4,"[0.9725064039230347, 0.7539923787117004, 0.5302626490592957, 0.37398189306259155]",0.9725064039230347,0.37398189306259155,0.6576858311891556,0.2614775554197215
2026-02-23 22:08:11.677957,33.71,4,"[0.9689252376556396, 0.7763513326644897, 0.565862774848938, 0.44691142439842224]",0.9689252376556396,0.44691142439842224,0.6895126923918724,0.23076466889855426
2026-02-23 22:08:11.701567,33.49,4,"[0.9520960450172424, 0.7875006198883057, 0.7775416374206543, 0.5976746082305908]",0.9520960450172424,0.5976746082305908,0.7787032276391983,0.14481617493164992
2026-02-23 22:08:11.736101,33.89,4,"[0.9538387060165405, 0.786579430103302, 0.7627654075622559, 0.5952172875404358]",0.9538387060165405,0.5952172875404358,0.7746002078056335,0.1467290423279468
2026-02-23 22:08:11.771987,32.62,4,"[0.9555002450942993, 0.7631344795227051, 0.7444145679473877, 0.46605241298675537]",0.9555002450942993,0.46605241298675537,0.7322754263877869,0.20149743792338806
2026-02-23 22:08:11.799806,33.66,4,"[0.9525289535522461, 0.7467865943908691, 0.7280359268188477, 0.49483412504196167]",0.9525289535522461,0.49483412504196167,0.7305463999509811,0.18717779162863327
2026-02-23 22:08:11.827928,34.03,4,"[0.920583188533783, 0.6830000281333923, 0.6042443513870239, 0.3063073456287384]",0.920583188533783,0.3063073456287384,0.6285337284207344,0.2534293330566478
2026-02-23 22:08:11.869058,33.43,4,"[0.9352232813835144, 0.714205265045166, 0.5502128005027771, 0.5400325655937195]",0.9352232813835144,0.5400325655937195,0.6849184781312943,0.1849754557196485
2026-02-23 22:08:11.889493,35.89,4,"[0.934222400188446, 0.675391674041748, 0.6256380677223206, 0.5547880530357361]",0.934222400188446,0.5547880530357361,0.6975100487470627,0.1653855188549454
2026-02-23 22:08:11.905000,38.56,4,"[0.9030429720878601, 0.6393356919288635, 0.4855806231498718, 0.47700387239456177]",0.9030429720878601,0.47700387239456177,0.6262407898902893,0.19903757147818907
2026-02-23 22:08:11.922472,41.16,4,"[0.9105983972549438, 0.6497368216514587, 0.48472926020622253, 0.4846956431865692]",0.9105983972549438,0.4846956431865692,0.6324400305747986,0.2010954430308464
2026-02-23 22:08:11.963923,38.93,4,"[0.8639057874679565, 0.6363740563392639, 0.5492239594459534, 0.4779779016971588]",0.8639057874679565,0.4779779016971588,0.6318704262375832,0.16770414338746245
2026-02-23 22:08:11.992005,38.24,4,"[0.8382560014724731, 0.5759725570678711, 0.4807693660259247, 0.43714970350265503]",0.8382560014724731,0.43714970350265503,0.583036907017231,0.17974835864292119
2026-02-23 22:08:12.027607,38.19,4,"[0.8379149436950684, 0.5765237808227539, 0.5032153129577637, 0.4411432147026062]",0.8379149436950684,0.4411432147026062,0.589699313044548,0.17448303697318227
2026-02-23 22:08:12.055913,38.85,4,"[0.8742677569389343, 0.7314102053642273, 0.6204774379730225, 0.5005879402160645]",0.8742677569389343,0.5005879402160645,0.6816858351230621,0.15927253898857155
2026-02-23 22:08:12.080945,39.28,4,"[0.8734509348869324, 0.7326720356941223, 0.6060643196105957, 0.5108217597007751]",0.8734509348869324,0.5108217597007751,0.6807522624731064,0.1573563956785823
2026-02-23 22:08:12.122663,38.14,4,"[0.9420663118362427, 0.7565194368362427, 0.5956572890281677, 0.4539470970630646]",0.9420663118362427,0.4539470970630646,0.6870475336909294,0.2101974570960846
2026-02-23 22:08:12.163180,38.18,4,"[0.9420596957206726, 0.7573553919792175, 0.593002438545227, 0.4397130310535431]",0.9420596957206726,0.4397130310535431,0.6830326393246651,0.21596971726681838
2026-02-23 22:08:12.200653,36.02,4,"[0.9259129166603088, 0.7241839170455933, 0.6171327829360962, 0.5282793641090393]",0.9259129166603088,0.5282793641090393,0.6988772451877594,0.17124195153726612
2026-02-23 22:08:12.251952,31.51,4,"[0.8835238814353943, 0.7630667686462402, 0.616926372051239, 0.4224146008491516]",0.8835238814353943,0.4224146008491516,0.6714829057455063,0.19862898008432484
2026-02-23 22:08:12.296246,28.05,4,"[0.8884806632995605, 0.7408703565597534, 0.6665720343589783, 0.39030906558036804]",0.8884806632995605,0.39030906558036804,0.6715580299496651,0.20895411584874257
2026-02-23 22:08:12.331496,28.46,4,"[0.8719298839569092, 0.75727379322052, 0.7151001691818237, 0.3466004729270935]",0.8719298839569092,0.3466004729270935,0.6727260798215866,0.2272912568668836
2026-02-23 22:08:12.365893,27.82,4,"[0.8668805360794067, 0.7566468715667725, 0.7176510095596313, 0.3484955132007599]",0.8668805360794067,0.3484955132007599,0.6724184826016426,0.22500517279308668
2026-02-23 22:08:12.396888,28.19,4,"[0.9267878532409668, 0.8456024527549744, 0.82154780626297, 0.7390428185462952]",0.9267878532409668,0.7390428185462952,0.8332452327013016,0.07727407362281828
2026-02-23 22:08:12.429884,27.76,4,"[0.9240916967391968, 0.8477806448936462, 0.8202086091041565, 0.7426947951316833]",0.9240916967391968,0.7426947951316833,0.8336939364671707,0.07490635975308303
2026-02-23 22:08:12.472746,26.11,5,"[0.9358837008476257, 0.8055863976478577, 0.7431373000144958, 0.5899695158004761, 0.3246867060661316]",0.9358837008476257,0.3246867060661316,0.6798527240753174,0.23430089989536418
2026-02-23 22:08:12.504975,26.79,6,"[0.920686662197113, 0.8237510919570923, 0.8070483803749084, 0.48840922117233276, 0.308062344789505, 0.304045706987381]",0.920686662197113,0.304045706987381,0.608667234579722,0.2758955717474262
2026-02-23 22:08:12.523559,29.71,5,"[0.9155845642089844, 0.8232176899909973, 0.7993695735931396, 0.32805585861206055, 0.274894118309021]",0.9155845642089844,0.274894118309021,0.6282243609428406,0.3020067709335072
2026-02-23 22:08:12.558331,29.89,6,"[0.9091579914093018, 0.7910981178283691, 0.7706748843193054, 0.39606973528862, 0.2919524013996124, 0.25639811158180237]",0.9091579914093018,0.25639811158180237,0.5692252069711685,0.2863870376622006
2026-02-23 22:08:12.585160,31.7,6,"[0.9092990159988403, 0.7899695634841919, 0.7629236578941345, 0.4188668131828308, 0.293878436088562, 0.2569909393787384]",0.9092990159988403,0.2569909393787384,0.5719880710045496,0.2820515146493498
2026-02-23 22:08:12.631426,31.59,3,"[0.7501896023750305, 0.7293627858161926, 0.7231183052062988]",0.7501896023750305,0.7231183052062988,0.7342235644658407,0.01417512467000205
2026-02-23 22:08:12.669219,31.4,4,"[0.8228282928466797, 0.7186448574066162, 0.4554862380027771, 0.3018694818019867]",0.8228282928466797,0.3018694818019867,0.5747072175145149,0.23870217439742467
2026-02-23 22:08:12.707638,31.11,4,"[0.8248242139816284, 0.7205384373664856, 0.4870222210884094, 0.27577343583106995]",0.8248242139816284,0.27577343583106995,0.5770395770668983,0.24552906238755062
2026-02-23 22:08:12.759116,29.84,4,"[0.943505585193634, 0.8180804252624512, 0.6519045233726501, 0.32142651081085205]",0.943505585193634,0.32142651081085205,0.6837292611598969,0.2694501009277364
2026-02-23 22:08:12.806079,28.91,4,"[0.9426581263542175, 0.818324863910675, 0.6561487317085266, 0.3268599510192871]",0.9426581263542175,0.3268599510192871,0.6859979182481766,0.2666182892049854
2026-02-23 22:08:12.833780,30.19,4,"[0.9306833148002625, 0.7280190587043762, 0.5893383622169495, 0.35232406854629517]",0.9306833148002625,0.35232406854629517,0.6500912010669708,0.2430095045625407
2026-02-23 22:08:12.870943,29.8,4,"[0.9308093190193176, 0.7201405763626099, 0.579910933971405, 0.35234516859054565]",0.9308093190193176,0.35234516859054565,0.6458014994859695,0.2430459080862833
2026-02-23 22:08:12.899421,27.88,3,"[0.9051318168640137, 0.7958270907402039, 0.7328363060951233]",0.9051318168640137,0.7328363060951233,0.8112650712331136,0.08717903526108099
2026-02-23 22:08:12.926755,28.66,4,"[0.9364050626754761, 0.8329973220825195, 0.7710034251213074, 0.32036304473876953]",0.9364050626754761,0.32036304473876953,0.7151922136545181,0.27191796072577584
2026-02-23 22:08:12.965620,27.52,4,"[0.9343565106391907, 0.8269190788269043, 0.7304562926292419, 0.28982922434806824]",0.9343565106391907,0.28982922434806824,0.6953902766108513,0.2829099264253404
2026-02-23 22:08:12.992953,29.0,4,"[0.8429900407791138, 0.7708543539047241, 0.665981650352478, 0.31743761897087097]",0.8429900407791138,0.31743761897087097,0.6493159160017967,0.23288209408606922
2026-02-23 22:08:13.031950,28.95,4,"[0.8432340025901794, 0.7717365622520447, 0.6664442420005798, 0.310279905796051]",0.8432340025901794,0.310279905796051,0.6479236781597137,0.2365178509100622
2026-02-23 22:08:13.077346,28.55,5,"[0.9298561215400696, 0.81400066614151, 0.7787725925445557, 0.5705364942550659, 0.3161059319972992]",0.9298561215400696,0.3161059319972992,0.6818543612957001,0.24213851592313737
2026-02-23 22:08:13.118395,29.01,4,"[0.9101369976997375, 0.822243332862854, 0.7687829732894897, 0.5113088488578796]",0.9101369976997375,0.5113088488578796,0.7531180381774902,0.17141599910379618
2026-02-23 22:08:13.151474,29.9,4,"[0.9050170183181763, 0.8159359097480774, 0.7996996641159058, 0.46857354044914246]",0.9050170183181763,0.46857354044914246,0.7473065331578255,0.1915025760110545
2026-02-23 22:08:13.178108,30.17,5,"[0.9129762053489685, 0.8762576580047607, 0.7283116579055786, 0.600912868976593, 0.32008758187294006]",0.9129762053489685,0.32008758187294006,0.6877091944217681,0.24011641004746118
2026-02-23 22:08:13.199044,32.09,5,"[0.9068647623062134, 0.8789634108543396, 0.719418466091156, 0.5852981805801392, 0.3251197040081024]",0.9068647623062134,0.3251197040081024,0.6831329047679902,0.23846763843723603
2026-02-23 22:08:13.229431,31.89,5,"[0.9029935598373413, 0.8643667697906494, 0.8108808398246765, 0.561427116394043, 0.29105111956596375]",0.9029935598373413,0.29105111956596375,0.6861438810825348,0.2578754794997584
2026-02-23 22:08:13.266862,30.89,5,"[0.909472644329071, 0.8707512617111206, 0.8120003342628479, 0.5909423828125, 0.2587076723575592]",0.909472644329071,0.2587076723575592,0.6883748590946197,0.2699701926928655
2026-02-23 22:08:13.293092,32.15,4,"[0.8966454863548279, 0.8934674859046936, 0.8097565174102783, 0.35269108414649963]",0.8966454863548279,0.35269108414649963,0.7381401434540749,0.26009639839912335
2026-02-23 22:08:13.314986,33.05,4,"[0.9061498641967773, 0.821730375289917, 0.7579643130302429, 0.5607060790061951]",0.9061498641967773,0.5607060790061951,0.7616376578807831,0.14706223774460966
2026-02-23 22:08:13.360075,32.67,4,"[0.9100934267044067, 0.8209684491157532, 0.7539575695991516, 0.5221239328384399]",0.9100934267044067,0.5221239328384399,0.7517858445644379,0.1659285322287612
2026-02-23 22:08:13.404644,32.7,4,"[0.9418831467628479, 0.815619170665741, 0.7660658955574036, 0.5386180281639099]",0.9418831467628479,0.5386180281639099,0.7655465602874756,0.16842276809738718
2026-02-23 22:08:13.432363,33.96,4,"[0.9419047236442566, 0.813972532749176, 0.7607936859130859, 0.529900848865509]",0.9419047236442566,0.529900848865509,0.7616429477930069,0.17217995910848047
2026-02-23 22:08:13.476869,33.21,4,"[0.9410151243209839, 0.8496217727661133, 0.7653356790542603, 0.4444096088409424]",0.9410151243209839,0.4444096088409424,0.750095546245575,0.21604930689766552
2026-02-23 22:08:13.511873,32.15,6,"[0.9549370408058167, 0.849175214767456, 0.7454251646995544, 0.48722997307777405, 0.4464866816997528, 0.25441235303878784]",0.9549370408058167,0.25441235303878784,0.6229444046815237,0.26898796793943525
2026-02-23 22:08:13.544469,30.63,6,"[0.9524988532066345, 0.8505536317825317, 0.7569737434387207, 0.5007514953613281, 0.48514875769615173, 0.3156861364841461]",0.9524988532066345,0.3156861364841461,0.6436021029949188,0.24663410398651625
2026-02-23 22:08:13.563131,32.53,5,"[0.9264066815376282, 0.7952855825424194, 0.7816146612167358, 0.5976700186729431, 0.5620797872543335]",0.9264066815376282,0.5620797872543335,0.7326113462448121,0.15097697775949354
2026-02-23 22:08:13.613878,31.87,5,"[0.9229536056518555, 0.7993760704994202, 0.7700214385986328, 0.5908048152923584, 0.5624297261238098]",0.9229536056518555,0.5624297261238098,0.7291171312332153,0.15091143717917427
2026-02-23 22:08:13.649775,30.8,6,"[0.9112122654914856, 0.800061047077179, 0.7936092019081116, 0.7242836952209473, 0.6314859986305237, 0.3658955693244934]",0.9112122654914856,0.3658955693244934,0.70442462960879,0.1898302871879489
2026-02-23 22:08:13.682531,29.29,7,"[0.9164783358573914, 0.8042406439781189, 0.7848203182220459, 0.7289068102836609, 0.6362580060958862, 0.3885432481765747, 0.25756168365478516]",0.9164783358573914,0.25756168365478516,0.6452584351812091,0.23860798156481589
2026-02-23 22:08:13.726443,29.38,4,"[0.8189939856529236, 0.794381856918335, 0.7059635519981384, 0.5437664985656738]",0.8189939856529236,0.5437664985656738,0.7157764732837677,0.12452092999798814
2026-02-23 22:08:13.758897,30.15,4,"[0.8616613745689392, 0.7924871444702148, 0.7434951066970825, 0.5041124224662781]",0.8616613745689392,0.5041124224662781,0.7254390120506287,0.15530986867329202
2026-02-23 22:08:13.803038,28.74,4,"[0.8675858974456787, 0.7474328875541687, 0.7389757037162781, 0.43460893630981445]",0.8675858974456787,0.43460893630981445,0.697150856256485,0.1846202982077019
2026-02-23 22:08:13.860915,28.22,4,"[0.853158175945282, 0.8291344046592712, 0.660088300704956, 0.636283814907074]",0.853158175945282,0.636283814907074,0.7446661740541458,0.11225796020841668
2026-02-23 22:08:13.899998,27.99,4,"[0.8567987680435181, 0.8308908939361572, 0.6569712162017822, 0.649674117565155]",0.8567987680435181,0.649674117565155,0.7485837489366531,0.11054550768863167
2026-02-23 22:08:13.948822,26.94,5,"[0.8620304465293884, 0.7370728254318237, 0.7332615852355957, 0.6056004166603088, 0.38164642453193665]",0.8620304465293884,0.38164642453193665,0.6639223396778107,0.18199373994507828
2026-02-23 22:08:13.992698,24.04,4,"[0.814233660697937, 0.7411381006240845, 0.7059998512268066, 0.5982764363288879]",0.814233660697937,0.5982764363288879,0.714912012219429,0.08988118406424803
2026-02-23 22:08:14.022054,25.35,4,"[0.7999570965766907, 0.741173267364502, 0.7207014560699463, 0.6243467330932617]",0.7999570965766907,0.6243467330932617,0.7215446382761002,0.07298844754433569
2026-02-23 22:08:14.058728,25.32,4,"[0.8039656281471252, 0.7553573846817017, 0.6756235361099243, 0.5466927886009216]",0.8039656281471252,0.5466927886009216,0.6954098343849182,0.11237782469875833
2026-02-23 22:08:14.098711,24.78,4,"[0.8100757598876953, 0.7535015940666199, 0.6554803252220154, 0.5441896915435791]",0.8100757598876953,0.5441896915435791,0.6908118426799774,0.11676223448586381
2026-02-23 22:08:14.138653,25.0,5,"[0.7794223427772522, 0.6618547439575195, 0.5646774172782898, 0.37048956751823425, 0.3303517997264862]",0.7794223427772522,0.3303517997264862,0.5413591742515564,0.1906944739591814
2026-02-23 22:08:14.169842,25.22,5,"[0.7821413278579712, 0.6165501475334167, 0.48330000042915344, 0.3738037049770355, 0.35699462890625]",0.7821413278579712,0.35699462890625,0.5225579619407654,0.17839442856053958
2026-02-23 22:08:14.195536,26.79,6,"[0.8418947458267212, 0.7608063220977783, 0.7606296539306641, 0.7415791749954224, 0.447262704372406, 0.2513256371021271]",0.8418947458267212,0.2513256371021271,0.6339163730541865,0.23161125208004119
2026-02-23 22:08:14.241765,27.22,6,"[0.8850182890892029, 0.7750910520553589, 0.694679856300354, 0.6750862002372742, 0.6510617733001709, 0.36566635966300964]",0.8850182890892029,0.36566635966300964,0.6744339217742285,0.17365000529934274
2026-02-23 22:08:14.274980,27.62,6,"[0.9049570560455322, 0.772099494934082, 0.7388098835945129, 0.7271111607551575, 0.7098228335380554, 0.4180513322353363]",0.9049570560455322,0.4180513322353363,0.7118086268504461,0.16012609493717092
2026-02-23 22:08:14.332594,27.34,6,"[0.8325698971748352, 0.7428485751152039, 0.6171523928642273, 0.5007925033569336, 0.43994706869125366, 0.3622065782546997]",0.8325698971748352,0.3622065782546997,0.5825861692428589,0.18164471238741892
2026-02-23 22:08:14.380150,27.12,6,"[0.8329827189445496, 0.7380602359771729, 0.6202979683876038, 0.4750485122203827, 0.43967685103416443, 0.3499320149421692]",0.8329827189445496,0.3499320149421692,0.5759997169176737,0.186626839238565
2026-02-23 22:08:14.421569,26.26,5,"[0.7614777088165283, 0.6344652771949768, 0.5413718819618225, 0.491376131772995, 0.33435994386672974]",0.7614777088165283,0.33435994386672974,0.5526101887226105,0.15955796369032502
2026-02-23 22:08:14.466627,25.74,4,"[0.9173853397369385, 0.7807874083518982, 0.3266635537147522, 0.32267042994499207]",0.9173853397369385,0.32267042994499207,0.5868766829371452,0.3078707295767401
2026-02-23 22:08:14.512480,25.42,4,"[0.9138805270195007, 0.8085724115371704, 0.4129159450531006, 0.3135000169277191]",0.9138805270195007,0.3135000169277191,0.6122172251343727,0.29354674678963044
2026-02-23 22:08:14.545216,25.91,7,"[0.9483614563941956, 0.6098135113716125, 0.5972631573677063, 0.479343980550766, 0.39851823449134827, 0.3888149559497833, 0.2579278349876404]",0.9483614563941956,0.2579278349876404,0.5257204473018646,0.22345864708390917
2026-02-23 22:08:14.575120,26.03,7,"[0.9519737362861633, 0.6229002475738525, 0.6081511974334717, 0.47340521216392517, 0.4188046157360077, 0.3942749500274658, 0.265798956155777]",0.9519737362861633,0.265798956155777,0.5336155593395233,0.22229831988409965
2026-02-23 22:08:14.601563,26.07,4,"[0.8289749622344971, 0.790009617805481, 0.7228129506111145, 0.4208192229270935]",0.8289749622344971,0.4208192229270935,0.6906541883945465,0.185156899597105
2026-02-23 22:08:14.630541,27.33,4,"[0.8144606947898865, 0.7964752316474915, 0.7270104885101318, 0.4366891384124756]",0.8144606947898865,0.4366891384124756,0.6936588883399963,0.17541385207978163
2026-02-23 22:08:14.671177,26.76,4,"[0.8542516231536865, 0.7585427165031433, 0.6490146517753601, 0.46207094192504883]",0.8542516231536865,0.46207094192504883,0.6809699833393097,0.16830724798684002
2026-02-23 22:08:14.699075,28.6,4,"[0.5850509405136108, 0.5769835710525513, 0.5369512438774109, 0.5220915079116821]",0.5850509405136108,0.5220915079116821,0.5552693158388138,0.03052197430808707
2026-02-23 22:08:14.734605,29.34,5,"[0.5689271688461304, 0.47073325514793396, 0.44464629888534546, 0.4228665232658386, 0.33178457617759705]",0.5689271688461304,0.33178457617759705,0.4477915644645691,0.08557004079412556
2026-02-23 22:08:14.764296,30.26,3,"[0.4825546145439148, 0.34426969289779663, 0.29805663228034973]",0.4825546145439148,0.29805663228034973,0.37496031324068707,0.09600162497377465
2026-02-23 22:08:14.795782,31.31,3,"[0.4640698730945587, 0.3625049293041229, 0.2728290557861328]",0.4640698730945587,0.2728290557861328,0.3664679527282715,0.09568198219724519
2026-02-23 22:08:14.828675,32.1,4,"[0.7741331458091736, 0.4181104600429535, 0.3969026803970337, 0.2948111891746521]",0.7741331458091736,0.2948111891746521,0.4709893688559532,0.2091410344762143
2026-02-23 22:08:14.857315,32.58,5,"[0.8232540488243103, 0.5429340600967407, 0.42987316846847534, 0.394838809967041, 0.32425275444984436]",0.8232540488243103,0.32425275444984436,0.5030305683612823,0.1956746883113678
2026-02-23 22:08:14.892686,32.12,5,"[0.8178086280822754, 0.5518314838409424, 0.42496514320373535, 0.34295886754989624, 0.33960023522377014]",0.8178086280822754,0.33960023522377014,0.4954328715801239,0.19975282541593156
2026-02-23 22:08:14.920303,31.76,5,"[0.7343047261238098, 0.6218764185905457, 0.6005643010139465, 0.5807045698165894, 0.3579084575176239]",0.7343047261238098,0.3579084575176239,0.5790716946125031,0.13721089089488486
2026-02-23 22:08:14.945473,32.42,5,"[0.7452490329742432, 0.6223270893096924, 0.5982505083084106, 0.5909067392349243, 0.36372146010398865]",0.7452490329742432,0.36372146010398865,0.5840909659862519,0.13806120944046377
2026-02-23 22:08:14.967906,34.31,5,"[0.8461332321166992, 0.6744151711463928, 0.6260424852371216, 0.5773789882659912, 0.3554217517375946]",0.8461332321166992,0.3554217517375946,0.6158783257007598,0.17738871176456344
2026-02-23 22:08:14.996401,34.22,5,"[0.8414592146873474, 0.6822872757911682, 0.6412385106086731, 0.5732153654098511, 0.34926435351371765]",0.8414592146873474,0.34926435351371765,0.6174929440021515,0.1794645706619371
2026-02-23 22:08:15.032012,34.23,5,"[0.9343259334564209, 0.8377323150634766, 0.7807601690292358, 0.7668908834457397, 0.3754222095012665]",0.9343259334564209,0.3754222095012665,0.7390263020992279,0.21366498876751475
2026-02-23 22:08:15.059881,34.44,6,"[0.950526773929596, 0.8595212697982788, 0.7788618206977844, 0.7239459156990051, 0.3254696726799011, 0.29552406072616577]",0.950526773929596,0.29552406072616577,0.6556415855884552,0.2782340854659516
2026-02-23 22:08:15.088981,34.61,6,"[0.9527527689933777, 0.8821095824241638, 0.7734087705612183, 0.7397697567939758, 0.30610695481300354, 0.29112040996551514]",0.9527527689933777,0.29112040996551514,0.6575447072585424,0.28828384703210863
2026-02-23 22:08:15.134876,33.84,5,"[0.9650094509124756, 0.7427467703819275, 0.41846993565559387, 0.4103271961212158, 0.2681136429309845]",0.9650094509124756,0.2681136429309845,0.5609333992004395,0.2850679892676493
2026-02-23 22:08:15.174932,32.82,5,"[0.9644759893417358, 0.7443697452545166, 0.4831547439098358, 0.4666122794151306, 0.2757140100002289]",0.9644759893417358,0.2757140100002289,0.5868653535842896,0.2689931582089484
2026-02-23 22:08:15.198737,34.14,4,"[0.8597882390022278, 0.6601300835609436, 0.6537279486656189, 0.5785458087921143]",0.8597882390022278,0.5785458087921143,0.6880480200052261,0.1203366327623773
2026-02-23 22:08:15.245485,32.78,4,"[0.8574141263961792, 0.6768777370452881, 0.6279847025871277, 0.6177943348884583]",0.8574141263961792,0.6177943348884583,0.6950177252292633,0.11129319898890205
2026-02-23 22:08:15.271053,32.58,5,"[0.8167303204536438, 0.41618984937667847, 0.4086933732032776, 0.3827374279499054, 0.3686691224575043]",0.8167303204536438,0.3686691224575043,0.4786040186882019,0.18999243896638313
2026-02-23 22:08:15.302222,31.45,3,"[0.7786152958869934, 0.7396724224090576, 0.38889268040657043]",0.7786152958869934,0.38889268040657043,0.6357267995675405,0.21464959500348144
2026-02-23 22:08:15.344599,30.32,3,"[0.7371551990509033, 0.7234187722206116, 0.35556966066360474]",0.7371551990509033,0.35556966066360474,0.6053812106450399,0.21645214305617602
2026-02-23 22:08:15.390625,29.69,2,"[0.9278664588928223, 0.6972265243530273]",0.9278664588928223,0.6972265243530273,0.8125464916229248,0.1630870617255104
2026-02-23 22:08:15.434520,28.36,2,"[0.9312575459480286, 0.6913056969642639]",0.9312575459480286,0.6913056969642639,0.8112816214561462,0.16967157957467036
2026-02-23 22:08:15.477527,27.24,3,"[0.6867552399635315, 0.5064622163772583, 0.4241052269935608]",0.6867552399635315,0.4241052269935608,0.5391075611114502,0.13433371217937856
2026-02-23 22:08:15.526298,27.11,3,"[0.7221547961235046, 0.5186675786972046, 0.2948748469352722]",0.7221547961235046,0.2948748469352722,0.5118990739186605,0.2137203739405242
2026-02-23 22:08:15.583587,26.36,3,"[0.7340377569198608, 0.5933842658996582, 0.3045070171356201]",0.7340377569198608,0.3045070171356201,0.543976346651713,0.21898634881701617
2026-02-23 22:08:15.606851,26.48,2,"[0.8358397483825684, 0.7082143425941467]",0.8358397483825684,0.7082143425941467,0.7720270454883575,0.0902447898846778
2026-02-23 22:08:15.625720,29.59,2,"[0.8385122418403625, 0.7055677771568298]",0.8385122418403625,0.7055677771568298,0.7720400094985962,0.09400593249894146
2026-02-23 22:08:15.660350,28.63,3,"[0.7692246437072754, 0.4144953787326813, 0.2967665195465088]",0.7692246437072754,0.2967665195465088,0.49349551399548847,0.24593685327749068
2026-02-23 22:08:15.690113,28.76,3,"[0.7815260887145996, 0.4470349848270416, 0.29785850644111633]",0.7815260887145996,0.29785850644111633,0.5088065266609192,0.2476799852046387
2026-02-23 22:08:15.729456,28.95,3,"[0.5589409470558167, 0.31368663907051086, 0.25582176446914673]",0.5589409470558167,0.25582176446914673,0.37614978353182477,0.16092402873716208
2026-02-23 22:08:15.778516,28.8,2,"[0.7788764238357544, 0.2532631754875183]",0.7788764238357544,0.2532631754875183,0.5160697996616364,0.37166469218852666
2026-02-23 22:08:15.828540,28.55,1,[0.830214262008667],0.830214262008667,0.830214262008667,0.830214262008667,
2026-02-23 22:08:15.863393,29.07,3,"[0.5751211047172546, 0.5507841110229492, 0.3055896759033203]",0.5751211047172546,0.3055896759033203,0.47716496388117474,0.14908598827197653
2026-02-23 22:08:15.900992,29.67,3,"[0.5773950815200806, 0.5436141490936279, 0.3158777356147766]",0.5773950815200806,0.3158777356147766,0.4789623220761617,0.1422417822050219
2026-02-23 22:08:15.926064,31.91,3,"[0.5203080177307129, 0.42870983481407166, 0.2668518126010895]",0.5203080177307129,0.2668518126010895,0.405289888381958,0.12834088357900508
2026-02-23 22:08:15.964181,30.22,1,[0.3744758665561676],0.3744758665561676,0.3744758665561676,0.3744758665561676,
2026-02-23 22:08:15.983605,30.06,1,[0.39180445671081543],0.39180445671081543,0.39180445671081543,0.39180445671081543,
2026-02-23 22:08:15.999579,33.41,1,[0.33754783868789673],0.33754783868789673,0.33754783868789673,0.33754783868789673,
2026-02-23 22:08:16.039284,32.61,1,[0.38097548484802246],0.38097548484802246,0.38097548484802246,0.38097548484802246,
2026-02-23 22:08:16.064104,34.07,0,[],0.0,0.0,0.0,0.0
2026-02-23 22:08:16.095202,35.24,0,[],0.0,0.0,0.0,0.0
2026-02-23 22:08:16.125607,36.52,3,"[0.5144650936126709, 0.3054704964160919, 0.26166656613349915]",0.5144650936126709,0.26166656613349915,0.36053405205408734,0.13509541163020064
2026-02-23 22:08:16.171844,35.86,2,"[0.5194622874259949, 0.32180988788604736]",0.5194622874259949,0.32180988788604736,0.4206360876560211,0.13976135203248974
2026-02-23 22:08:16.218263,35.36,1,[0.49010616540908813],0.49010616540908813,0.49010616540908813,0.49010616540908813,
2026-02-23 22:08:16.238381,36.31,3,"[0.5831261873245239, 0.3504428565502167, 0.28718703985214233]",0.5831261873245239,0.28718703985214233,0.4069186945756276,0.1558433025900515
2026-02-23 22:08:16.277844,36.24,3,"[0.6042283177375793, 0.34130972623825073, 0.2871634066104889]",0.6042283177375793,0.2871634066104889,0.410900483528773,0.16960157603102846
2026-02-23 22:08:16.302221,35.19,3,"[0.6894914507865906, 0.5904208421707153, 0.45702147483825684]",0.6894914507865906,0.45702147483825684,0.5789779225985209,0.11665666605730896
2026-02-23 22:08:16.348297,31.12,3,"[0.6608970761299133, 0.6015642881393433, 0.4286251366138458]",0.6608970761299133,0.4286251366138458,0.5636955002943674,0.12067765862525992
2026-02-23 22:08:16.381450,31.6,2,"[0.49249106645584106, 0.2572731077671051]",0.49249106645584106,0.2572731077671051,0.3748820871114731,0.16632421364566238
2026-02-23 22:08:16.424722,29.87,1,[0.48302799463272095],0.48302799463272095,0.48302799463272095,0.48302799463272095,
2026-02-23 22:08:16.463651,29.23,3,"[0.4062671661376953, 0.38441744446754456, 0.25098323822021484]",0.4062671661376953,0.25098323822021484,0.34722261627515155,0.08405870567981964
2026-02-23 22:08:16.491095,29.6,3,"[0.4123905599117279, 0.34351474046707153, 0.26400521397590637]",0.4123905599117279,0.26400521397590637,0.3399701714515686,0.0742561492352829
2026-02-23 22:08:16.514167,31.71,1,[0.43995437026023865],0.43995437026023865,0.43995437026023865,0.43995437026023865,
2026-02-23 22:08:16.539013,33.64,0,[],0.0,0.0,0.0,0.0
2026-02-23 22:08:16.582169,31.03,0,[],0.0,0.0,0.0,0.0
2026-02-23 22:08:16.615721,31.42,1,[0.33024102449417114],0.33024102449417114,0.33024102449417114,0.33024102449417114,
2026-02-23 22:08:16.631888,33.56,2,"[0.26799312233924866, 0.2564179301261902]",0.26799312233924866,0.2564179301261902,0.2622055262327194,0.008184896907391366
2026-02-23 22:08:16.661923,34.69,1,[0.47867998480796814],0.47867998480796814,0.47867998480796814,0.47867998480796814,
2026-02-23 22:08:16.677836,37.95,1,[0.45754310488700867],0.45754310488700867,0.45754310488700867,0.45754310488700867,
2026-02-23 22:08:16.693495,42.05,1,[0.2769961953163147],0.2769961953163147,0.2769961953163147,0.2769961953163147,
2026-02-23 22:08:16.723780,42.78,1,[0.2752014398574829],0.2752014398574829,0.2752014398574829,0.2752014398574829,
2026-02-23 22:08:16.739617,45.44,1,[0.30545610189437866],0.30545610189437866,0.30545610189437866,0.30545610189437866,
2026-02-23 22:08:16.755626,47.43,1,[0.319353312253952],0.319353312253952,0.319353312253952,0.319353312253952,
2026-02-23 22:08:16.771793,49.52,1,[0.34868866205215454],0.34868866205215454,0.34868866205215454,0.34868866205215454,
2026-02-23 22:08:16.807630,49.98,1,[0.34403184056282043],0.34403184056282043,0.34403184056282043,0.34403184056282043,
2026-02-23 22:08:16.838294,50.31,1,[0.4239593744277954],0.4239593744277954,0.4239593744277954,0.4239593744277954,
2026-02-23 22:08:16.876137,46.76,1,[0.3839162290096283],0.3839162290096283,0.3839162290096283,0.3839162290096283,
2026-02-23 22:08:16.905558,46.83,1,[0.37699979543685913],0.37699979543685913,0.37699979543685913,0.37699979543685913,
2026-02-23 22:08:16.943560,43.18,1,[0.3919878900051117],0.3919878900051117,0.3919878900051117,0.3919878900051117,
2026-02-23 22:08:16.984814,39.21,1,[0.42893245816230774],0.42893245816230774,0.42893245816230774,0.42893245816230774,
2026-02-23 22:08:17.014626,39.29,2,"[0.44960907101631165, 0.26713401079177856]",0.44960907101631165,0.26713401079177856,0.3583715409040451,0.129029352482191
2026-02-23 22:08:17.046367,36.12,2,"[0.42285066843032837, 0.2500104606151581]",0.42285066843032837,0.2500104606151581,0.3364305645227432,0.12221648300779901
2026-02-23 22:08:17.073221,33.55,1,[0.6049121022224426],0.6049121022224426,0.6049121022224426,0.6049121022224426,
2026-02-23 22:08:17.107708,30.27,2,"[0.6250694394111633, 0.2524414658546448]",0.6250694394111633,0.2524414658546448,0.43875545263290405,0.2634877669616158
2026-02-23 22:08:17.139702,30.61,4,"[0.40191105008125305, 0.3433402180671692, 0.3238234519958496, 0.2732953131198883]",0.40191105008125305,0.2732953131198883,0.33559250831604004,0.053158966644795025
2026-02-23 22:08:17.165851,31.17,4,"[0.4242587089538574, 0.3498574197292328, 0.3311438262462616, 0.27350807189941406]",0.4242587089538574,0.27350807189941406,0.34469200670719147,0.06220462835571454
2026-02-23 22:08:17.206660,30.97,3,"[0.31928738951683044, 0.2848418653011322, 0.2623015344142914]",0.31928738951683044,0.2623015344142914,0.28881026307741803,0.02869944348110285
2026-02-23 22:08:17.228711,32.07,3,"[0.3061302602291107, 0.2934572696685791, 0.28321805596351624]",0.3061302602291107,0.28321805596351624,0.29426852862040204,0.011477625272340359
2026-02-23 22:08:17.270950,31.82,5,"[0.8448980450630188, 0.6594760417938232, 0.3416082561016083, 0.3237871527671814, 0.2861614525318146]",0.8448980450630188,0.2861614525318146,0.49118618965148925,0.2479237229364072
2026-02-23 22:08:17.296952,33.26,5,"[0.861899733543396, 0.6426740884780884, 0.3331480324268341, 0.3191872835159302, 0.2974344789981842]",0.861899733543396,0.2974344789981842,0.49086872339248655,0.25123495946202545
2026-02-23 22:08:17.325296,33.37,3,"[0.9226738214492798, 0.5177468657493591, 0.41307756304740906]",0.9226738214492798,0.41307756304740906,0.617832750082016,0.26913746455349546
2026-02-23 22:08:17.375017,32.24,3,"[0.9264719486236572, 0.5090972781181335, 0.41704192757606506]",0.9264719486236572,0.41704192757606506,0.6175370514392853,0.2714758274959202
2026-02-23 22:08:17.402819,32.12,4,"[0.8890858888626099, 0.5896762609481812, 0.46019935607910156, 0.3909173905849457]",0.8890858888626099,0.3909173905849457,0.5824697241187096,0.2203843204027188
2026-02-23 22:08:17.435892,32.24,4,"[0.8846895098686218, 0.6036370992660522, 0.4649661183357239, 0.38433635234832764]",0.8846895098686218,0.38433635234832764,0.5844072699546814,0.21972237840434683
2026-02-23 22:08:17.473524,31.78,3,"[0.9382214546203613, 0.6574059128761292, 0.6007461547851562]",0.9382214546203613,0.6007461547851562,0.7321245074272156,0.18071952240552935
2026-02-23 22:08:17.497620,32.12,3,"[0.9209452271461487, 0.6521700024604797, 0.5946524143218994]",0.9209452271461487,0.5946524143218994,0.7225892146428426,0.1741720385379887
2026-02-23 22:08:17.539338,32.04,5,"[0.8914907574653625, 0.6766912937164307, 0.5416579842567444, 0.37057924270629883, 0.27257710695266724]",0.8914907574653625,0.27257710695266724,0.5505992770195007,0.24591140916717205
2026-02-23 22:08:17.591681,29.47,5,"[0.9106400012969971, 0.7380844950675964, 0.5549653768539429, 0.5542817711830139, 0.3089101016521454]",0.9106400012969971,0.3089101016521454,0.6133763492107391,0.22556679013158565
2026-02-23 22:08:17.636275,29.33,5,"[0.9101860523223877, 0.7274232506752014, 0.5674083232879639, 0.4963127076625824, 0.33195459842681885]",0.9101860523223877,0.33195459842681885,0.6066569864749909,0.22129849966224133
2026-02-23 22:08:17.674441,28.09,3,"[0.8876222372055054, 0.6341608166694641, 0.511438250541687]",0.8876222372055054,0.511438250541687,0.6777404348055521,0.19184104173308797
2026-02-23 22:08:17.700785,28.36,4,"[0.8871724009513855, 0.6379240155220032, 0.5102226734161377, 0.26337119936943054]",0.8871724009513855,0.26337119936943054,0.5746725723147392,0.25994821422186454
2026-02-23 22:08:17.739821,28.92,4,"[0.8933882117271423, 0.7404043078422546, 0.7070790529251099, 0.7021409273147583]",0.8933882117271423,0.7021409273147583,0.7607531249523163,0.09004153915726948
2026-02-23 22:08:17.791653,27.28,6,"[0.8907995820045471, 0.7288973927497864, 0.6477033495903015, 0.35718947649002075, 0.32824066281318665, 0.2712637484073639]",0.8907995820045471,0.2712637484073639,0.5373490353425344,0.2532908584475025
2026-02-23 22:08:17.839437,26.35,6,"[0.8950084447860718, 0.7367305159568787, 0.6231617331504822, 0.4183523952960968, 0.3342894911766052, 0.3111686110496521]",0.8950084447860718,0.3111686110496521,0.5531185319026312,0.23668373332466996
2026-02-23 22:08:17.888857,25.7,6,"[0.8959620594978333, 0.8412267565727234, 0.678148627281189, 0.5080245137214661, 0.4536687433719635, 0.4242508113384247]",0.8959620594978333,0.4242508113384247,0.6335469186306,0.20292798045355678
2026-02-23 22:08:17.925343,24.29,6,"[0.8961822986602783, 0.8446263670921326, 0.6786059737205505, 0.5071096420288086, 0.44331610202789307, 0.36686813831329346]",0.8961822986602783,0.36686813831329346,0.6227847536404928,0.2182470939332062
2026-02-23 22:08:17.958309,24.92,7,"[0.8839146494865417, 0.7269309759140015, 0.6481943130493164, 0.5200304985046387, 0.4547937512397766, 0.41450393199920654, 0.28368523716926575]",0.8839146494865417,0.28368523716926575,0.5617219081946782,0.20442154270889065
2026-02-23 22:08:17.981225,27.38,7,"[0.8839025497436523, 0.7318640947341919, 0.6478656530380249, 0.5406723022460938, 0.4508497714996338, 0.4416993260383606, 0.2763124108314514]",0.8839025497436523,0.2763124108314514,0.5675951583044869,0.20352220466718096
2026-02-23 22:08:18.017016,27.93,7,"[0.8943019509315491, 0.7947170734405518, 0.6268537044525146, 0.5554870367050171, 0.5514272451400757, 0.46143126487731934, 0.32349154353141785]",0.8943019509315491,0.32349154353141785,0.6011014027254922,0.19375239529984584
2026-02-23 22:08:18.043545,29.12,7,"[0.8972383737564087, 0.8123939037322998, 0.6249216198921204, 0.6218937635421753, 0.6014625430107117, 0.4384862184524536, 0.31363075971603394]",0.8972383737564087,0.31363075971603394,0.6157181688717434,0.20038671022549792
2026-02-23 22:08:18.083423,27.85,7,"[0.8971510529518127, 0.7984081506729126, 0.6342294812202454, 0.626933753490448, 0.6156771779060364, 0.4611544609069824, 0.328879177570343]",0.8971510529518127,0.328879177570343,0.6232047506741115,0.19097240716773525
2026-02-23 22:08:18.116885,28.28,6,"[0.9064770936965942, 0.8291845321655273, 0.7428033947944641, 0.6603700518608093, 0.5161505341529846, 0.29384753108024597]",0.9064770936965942,0.29384753108024597,0.6581388562917709,0.22404036196816976
2026-02-23 22:08:18.164830,28.43,6,"[0.9058108925819397, 0.8279829025268555, 0.7404004335403442, 0.6595996022224426, 0.5077308416366577, 0.2881897985935211]",0.9058108925819397,0.2881897985935211,0.6549524118502935,0.22644270536582325
2026-02-23 22:08:18.215594,28.3,7,"[0.8934696912765503, 0.7951359748840332, 0.6788914203643799, 0.5337772369384766, 0.48287251591682434, 0.46204468607902527, 0.2723905146121979]",0.8934696912765503,0.2723905146121979,0.5883688628673553,0.21367550420059417
2026-02-23 22:08:18.247588,29.41,9,"[0.9031451344490051, 0.8779550194740295, 0.6832560896873474, 0.5365967750549316, 0.3576120138168335, 0.32984018325805664, 0.31922250986099243, 0.2735215127468109, 0.2516902685165405]",0.9031451344490051,0.2516902685165405,0.5036488340960609,0.2586111268238672
2026-02-23 22:08:18.276704,30.14,9,"[0.9039527177810669, 0.871010959148407, 0.6838987469673157, 0.5367672443389893, 0.35728538036346436, 0.32177191972732544, 0.3183928430080414, 0.2715587019920349, 0.2544807493686676]",0.9039527177810669,0.2544807493686676,0.5021243625217013,0.25824791696903654
2026-02-23 22:08:18.316758,29.63,4,"[0.9073338508605957, 0.8230889439582825, 0.6207408308982849, 0.5701256990432739]",0.9073338508605957,0.5701256990432739,0.7303223311901093,0.16084131796891285
2026-02-23 22:08:18.355657,27.79,4,"[0.9086304306983948, 0.8223826885223389, 0.6257155537605286, 0.5686749815940857]",0.9086304306983948,0.5686749815940857,0.731350913643837,0.1605585036993877
2026-02-23 22:08:18.380288,29.07,6,"[0.9001396894454956, 0.8097827434539795, 0.6178020238876343, 0.5272159576416016, 0.2968214154243469, 0.27666038274765015]",0.9001396894454956,0.27666038274765015,0.571403702100118,0.2573970995239696
2026-02-23 22:08:18.401926,29.9,6,"[0.8992285132408142, 0.8108336329460144, 0.60466068983078, 0.5315007567405701, 0.31142258644104004, 0.2758052349090576]",0.8992285132408142,0.2758052349090576,0.5722419023513794,0.2539521567904728
2026-02-23 22:08:18.442322,29.89,4,"[0.8906572461128235, 0.8315963745117188, 0.7240080833435059, 0.5739597082138062]",0.8906572461128235,0.5739597082138062,0.7550553530454636,0.1390515095249351
2026-02-23 22:08:18.494330,28.81,7,"[0.9074251055717468, 0.7733579874038696, 0.7194554209709167, 0.6077154874801636, 0.3922499716281891, 0.3209952414035797, 0.27186837792396545]",0.9074251055717468,0.27186837792396545,0.5704382274832044,0.24544147840600639
2026-02-23 22:08:18.525091,29.94,8,"[0.9041767120361328, 0.7663201093673706, 0.7195714712142944, 0.6070855259895325, 0.3527487516403198, 0.3483227491378784, 0.33510705828666687, 0.30364730954170227]",0.9041767120361328,0.30364730954170227,0.5421224609017372,0.23610007630051671
2026-02-23 22:08:18.550995,31.83,4,"[0.9001243710517883, 0.8314951658248901, 0.7080576419830322, 0.6777923107147217]",0.9001243710517883,0.6777923107147217,0.7793673723936081,0.10440646592244618
2026-02-23 22:08:18.571838,33.51,4,"[0.9003592133522034, 0.8327340483665466, 0.7110430598258972, 0.6827398538589478]",0.9003592133522034,0.6827398538589478,0.7817190438508987,0.10242069334269462
2026-02-23 22:08:18.606625,32.93,5,"[0.8952355980873108, 0.828865647315979, 0.7560936212539673, 0.6829304695129395, 0.2574836313724518]",0.8952355980873108,0.2574836313724518,0.6841217935085296,0.2513569704282595
2026-02-23 22:08:18.655172,32.49,5,"[0.8956751823425293, 0.8290731906890869, 0.7589003443717957, 0.6846327185630798, 0.25269782543182373]",0.8956751823425293,0.25269782543182373,0.6841958522796631,0.2537146277774053
2026-02-23 22:08:18.694137,32.49,5,"[0.887947678565979, 0.8498660326004028, 0.7373166680335999, 0.6799567937850952, 0.6493923664093018]",0.887947678565979,0.6493923664093018,0.7608959078788757,0.10440066574250907
2026-02-23 22:08:18.732554,31.02,6,"[0.8942828178405762, 0.859052300453186, 0.8262231945991516, 0.7799700498580933, 0.6935607194900513, 0.46703290939331055]",0.8942828178405762,0.46703290939331055,0.7533536652723948,0.15659271973363578
2026-02-23 22:08:18.761074,29.89,6,"[0.8932526707649231, 0.8562003374099731, 0.817428469657898, 0.7755873799324036, 0.6845818758010864, 0.42354023456573486]",0.8932526707649231,0.42354023456573486,0.7417651613553365,0.17172640210262652
2026-02-23 22:08:18.798508,30.08,6,"[0.8838313817977905, 0.872362494468689, 0.8679705262184143, 0.7348272204399109, 0.712376594543457, 0.35597994923591614]",0.8838313817977905,0.35597994923591614,0.737891361117363,0.20140421213622745
2026-02-23 22:08:18.827039,31.69,6,"[0.8832325339317322, 0.8719831705093384, 0.8669342398643494, 0.7320482134819031, 0.709993839263916, 0.3425041139125824]",0.8832325339317322,0.3425041139125824,0.7344493518273035,0.2063148754698459
2026-02-23 22:08:18.863682,31.19,7,"[0.9040924310684204, 0.8863893747329712, 0.8541011214256287, 0.6946415901184082, 0.6473254561424255, 0.4658105969429016, 0.4152947664260864]",0.9040924310684204,0.4152947664260864,0.6953793338366917,0.19945654824319195
2026-02-23 22:08:18.882613,32.59,6,"[0.9016808867454529, 0.8922524452209473, 0.822591245174408, 0.7812364101409912, 0.6347429752349854, 0.33557257056236267]",0.9016808867454529,0.33557257056236267,0.7280127555131912,0.21523089660963066
2026-02-23 22:08:18.923786,30.23,6,"[0.8982111811637878, 0.8906558156013489, 0.8175022602081299, 0.7856178879737854, 0.6416105628013611, 0.3493514955043793]",0.8982111811637878,0.3493514955043793,0.7304915338754654,0.20859521303663103
2026-02-23 22:08:18.945809,31.83,6,"[0.8903160691261292, 0.8841676712036133, 0.8396482467651367, 0.7379477024078369, 0.7158596515655518, 0.31429794430732727]",0.8903160691261292,0.31429794430732727,0.7303728808959326,0.21659276588871448
2026-02-23 22:08:18.988096,32.12,6,"[0.8899140357971191, 0.8863682746887207, 0.8374105095863342, 0.7251008749008179, 0.7166589498519897, 0.26391610503196716]",0.8899140357971191,0.26391610503196716,0.7198947916428248,0.23595933739623673
2026-02-23 22:08:19.009250,34.3,8,"[0.89263916015625, 0.8827940821647644, 0.8444303870201111, 0.7453965544700623, 0.6928679347038269, 0.2870422303676605, 0.278879314661026, 0.26808351278305054]",0.89263916015625,0.26808351278305054,0.611516647040844,0.28417538491744376
2026-02-23 22:08:19.039126,35.05,7,"[0.8925813436508179, 0.8846760392189026, 0.8425619006156921, 0.7444086074829102, 0.6816802024841309, 0.2946815490722656, 0.26738500595092773]",0.8925813436508179,0.26738500595092773,0.6582820926393781,0.2686635260778121
2026-02-23 22:08:19.076607,34.22,7,"[0.9213627576828003, 0.9000245928764343, 0.8515332937240601, 0.6603499054908752, 0.530125081539154, 0.38390469551086426, 0.3766811192035675]",0.9213627576828003,0.3766811192035675,0.6605687780039651,0.23663292831960728
2026-02-23 22:08:19.116983,34.04,7,"[0.8979940414428711, 0.8897026777267456, 0.8743841648101807, 0.7438538670539856, 0.6430261731147766, 0.34362494945526123, 0.3160869777202606]",0.8979940414428711,0.3160869777202606,0.6726675501891545,0.25163820177778756
2026-02-23 22:08:19.141689,34.48,8,"[0.9097254276275635, 0.8886928558349609, 0.8734340071678162, 0.7414409518241882, 0.6527238488197327, 0.33411717414855957, 0.32948967814445496, 0.3076699376106262]",0.9097254276275635,0.3076699376106262,0.6296617351472378,0.2670240056962574
2026-02-23 22:08:19.164202,36.24,7,"[0.8978967666625977, 0.8977392911911011, 0.8628429770469666, 0.6876431107521057, 0.6210182905197144, 0.2748234272003174, 0.25547370314598083]",0.8978967666625977,0.25547370314598083,0.6424910809312548,0.2788071053910883
2026-02-23 22:08:19.197887,33.95,7,"[0.8994870185852051, 0.8971472978591919, 0.8617033362388611, 0.6894775629043579, 0.6232752203941345, 0.2836228609085083, 0.25765907764434814]",0.8994870185852051,0.25765907764434814,0.6446246249335152,0.27639883576640983
2026-02-23 22:08:19.224529,35.26,7,"[0.9079923629760742, 0.9078347086906433, 0.8469834327697754, 0.7290626764297485, 0.6902449727058411, 0.40628373622894287, 0.35289448499679565]",0.9079923629760742,0.35289448499679565,0.6916137678282601,0.22922303488794976
2026-02-23 22:08:19.269214,33.01,7,"[0.9093047976493835, 0.9078125953674316, 0.8339102268218994, 0.7158746123313904, 0.647362470626831, 0.4581843614578247, 0.40064290165901184]",0.9093047976493835,0.40064290165901184,0.6961559951305389,0.20653299798164373
2026-02-23 22:08:19.297336,34.18,7,"[0.9084485769271851, 0.9068801403045654, 0.8296598792076111, 0.7135776281356812, 0.643774688243866, 0.4630529582500458, 0.4088420569896698]",0.9084485769271851,0.4088420569896698,0.6963194182940892,0.20298996084355456
2026-02-23 22:08:19.317393,34.42,8,"[0.907517671585083, 0.9030037522315979, 0.8400017619132996, 0.7507696151733398, 0.6692609786987305, 0.4292854070663452, 0.41338351368904114, 0.2837139368057251]",0.907517671585083,0.2837139368057251,0.6496170796453953,0.24372672641682536
2026-02-23 22:08:19.353381,33.86,8,"[0.9074566960334778, 0.902098536491394, 0.8399671912193298, 0.74781334400177, 0.6637068390846252, 0.42849797010421753, 0.4279322028160095, 0.2947412133216858]",0.9074566960334778,0.2947412133216858,0.6515267491340637,0.23911978393347497
2026-02-23 22:08:19.388558,34.02,8,"[0.9064816832542419, 0.905299186706543, 0.858238160610199, 0.7881096005439758, 0.6753572225570679, 0.38599398732185364, 0.3694901168346405, 0.274390310049057]",0.9064816832542419,0.274390310049057,0.6454200334846973,0.26277114168931603
2026-02-23 22:08:19.410576,36.06,8,"[0.9057989716529846, 0.904717743396759, 0.8564860224723816, 0.7881889343261719, 0.6754868030548096, 0.3910711407661438, 0.3687175214290619, 0.2815414071083069]",0.9057989716529846,0.2815414071083069,0.6465010680258274,0.2603635535849516
2026-02-23 22:08:19.428010,37.82,7,"[0.9110981225967407, 0.8763967156410217, 0.8615203499794006, 0.6531344652175903, 0.4714062511920929, 0.4003346860408783, 0.2987424433231354]",0.9110981225967407,0.2987424433231354,0.6389475762844086,0.2519701240704406
2026-02-23 22:08:19.470893,35.71,6,"[0.8985641002655029, 0.8805980682373047, 0.8300610184669495, 0.6952206492424011, 0.6253259181976318, 0.25036126375198364]",0.8985641002655029,0.25036126375198364,0.6966885030269623,0.2435846836063978
2026-02-23 22:08:19.521289,34.72,5,"[0.9047669172286987, 0.8778114914894104, 0.8271361589431763, 0.6949023604393005, 0.6528844237327576]",0.9047669172286987,0.6528844237327576,0.7915002703666687,0.11190887574057273
2026-02-23 22:08:19.566770,33.17,8,"[0.8944669365882874, 0.8884463310241699, 0.8001722097396851, 0.62862628698349, 0.6103116869926453, 0.38100048899650574, 0.276821106672287, 0.253520667552948]",0.8944669365882874,0.253520667552948,0.5916707143187523,0.26262549819024766
2026-02-23 22:08:19.616786,32.92,9,"[0.8907069563865662, 0.8893293738365173, 0.8017928004264832, 0.6244829893112183, 0.6096898317337036, 0.36998018622398376, 0.273018479347229, 0.26534491777420044, 0.25710293650627136]",0.8907069563865662,0.25710293650627136,0.5534942746162415,0.2691581951923626
2026-02-23 22:08:19.645928,32.85,6,"[0.8961432576179504, 0.8959326148033142, 0.8353740572929382, 0.7395569682121277, 0.5560302138328552, 0.5342060327529907]",0.8961432576179504,0.5342060327529907,0.742873857418696,0.16366953850945892
2026-02-23 22:08:19.700081,29.75,8,"[0.9111068248748779, 0.9073285460472107, 0.8340180516242981, 0.7192201018333435, 0.6643259525299072, 0.5064505338668823, 0.33463022112846375, 0.30088135600090027]",0.9111068248748779,0.30088135600090027,0.6472451984882355,0.24352814918952334
2026-02-23 22:08:19.744807,29.19,8,"[0.9107986688613892, 0.9048647284507751, 0.8360005021095276, 0.7361704111099243, 0.6483502388000488, 0.5020112991333008, 0.31994831562042236, 0.265501469373703]",0.9107986688613892,0.265501469373703,0.6404557041823864,0.25437356249494414
2026-02-23 22:08:19.769141,30.4,8,"[0.9104565382003784, 0.9044855833053589, 0.8366203904151917, 0.7396037578582764, 0.6504275798797607, 0.5024893283843994, 0.32996076345443726, 0.272464781999588]",0.9104565382003784,0.272464781999588,0.6433135904371738,0.25123022855660465
2026-02-23 22:08:19.799830,29.16,2,"[0.3948771059513092, 0.29847827553749084]",0.3948771059513092,0.29847827553749084,0.3466776907444,0.06816426668406296
2026-02-23 22:08:19.846704,25.53,2,"[0.6197598576545715, 0.25293293595314026]",0.6197598576545715,0.25293293595314026,0.4363463968038559,0.25938580385686877
2026-02-23 22:08:19.899338,25.12,2,"[0.6543023586273193, 0.3574787974357605]",0.6543023586273193,0.3574787974357605,0.5058905780315399,0.2098859529344914
2026-02-23 22:08:19.934390,25.97,4,"[0.5683596730232239, 0.3799107074737549, 0.35755008459091187, 0.32636556029319763]",0.5683596730232239,0.32636556029319763,0.40804650634527206,0.10910789789073833
2026-02-23 22:08:19.979261,25.98,4,"[0.5583667159080505, 0.43706613779067993, 0.3694283664226532, 0.3654889762401581]",0.5583667159080505,0.3654889762401581,0.43258754909038544,0.09005879079039733
2026-02-23 22:08:20.008981,27.35,3,"[0.7991571426391602, 0.7026976943016052, 0.27623844146728516]",0.7991571426391602,0.27623844146728516,0.5926977594693502,0.2782732133284579
2026-02-23 22:08:20.034401,27.78,4,"[0.8150805830955505, 0.7338219881057739, 0.27766555547714233, 0.2588084638118744]",0.8150805830955505,0.2588084638118744,0.5213441476225853,0.2942403596634932
2026-02-23 22:08:20.097489,27.54,2,"[0.8966530561447144, 0.7809334993362427]",0.8966530561447144,0.7809334993362427,0.8387932777404785,0.08182608333517224
2026-02-23 22:08:20.136944,27.79,3,"[0.9036338925361633, 0.7842035293579102, 0.2584885358810425]",0.9036338925361633,0.2584885358810425,0.648775319258372,0.34323276777063294
2026-02-23 22:08:20.153775,29.66,3,"[0.7472585439682007, 0.7105992436408997, 0.32646748423576355]",0.7472585439682007,0.32646748423576355,0.5947750906149546,0.23308304272473365
2026-02-23 22:08:20.177107,30.67,3,"[0.757164716720581, 0.6604874730110168, 0.33158499002456665]",0.757164716720581,0.33158499002456665,0.5830790599187216,0.2230999165324007
2026-02-23 22:08:20.216550,31.11,3,"[0.8087790012359619, 0.7747524976730347, 0.5035309195518494]",0.8087790012359619,0.5035309195518494,0.695687472820282,0.16727987463882935
2026-02-23 22:08:20.247050,32.42,3,"[0.8102375268936157, 0.7634248733520508, 0.5067587494850159]",0.8102375268936157,0.5067587494850159,0.6934737165768942,0.16338517477112646
2026-02-23 22:08:20.272164,33.55,3,"[0.7696513533592224, 0.7196625471115112, 0.3941781520843506]",0.7696513533592224,0.3941781520843506,0.6278306841850281,0.20388685466530548
2026-02-23 22:08:20.310859,33.96,3,"[0.7816402316093445, 0.7206382751464844, 0.3872867524623871]",0.7816402316093445,0.3872867524623871,0.629855086406072,0.21227307211993574
2026-02-23 22:08:20.348529,33.28,4,"[0.8789429664611816, 0.7500380277633667, 0.334121435880661, 0.2698638141155243]",0.8789429664611816,0.2698638141155243,0.5582415610551834,0.301676886480311
2026-02-23 22:08:20.372180,33.49,4,"[0.8818866610527039, 0.7717205286026001, 0.3263072967529297, 0.2791854739189148]",0.8818866610527039,0.2791854739189148,0.5647749900817871,0.3064933279770626
2026-02-23 22:08:20.404142,35.0,2,"[0.9367504715919495, 0.7631189823150635]",0.9367504715919495,0.7631189823150635,0.8499347269535065,0.12277600349520539
2026-02-23 22:08:20.430601,36.31,2,"[0.9345711469650269, 0.754916250705719]",0.9345711469650269,0.754916250705719,0.8447436988353729,0.1270351954183223
2026-02-23 22:08:20.464352,33.36,2,"[0.8693751096725464, 0.5811310410499573]",0.8693751096725464,0.5811310410499573,0.7252530753612518,0.2038193355598333
2026-02-23 22:08:20.503638,31.6,3,"[0.8732388019561768, 0.6121727228164673, 0.46542447805404663]",0.8732388019561768,0.46542447805404663,0.6502786676088969,0.2065603494534482
2026-02-23 22:08:20.529571,32.87,3,"[0.9430123567581177, 0.7482831478118896, 0.3744479715824127]",0.9430123567581177,0.3744479715824127,0.6885811587174734,0.2889456880608001
2026-02-23 22:08:20.568212,32.22,3,"[0.9474614858627319, 0.7402660846710205, 0.3500157594680786]",0.9474614858627319,0.3500157594680786,0.679247776667277,0.30336079909991426
2026-02-23 22:08:20.590672,32.75,3,"[0.9472827315330505, 0.6845851540565491, 0.5170655846595764]",0.9472827315330505,0.5170655846595764,0.7163111567497253,0.21685617999299367
2026-02-23 22:08:20.646021,31.95,4,"[0.9467359781265259, 0.6799945831298828, 0.5299490690231323, 0.2591822147369385]",0.9467359781265259,0.2591822147369385,0.6039654612541199,0.28730121708060735
2026-02-23 22:08:20.674183,32.84,3,"[0.8879885077476501, 0.845759391784668, 0.2760552167892456]",0.8879885077476501,0.2760552167892456,0.6699343721071879,0.3417622218798262
2026-02-23 22:08:20.706896,31.72,3,"[0.8894569277763367, 0.8584648966789246, 0.2874060273170471]",0.8894569277763367,0.2874060273170471,0.6784426172574362,0.33900197271113586
2026-02-23 22:08:20.741336,31.51,3,"[0.7970708608627319, 0.6830188632011414, 0.6088280081748962]",0.7970708608627319,0.6088280081748962,0.6963059107462565,0.0948222132275089
2026-02-23 22:08:20.778338,30.42,3,"[0.7958555221557617, 0.6880117058753967, 0.5994285941123962]",0.7958555221557617,0.5994285941123962,0.6944319407145182,0.09837072266015165
2026-02-23 22:08:20.824096,29.65,2,"[0.5529657006263733, 0.45247822999954224]",0.5529657006263733,0.45247822999954224,0.5027219653129578,0.07105537190451625
2026-02-23 22:08:20.870050,29.28,2,"[0.5546636581420898, 0.45433929562568665]",0.5546636581420898,0.45433929562568665,0.5045014768838882,0.07094003705356619
2026-02-23 22:08:20.908398,28.03,1,[0.4007253348827362],0.4007253348827362,0.4007253348827362,0.4007253348827362,
2026-02-23 22:08:20.936286,29.04,1,[0.3936465382575989],0.3936465382575989,0.3936465382575989,0.3936465382575989,
2026-02-23 22:08:20.966380,27.87,3,"[0.5066900849342346, 0.39109814167022705, 0.2634718716144562]",0.5066900849342346,0.2634718716144562,0.38708669940630597,0.12165871762596338
2026-02-23 22:08:21.004289,28.69,3,"[0.5134068727493286, 0.32172197103500366, 0.2516805827617645]",0.5134068727493286,0.2516805827617645,0.3622698088486989,0.1354926495467113
2026-02-23 22:08:21.031622,28.77,1,[0.4313635528087616],0.4313635528087616,0.4313635528087616,0.4313635528087616,
2026-02-23 22:08:21.067825,28.56,1,[0.42483463883399963],0.42483463883399963,0.42483463883399963,0.42483463883399963,
2026-02-23 22:08:21.092380,29.64,1,[0.36039891839027405],0.36039891839027405,0.36039891839027405,0.36039891839027405,
2026-02-23 22:08:21.120743,30.48,1,[0.36674076318740845],0.36674076318740845,0.36674076318740845,0.36674076318740845,
2026-02-23 22:08:21.153045,31.37,2,"[0.3602736294269562, 0.2779387831687927]",0.3602736294269562,0.2779387831687927,0.31910620629787445,0.05821952811709922
2026-02-23 22:08:21.186506,32.2,2,"[0.38809633255004883, 0.2979947626590729]",0.38809633255004883,0.2979947626590729,0.34304554760456085,0.06371143106546275
2026-02-23 22:08:21.221352,32.5,2,"[0.4344390630722046, 0.34646958112716675]",0.4344390630722046,0.34646958112716675,0.39045432209968567,0.062203817220803814
2026-02-23 22:08:21.253320,32.05,2,"[0.4447524845600128, 0.3221760094165802]",0.4447524845600128,0.3221760094165802,0.3834642469882965,0.08667465678786548
2026-02-23 22:08:21.284637,31.88,2,"[0.43516185879707336, 0.3214252293109894]",0.43516185879707336,0.3214252293109894,0.37829354405403137,0.08042394197891181
2026-02-23 22:08:21.320013,32.08,2,"[0.4848100543022156, 0.34940677881240845]",0.4848100543022156,0.34940677881240845,0.417108416557312,0.09574457429371286
2026-02-23 22:08:21.367624,30.54,1,[0.38917669653892517],0.38917669653892517,0.38917669653892517,0.38917669653892517,
2026-02-23 22:08:21.413899,29.91,1,[0.4199041426181793],0.4199041426181793,0.4199041426181793,0.4199041426181793,
2026-02-23 22:08:21.467336,27.78,2,"[0.6099063754081726, 0.37700945138931274]",0.6099063754081726,0.37700945138931274,0.4934579133987427,0.16468299429122393
2026-02-23 22:08:21.507499,26.75,2,"[0.6100769639015198, 0.3903462588787079]",0.6100769639015198,0.3903462588787079,0.5002116113901138,0.15537307155653127
2026-02-23 22:08:21.529360,28.19,3,"[0.5754908323287964, 0.4384792149066925, 0.29035627841949463]",0.5754908323287964,0.29035627841949463,0.4347754418849945,0.14260335518216716
2026-02-23 22:08:21.571166,27.6,3,"[0.5580222010612488, 0.4248887002468109, 0.2763037085533142]",0.5580222010612488,0.2763037085533142,0.41973820328712463,0.1409298512361189
2026-02-23 22:08:21.619124,26.8,2,"[0.5581727027893066, 0.2809264361858368]",0.5581727027893066,0.2809264361858368,0.4195495694875717,0.19604271517396699
2026-02-23 22:08:21.648057,27.07,2,"[0.5632535815238953, 0.29477590322494507]",0.5632535815238953,0.29477590322494507,0.42901474237442017,0.18984238692240807
2026-02-23 22:08:21.667957,28.92,2,"[0.47099438309669495, 0.3480009138584137]",0.47099438309669495,0.3480009138584137,0.4094976484775543,0.0869695161400477
2026-02-23 22:08:21.727559,27.77,3,"[0.46786025166511536, 0.3525243103504181, 0.3486368954181671]",0.46786025166511536,0.3486368954181671,0.38967381914456684,0.0677393288380656
2026-02-23 22:08:21.778824,27.61,3,"[0.46213021874427795, 0.4036513566970825, 0.36470308899879456]",0.46213021874427795,0.36470308899879456,0.410161554813385,0.04903874399131716
2026-02-23 22:08:21.810359,28.62,3,"[0.45403337478637695, 0.4217425584793091, 0.3703461289405823]",0.45403337478637695,0.3703461289405823,0.4153740207354228,0.04220553854721082
2026-02-23 22:08:21.852314,29.17,5,"[0.5734111070632935, 0.39192333817481995, 0.29918336868286133, 0.29589685797691345, 0.2921963036060333]",0.5734111070632935,0.2921963036060333,0.3705221951007843,0.12084601141141518
2026-02-23 22:08:21.890960,29.22,5,"[0.5693789720535278, 0.3918503522872925, 0.2913217544555664, 0.2901390790939331, 0.2888903021812439]",0.5693789720535278,0.2888903021812439,0.36631609201431276,0.12176655184422604
2026-02-23 22:08:21.918770,28.29,4,"[0.4800178110599518, 0.44159865379333496, 0.40701988339424133, 0.38715484738349915]",0.4800178110599518,0.38715484738349915,0.4289477989077568,0.04080716663544171
2026-02-23 22:08:21.959910,28.33,4,"[0.4925141930580139, 0.4359484016895294, 0.3886427581310272, 0.33345720171928406]",0.4925141930580139,0.33345720171928406,0.41264063864946365,0.06774695925584748
2026-02-23 22:08:21.984469,30.3,2,"[0.4634736478328705, 0.3664310574531555]",0.4634736478328705,0.3664310574531555,0.414952352643013,0.06861947372140487
2026-02-23 22:08:22.025880,29.3,2,"[0.4601796865463257, 0.3696485757827759]",0.4601796865463257,0.3696485757827759,0.4149141311645508,0.06401516232925651
2026-02-23 22:08:22.073870,26.37,3,"[0.5963952541351318, 0.49314084649086, 0.30650636553764343]",0.5963952541351318,0.30650636553764343,0.46534748872121173,0.14692938775192493
2026-02-23 22:08:22.126299,26.58,3,"[0.5649059414863586, 0.4949180781841278, 0.3124076724052429]",0.5649059414863586,0.3124076724052429,0.4574105640252431,0.13036086140411962
2026-02-23 22:08:22.159886,27.62,4,"[0.7183048129081726, 0.4413595199584961, 0.37597647309303284, 0.3379228711128235]",0.7183048129081726,0.3379228711128235,0.46839091926813126,0.1719980544795674
2026-02-23 22:08:22.189590,27.81,4,"[0.7237268686294556, 0.44109728932380676, 0.35826095938682556, 0.3216574490070343]",0.7237268686294556,0.3216574490070343,0.46118564158678055,0.18201927052215033
2026-02-23 22:08:22.222812,28.42,3,"[0.752392590045929, 0.48036763072013855, 0.2557041347026825]",0.752392590045929,0.2557041347026825,0.49615478515625,0.24872028687203473
2026-02-23 22:08:22.263874,28.31,2,"[0.7453091740608215, 0.4815952479839325]",0.7453091740608215,0.4815952479839325,0.613452211022377,0.18647390542229614
2026-02-23 22:08:22.286167,29.18,3,"[0.7081668376922607, 0.4139564335346222, 0.40607303380966187]",0.7081668376922607,0.40607303380966187,0.5093987683455149,0.17218332103220813
2026-02-23 22:08:22.321515,29.61,3,"[0.7111941576004028, 0.41048333048820496, 0.4060017168521881]",0.7111941576004028,0.4060017168521881,0.509226401646932,0.17492356058820724
2026-02-23 22:08:22.353703,28.64,2,"[0.7183662056922913, 0.4234994649887085]",0.7183662056922913,0.4234994649887085,0.5709328353404999,0.20850227189787873
2026-02-23 22:08:22.416367,27.81,2,"[0.7013599872589111, 0.4065888226032257]",0.7013599872589111,0.4065888226032257,0.5539744049310684,0.20843468942629154
2026-02-23 22:08:22.443993,29.36,2,"[0.8442018032073975, 0.4032132923603058]",0.8442018032073975,0.4032132923603058,0.6237075477838516,0.3118259664453359
2026-02-23 22:08:22.494720,29.43,2,"[0.845099151134491, 0.4109065532684326]",0.845099151134491,0.4109065532684326,0.6280028522014618,0.30702053029209353
2026-02-23 22:08:22.526485,29.61,2,"[0.811451256275177, 0.31179171800613403]",0.811451256275177,0.31179171800613403,0.5616214871406555,0.35331264779457955
2026-02-23 22:08:22.555436,29.68,2,"[0.8079869151115417, 0.31752246618270874]",0.8079869151115417,0.31752246618270874,0.5627546906471252,0.3468107377685009
2026-02-23 22:08:22.585820,29.94,2,"[0.4709721803665161, 0.42868572473526]",0.4709721803665161,0.42868572473526,0.44982895255088806,0.02990103952920526
2026-02-23 22:08:22.622268,30.27,2,"[0.4716988801956177, 0.41577860713005066]",0.4716988801956177,0.41577860713005066,0.44373874366283417,0.03954160429046588
2026-02-23 22:08:22.649914,29.41,3,"[0.3754059970378876, 0.2928916811943054, 0.2669178545475006]",0.3754059970378876,0.2669178545475006,0.3117385109265645,0.05664646068794767
2026-02-23 22:08:22.681250,29.71,3,"[0.3588368594646454, 0.3085925877094269, 0.2767241299152374]",0.3588368594646454,0.2767241299152374,0.3147178590297699,0.041397636406858014
2026-02-23 22:08:22.725254,28.93,3,"[0.40734827518463135, 0.2962542474269867, 0.2569395899772644]",0.40734827518463135,0.2569395899772644,0.32018070419629413,0.07800672821367625
2026-02-23 22:08:22.783100,29.06,3,"[0.4116818606853485, 0.30036523938179016, 0.2623947262763977]",0.4116818606853485,0.2623947262763977,0.32481394211451214,0.07758844259291323
2026-02-23 22:08:22.809497,29.2,2,"[0.6308952569961548, 0.5189078450202942]",0.6308952569961548,0.5189078450202942,0.5749015510082245,0.0791870584156626
2026-02-23 22:08:22.838158,30.67,2,"[0.632172167301178, 0.5232537984848022]",0.632172167301178,0.5232537984848022,0.5777129828929901,0.07701691718583667
2026-02-23 22:08:22.866416,31.04,2,"[0.8064310550689697, 0.4773117005825043]",0.8064310550689697,0.4773117005825043,0.641871377825737,0.2327225273771189
2026-02-23 22:08:22.908744,29.97,2,"[0.8005181550979614, 0.4827996492385864]",0.8005181550979614,0.4827996492385864,0.6416589021682739,0.2246609100016219
2026-02-23 22:08:22.934837,30.52,3,"[0.7734338641166687, 0.4259673058986664, 0.29020172357559204]",0.7734338641166687,0.29020172357559204,0.4965342978636424,0.2492250001087701
2026-02-23 22:08:22.963658,31.26,3,"[0.7729352712631226, 0.41809192299842834, 0.28587809205055237]",0.7729352712631226,0.28587809205055237,0.4923017621040344,0.2518660340750344
2026-02-23 22:08:23.002290,30.23,2,"[0.8426612019538879, 0.42599913477897644]",0.8426612019538879,0.42599913477897644,0.6343301683664322,0.2946245731625847
2026-02-23 22:08:23.039780,29.72,2,"[0.8458280563354492, 0.4228953421115875]",0.8458280563354492,0.4228953421115875,0.6343616992235184,0.2990585902133248
2026-02-23 22:08:23.074119,30.33,2,"[0.872539222240448, 0.3227013647556305]",0.872539222240448,0.3227013647556305,0.5976202934980392,0.388794077580597
2026-02-23 22:08:23.107639,31.55,2,"[0.8729142546653748, 0.3066554069519043]",0.8729142546653748,0.3066554069519043,0.5897848308086395,0.4004054711250755
2026-02-23 22:08:23.139219,30.99,5,"[0.5664249062538147, 0.4121093451976776, 0.3753381073474884, 0.31347498297691345, 0.2516944110393524]",0.5664249062538147,0.2516944110393524,0.3838083505630493,0.11897728075380187
2026-02-23 22:08:23.168944,30.88,4,"[0.5618239045143127, 0.39993569254875183, 0.34224018454551697, 0.3012484312057495]",0.5618239045143127,0.3012484312057495,0.40131205320358276,0.11440886168173497
2026-02-23 22:08:23.200463,30.53,2,"[0.49723079800605774, 0.2800322473049164]",0.49723079800605774,0.2800322473049164,0.38863152265548706,0.15358256806466722
2026-02-23 22:08:23.236645,30.93,2,"[0.48883551359176636, 0.2846272587776184]",0.48883551359176636,0.2846272587776184,0.3867313861846924,0.14439704175335447
2026-02-23 22:08:23.265354,30.53,1,[0.4780072271823883],0.4780072271823883,0.4780072271823883,0.4780072271823883,
2026-02-23 22:08:23.293981,30.57,2,"[0.49898460507392883, 0.2579386234283447]",0.49898460507392883,0.2579386234283447,0.3784616142511368,0.1704452481993606
2026-02-23 22:08:23.323512,31.32,1,[0.32423603534698486],0.32423603534698486,0.32423603534698486,0.32423603534698486,
2026-02-23 22:08:23.354026,31.95,1,[0.31232330203056335],0.31232330203056335,0.31232330203056335,0.31232330203056335,
2026-02-23 22:08:23.387611,32.02,0,[],0.0,0.0,0.0,0.0
2026-02-23 22:08:23.427576,31.58,0,[],0.0,0.0,0.0,0.0
2026-02-23 22:08:23.479653,30.3,0,[],0.0,0.0,0.0,0.0
2026-02-23 22:08:23.508004,30.48,0,[],0.0,0.0,0.0,0.0
2026-02-23 22:08:23.535979,30.85,1,[0.29875046014785767],0.29875046014785767,0.29875046014785767,0.29875046014785767,
2026-02-23 22:08:23.560959,32.08,1,[0.2956003248691559],0.2956003248691559,0.2956003248691559,0.2956003248691559,
2026-02-23 22:08:23.598073,31.38,2,"[0.516737163066864, 0.3863557279109955]",0.516737163066864,0.3863557279109955,0.45154644548892975,0.09219359693954876
2026-02-23 22:08:23.645022,29.97,2,"[0.5257274508476257, 0.3866899013519287]",0.5257274508476257,0.3866899013519287,0.4562086760997772,0.0983143940879676
2026-02-23 22:08:23.671933,30.41,3,"[0.42909666895866394, 0.395773708820343, 0.26641467213630676]",0.42909666895866394,0.26641467213630676,0.36376168330510456,0.08593564659510375
2026-02-23 22:08:23.726123,28.95,3,"[0.45765504240989685, 0.3930753171443939, 0.3337744176387787]",0.45765504240989685,0.3337744176387787,0.39483492573102313,0.061959054747504405
2026-02-23 22:08:23.779400,27.84,3,"[0.6214659810066223, 0.5315636992454529, 0.4788467586040497]",0.6214659810066223,0.4788467586040497,0.5439588129520416,0.07211303476160234
2026-02-23 22:08:23.824686,27.57,3,"[0.6230767965316772, 0.5100401043891907, 0.4771784245967865]",0.6230767965316772,0.4771784245967865,0.5367651085058848,0.07653269312581988
2026-02-23 22:08:23.855528,28.8,2,"[0.47492942214012146, 0.4223887324333191]",0.47492942214012146,0.4223887324333191,0.4486590772867203,0.03715187797989819
2026-02-23 22:08:23.882692,28.95,2,"[0.47958558797836304, 0.39169877767562866]",0.47958558797836304,0.39169877767562866,0.43564218282699585,0.06214535954191921
2026-02-23 22:08:23.916004,28.4,1,[0.31866857409477234],0.31866857409477234,0.31866857409477234,0.31866857409477234,
2026-02-23 22:08:23.948159,27.49,1,[0.33139491081237793],0.33139491081237793,0.33139491081237793,0.33139491081237793,
2026-02-23 22:08:23.985233,27.47,0,[],0.0,0.0,0.0,0.0
2026-02-23 22:08:24.027903,27.69,1,[0.2615779638290405],0.2615779638290405,0.2615779638290405,0.2615779638290405,
2026-02-23 22:08:24.059282,27.07,0,[],0.0,0.0,0.0,0.0
2026-02-23 22:08:24.091031,28.4,0,[],0.0,0.0,0.0,0.0
2026-02-23 22:08:24.124406,29.53,1,[0.5575258731842041],0.5575258731842041,0.5575258731842041,0.5575258731842041,
2026-02-23 22:08:24.158431,30.24,1,[0.5258386731147766],0.5258386731147766,0.5258386731147766,0.5258386731147766,
2026-02-23 22:08:24.199366,29.54,2,"[0.49620744585990906, 0.2839576303958893]",0.49620744585990906,0.2839576303958893,0.39008253812789917,0.15008328382020172
2026-02-23 22:08:24.230451,29.09,2,"[0.47429436445236206, 0.2921683192253113]",0.47429436445236206,0.2921683192253113,0.38323134183883667,0.12878256161073545
2026-02-23 22:08:24.261846,29.26,2,"[0.36844807863235474, 0.348886638879776]",0.36844807863235474,0.348886638879776,0.35866735875606537,0.013832026698820525
2026-02-23 22:08:24.295595,29.14,2,"[0.4087405204772949, 0.3707052767276764]",0.4087405204772949,0.3707052767276764,0.38972289860248566,0.02689497877943851
2026-02-23 22:08:24.326844,29.68,2,"[0.7058871388435364, 0.32708168029785156]",0.7058871388435364,0.32708168029785156,0.516484409570694,0.26785590848813334
2026-02-23 22:08:24.355913,30.71,2,"[0.702355146408081, 0.28508245944976807]",0.702355146408081,0.28508245944976807,0.49371880292892456,0.29505634655215457
2026-02-23 22:08:24.389878,30.51,2,"[0.8054966330528259, 0.7245011329650879]",0.8054966330528259,0.7245011329650879,0.7649988830089569,0.05727246735763517
2026-02-23 22:08:24.423246,30.34,2,"[0.8006635308265686, 0.7184601426124573]",0.8006635308265686,0.7184601426124573,0.7595618367195129,0.05812657324270844
2026-02-23 22:08:24.447334,31.45,3,"[0.8149637579917908, 0.6259134411811829, 0.3579850494861603]",0.8149637579917908,0.3579850494861603,0.5996207495530447,0.22962113193619133
2026-02-23 22:08:24.485301,31.15,3,"[0.8391731977462769, 0.6413289308547974, 0.34877780079841614]",0.8391731977462769,0.34877780079841614,0.6097599764664968,0.2467171670107097
2026-02-23 22:08:24.512209,32.39,3,"[0.885633111000061, 0.7193851470947266, 0.3161793351173401]",0.885633111000061,0.3161793351173401,0.6403991977373759,0.29282842393402236
2026-02-23 22:08:24.550910,31.77,3,"[0.8927154541015625, 0.6608904600143433, 0.3157702684402466]",0.8927154541015625,0.3157702684402466,0.6231253941853842,0.2903206623067704
2026-02-23 22:08:24.599454,30.68,3,"[0.8431118726730347, 0.8249775171279907, 0.260089635848999]",0.8431118726730347,0.260089635848999,0.6427263418833414,0.3314971347031032
2026-02-23 22:08:24.650758,29.66,3,"[0.8465167880058289, 0.8227278590202332, 0.29202044010162354]",0.8465167880058289,0.29202044010162354,0.6537550290425619,0.3134970700226282
2026-02-23 22:08:24.698737,28.48,5,"[0.8278513550758362, 0.7788197994232178, 0.4706985056400299, 0.27280086278915405, 0.26080477237701416]",0.8278513550758362,0.26080477237701416,0.5221950590610505,0.27039613106539634
2026-02-23 22:08:24.738881,27.64,5,"[0.831093430519104, 0.8044356107711792, 0.5076937675476074, 0.30424270033836365, 0.2938098609447479]",0.831093430519104,0.2938098609447479,0.5482550740242005,0.26055499796906645
2026-02-23 22:08:24.771078,27.75,4,"[0.904559314250946, 0.8921300768852234, 0.3573913872241974, 0.26726630330085754]",0.904559314250946,0.26726630330085754,0.6053367704153061,0.34036895919780275
2026-02-23 22:08:24.813214,27.12,4,"[0.9098098874092102, 0.8894757032394409, 0.38238632678985596, 0.2860618233680725]",0.9098098874092102,0.2860618233680725,0.6169334352016449,0.3289094473694109
2026-02-23 22:08:24.839450,26.79,5,"[0.7986379861831665, 0.7683671116828918, 0.7293843626976013, 0.6968474984169006, 0.2797268331050873]",0.7986379861831665,0.2797268331050873,0.6545927584171295,0.21307119713053693
2026-02-23 22:08:24.869673,27.46,5,"[0.8022075295448303, 0.7533311247825623, 0.7382197976112366, 0.701930582523346, 0.2768726348876953]",0.8022075295448303,0.2768726348876953,0.6545123338699341,0.21415309728184753
2026-02-23 22:08:24.910816,26.21,6,"[0.8017868995666504, 0.7997754812240601, 0.6987989544868469, 0.6693962812423706, 0.603581964969635, 0.3325969874858856]",0.8017868995666504,0.3325969874858856,0.6509894281625748,0.17385220381782887
2026-02-23 22:08:24.961086,25.6,6,"[0.8278819918632507, 0.8010590672492981, 0.7030030488967896, 0.6540946364402771, 0.6282673478126526, 0.34441274404525757]",0.8278819918632507,0.34441274404525757,0.6597864727179209,0.17353279975318375
2026-02-23 22:08:24.993001,26.65,7,"[0.880243718624115, 0.7981191873550415, 0.7269237637519836, 0.705334484577179, 0.4539162218570709, 0.3727347254753113, 0.30117976665496826]",0.880243718624115,0.30117976665496826,0.6054931240422385,0.22622445929064694
2026-02-23 22:08:25.030850,27.33,7,"[0.8801739811897278, 0.7966848015785217, 0.7197551727294922, 0.7136132717132568, 0.4807886481285095, 0.37358030676841736, 0.2870042622089386]",0.8801739811897278,0.2870042622089386,0.6073714920452663,0.22638272582848662
2026-02-23 22:08:25.059645,28.76,6,"[0.8392429947853088, 0.8168100118637085, 0.761869490146637, 0.6845698952674866, 0.48155835270881653, 0.2572850286960602]",0.8392429947853088,0.2572850286960602,0.6402226289113363,0.2277597009717679
2026-02-23 22:08:25.102708,28.54,6,"[0.8489534854888916, 0.8108334541320801, 0.7301374673843384, 0.6716159582138062, 0.48099738359451294, 0.2514197826385498]",0.8489534854888916,0.2514197826385498,0.6323262552420298,0.22710925088410347
2026-02-23 22:08:25.149805,27.59,6,"[0.8594869375228882, 0.8531765341758728, 0.8296278715133667, 0.7773354649543762, 0.5048210024833679, 0.44377753138542175]",0.8594869375228882,0.44377753138542175,0.7113708903392156,0.1868969259711163
2026-02-23 22:08:25.193204,27.52,6,"[0.864588737487793, 0.8571226596832275, 0.8278517127037048, 0.770317018032074, 0.5090703368186951, 0.4665026068687439]",0.864588737487793,0.4665026068687439,0.7159088452657064,0.18029095756329017
2026-02-23 22:08:25.220015,27.47,6,"[0.8708745837211609, 0.8505676984786987, 0.7875500917434692, 0.6740338206291199, 0.619164228439331, 0.5265464186668396]",0.8708745837211609,0.5265464186668396,0.7214561402797699,0.13716150139841712
2026-02-23 22:08:25.251881,27.28,7,"[0.8643608093261719, 0.8451151847839355, 0.7914391160011292, 0.6385998725891113, 0.6140786409378052, 0.5125499963760376, 0.25786134600639343]",0.8643608093261719,0.25786134600639343,0.6462864237172263,0.21525740997534795
2026-02-23 22:08:25.280628,28.38,7,"[0.8507732152938843, 0.8150774836540222, 0.7152664661407471, 0.6817300915718079, 0.6492032408714294, 0.379899799823761, 0.35394248366355896]",0.8507732152938843,0.35394248366355896,0.6351275401456016,0.19658901521001265
2026-02-23 22:08:25.312892,29.44,7,"[0.8547748923301697, 0.8173154592514038, 0.728534996509552, 0.6814069747924805, 0.6213699579238892, 0.3749966621398926, 0.35246041417121887]",0.8547748923301697,0.35246041417121887,0.632979908159801,0.20001245743311957
2026-02-23 22:08:25.344677,29.48,6,"[0.8606581687927246, 0.831902027130127, 0.7923231720924377, 0.776157796382904, 0.731440544128418, 0.4480648934841156]",0.8606581687927246,0.4480648934841156,0.7400911003351212,0.14989916462059058
2026-02-23 22:08:25.376231,30.02,6,"[0.8588270545005798, 0.840338945388794, 0.788200318813324, 0.7743659019470215, 0.7423486709594727, 0.45148977637290955]",0.8588270545005798,0.45148977637290955,0.7425951113303503,0.14892636876596815
2026-02-23 22:08:25.407754,29.68,8,"[0.8978793025016785, 0.8654775023460388, 0.8133977055549622, 0.7886922955513, 0.7172990441322327, 0.3301180899143219, 0.2800530195236206, 0.2501077651977539]",0.8978793025016785,0.2501077651977539,0.6178780905902386,0.2800976091851831
2026-02-23 22:08:25.443477,30.19,8,"[0.8940446376800537, 0.8643044829368591, 0.8128795623779297, 0.7841768264770508, 0.715542733669281, 0.343987375497818, 0.28355279564857483, 0.25413811206817627]",0.8940446376800537,0.25413811206817627,0.6190783157944679,0.27549900931730803
2026-02-23 22:08:25.483163,30.59,8,"[0.8515612483024597, 0.8402217030525208, 0.7716695070266724, 0.7644931674003601, 0.7576364278793335, 0.4788544178009033, 0.2645604908466339, 0.25078481435775757]",0.8515612483024597,0.25078481435775757,0.6224727220833302,0.25283370305162
2026-02-23 22:08:25.509159,32.08,7,"[0.8547595143318176, 0.8489896059036255, 0.7745136022567749, 0.7642295360565186, 0.7557872533798218, 0.5950267910957336, 0.4923023283481598]",0.8547595143318176,0.4923023283481598,0.7265155187674931,0.1342724382584453
2026-02-23 22:08:25.534466,32.32,7,"[0.8848866820335388, 0.8347409963607788, 0.7825995683670044, 0.7737032175064087, 0.722283661365509, 0.5487692356109619, 0.4449366629123688]",0.8848866820335388,0.4449366629123688,0.7131314320223672,0.15906531378545752
2026-02-23 22:08:25.569503,32.06,7,"[0.8841248154640198, 0.834976315498352, 0.7824326753616333, 0.7734134197235107, 0.7279688715934753, 0.5434617400169373, 0.44073158502578735]",0.8841248154640198,0.44073158502578735,0.7124442032405308,0.1611044267123466
2026-02-23 22:08:25.602382,31.54,7,"[0.8906009793281555, 0.7959874272346497, 0.7761273384094238, 0.6647802591323853, 0.5298643708229065, 0.4290790259838104, 0.28041303157806396]",0.8906009793281555,0.28041303157806396,0.6238360617841993,0.21998826993848214
2026-02-23 22:08:25.632590,31.81,7,"[0.8928090333938599, 0.7968714237213135, 0.7729713320732117, 0.679452121257782, 0.5372253656387329, 0.42464160919189453, 0.27961108088493347]",0.8928090333938599,0.27961108088493347,0.6262259951659611,0.22107799094710542
2026-02-23 22:08:25.667127,31.55,8,"[0.8957298994064331, 0.7875308990478516, 0.7343469262123108, 0.68269944190979, 0.6521497964859009, 0.4845394194126129, 0.3088609278202057, 0.2705767750740051]",0.8957298994064331,0.2705767750740051,0.6020542606711388,0.2257719814622497
2026-02-23 22:08:25.716407,30.41,8,"[0.8926501274108887, 0.7952476739883423, 0.7185763716697693, 0.6849731206893921, 0.6808062195777893, 0.48610392212867737, 0.31065648794174194, 0.2505439221858978]",0.8926501274108887,0.2505439221858978,0.6024447306990623,0.23001239244016786
2026-02-23 22:08:25.745156,30.68,9,"[0.8593882918357849, 0.8574548959732056, 0.7648425698280334, 0.7385562062263489, 0.6896541118621826, 0.5872122049331665, 0.5189642906188965, 0.4250127673149109, 0.32795870304107666]",0.8593882918357849,0.32795870304107666,0.6410048935148451,0.1884803588604063
2026-02-23 22:08:25.769690,31.93,9,"[0.8556035161018372, 0.8546705842018127, 0.7703909277915955, 0.7361391186714172, 0.6893044710159302, 0.5951812267303467, 0.518796980381012, 0.42575886845588684, 0.316941499710083]",0.8556035161018372,0.316941499710083,0.640309688117769,0.18980512349015716
2026-02-23 22:08:25.799779,32.72,9,"[0.8584931492805481, 0.8256595134735107, 0.7802972197532654, 0.5031774640083313, 0.44437286257743835, 0.43526530265808105, 0.4097561538219452, 0.30060210824012756, 0.283760666847229]",0.8584931492805481,0.283760666847229,0.5379316045178307,0.22420601702328746
2026-02-23 22:08:25.832592,32.0,9,"[0.8633512258529663, 0.8313474059104919, 0.8001903295516968, 0.49400290846824646, 0.45270827412605286, 0.4341410994529724, 0.4058084785938263, 0.3085985779762268, 0.2927817702293396]",0.8633512258529663,0.2927817702293396,0.5425477855735354,0.22657571394706463
2026-02-23 22:08:25.864059,31.19,9,"[0.8542326092720032, 0.8471734523773193, 0.8236724734306335, 0.5853429436683655, 0.527272641658783, 0.4329800307750702, 0.4070171117782593, 0.31274744868278503, 0.27950772643089294]",0.8542326092720032,0.27950772643089294,0.5633273820082346,0.2289994190026113
2026-02-23 22:08:25.898803,31.24,9,"[0.859993040561676, 0.8464844822883606, 0.8294301629066467, 0.5952169299125671, 0.5330461263656616, 0.43647119402885437, 0.40623313188552856, 0.3111572861671448, 0.28168126940727234]",0.859993040561676,0.28168126940727234,0.5666348470581902,0.23035840987990913
2026-02-23 22:08:25.929173,31.46,8,"[0.8780032396316528, 0.8707893490791321, 0.7485567927360535, 0.5727567672729492, 0.5050923228263855, 0.4903079569339752, 0.3004085421562195, 0.26325345039367676]",0.8780032396316528,0.26325345039367676,0.5786460526287556,0.23723681672069533
2026-02-23 22:08:25.962252,31.18,8,"[0.879115104675293, 0.8729815483093262, 0.748270571231842, 0.557404100894928, 0.5147079825401306, 0.49389809370040894, 0.3726028501987457, 0.2585277557373047]",0.879115104675293,0.2585277557373047,0.5871885009109974,0.22733071074044797
2026-02-23 22:08:26.007543,30.53,8,"[0.8302056789398193, 0.8220921158790588, 0.7564892172813416, 0.6444253921508789, 0.47094035148620605, 0.43732476234436035, 0.35669267177581787, 0.2754599153995514]",0.8302056789398193,0.2754599153995514,0.5742037631571293,0.21748656272571287
2026-02-23 22:08:26.059581,30.41,9,"[0.8309381604194641, 0.8229275345802307, 0.7662880420684814, 0.6443889141082764, 0.470912903547287, 0.4463806450366974, 0.3544600009918213, 0.3022105395793915, 0.25054436922073364]",0.8309381604194641,0.25054436922073364,0.543227901061376,0.22775909523698404
2026-02-23 22:08:26.101718,29.35,8,"[0.9008966088294983, 0.7571572065353394, 0.7031947374343872, 0.7000113725662231, 0.6529003977775574, 0.42037346959114075, 0.3066027760505676, 0.2596222758293152]",0.9008966088294983,0.2596222758293152,0.5875948555767536,0.2304221445915299
2026-02-23 22:08:26.131546,28.57,8,"[0.89840167760849, 0.7573897242546082, 0.6986825466156006, 0.6948259472846985, 0.6275151968002319, 0.3786017596721649, 0.307356595993042, 0.2606164515018463]",0.89840167760849,0.2606164515018463,0.5779237374663353,0.23276046013660748
2026-02-23 22:08:26.176548,27.49,9,"[0.8809662461280823, 0.7086766362190247, 0.7001219391822815, 0.6149245500564575, 0.5957861542701721, 0.5044358968734741, 0.4280748665332794, 0.3239709138870239, 0.2875395715236664]",0.8809662461280823,0.2875395715236664,0.5604996416303847,0.19348429018430174
2026-02-23 22:08:26.217618,26.85,9,"[0.8807178735733032, 0.6904370188713074, 0.6887407898902893, 0.6099874377250671, 0.590275228023529, 0.48859792947769165, 0.39678671956062317, 0.3398503065109253, 0.2826024293899536]",0.8807178735733032,0.2826024293899536,0.55199952589141,0.19249654435270697
2026-02-23 22:08:26.269126,25.64,5,"[0.8747193813323975, 0.7800832986831665, 0.43789440393447876, 0.33183741569519043, 0.273139089345932]",0.8747193813323975,0.273139089345932,0.539534717798233,0.2714074114665846
2026-02-23 22:08:26.300042,25.9,4,"[0.8795355558395386, 0.7912015318870544, 0.4585522413253784, 0.3378075361251831]",0.8795355558395386,0.3378075361251831,0.6167742162942886,0.25969534201454014
2026-02-23 22:08:26.354963,24.49,6,"[0.8408493399620056, 0.8034988045692444, 0.4251463711261749, 0.3519041836261749, 0.30563995242118835, 0.29581859707832336]",0.8408493399620056,0.29581859707832336,0.5038095414638519,0.2510792828042244
2026-02-23 22:08:26.389241,24.31,5,"[0.8358244299888611, 0.7930968403816223, 0.45116838812828064, 0.29554998874664307, 0.2724921405315399]",0.8358244299888611,0.2724921405315399,0.5296263575553894,0.2693693374571628
2026-02-23 22:08:26.412490,26.37,4,"[0.8063685297966003, 0.7767254114151001, 0.2851094603538513, 0.267363041639328]",0.8063685297966003,0.267363041639328,0.5338916108012199,0.2978489341184551
2026-02-23 22:08:26.444239,27.6,3,"[0.8099017143249512, 0.7628085017204285, 0.30743029713630676]",0.8099017143249512,0.30743029713630676,0.6267135043938955,0.27750813951283115
2026-02-23 22:08:26.481131,27.98,3,"[0.7527917623519897, 0.7007280588150024, 0.584376335144043]",0.7527917623519897,0.584376335144043,0.6792987187703451,0.08622848422343381
2026-02-23 22:08:26.512242,27.87,3,"[0.7618294358253479, 0.6813448071479797, 0.6110314726829529]",0.7618294358253479,0.6110314726829529,0.6847352385520935,0.07545613090268598
2026-02-23 22:08:26.539047,29.34,3,"[0.7796279191970825, 0.761019766330719, 0.7494619488716125]",0.7796279191970825,0.7494619488716125,0.7633698781331381,0.015219681683011166
2026-02-23 22:08:26.576615,29.6,3,"[0.7814153432846069, 0.7805242538452148, 0.7604149580001831]",0.7814153432846069,0.7604149580001831,0.774118185043335,0.011875703501029962
2026-02-23 22:08:26.602071,31.53,3,"[0.88035649061203, 0.8211963772773743, 0.32801327109336853]",0.88035649061203,0.32801327109336853,0.6765220463275909,0.3032635068119566
2026-02-23 22:08:26.634477,31.44,3,"[0.8747916221618652, 0.8312451839447021, 0.3562971353530884]",0.8747916221618652,0.3562971353530884,0.6874446471532186,0.28760750859272316
2026-02-23 22:08:26.670896,32.35,4,"[0.8432313799858093, 0.8107545375823975, 0.47699907422065735, 0.3555205166339874]",0.8432313799858093,0.3555205166339874,0.6216263771057129,0.2426297756555483
2026-02-23 22:08:26.697099,33.31,4,"[0.8405168056488037, 0.79252690076828, 0.46755102276802063, 0.33600395917892456]",0.8405168056488037,0.33600395917892456,0.6091496720910072,0.24618198990479384
2026-02-23 22:08:26.731312,31.94,5,"[0.8814430236816406, 0.8699353933334351, 0.7742319703102112, 0.6485633850097656, 0.6161314249038696]",0.8814430236816406,0.6161314249038696,0.7580610394477845,0.12261141454589854
2026-02-23 22:08:26.761732,32.08,5,"[0.8917694091796875, 0.8797383904457092, 0.7785378098487854, 0.6466849446296692, 0.6316488981246948]",0.8917694091796875,0.6316488981246948,0.7656758904457093,0.1236904788176018
2026-02-23 22:08:26.790555,32.8,6,"[0.885007381439209, 0.8616752624511719, 0.8176640868186951, 0.6679141521453857, 0.6538928747177124, 0.2662583291530609]",0.885007381439209,0.2662583291530609,0.6920686811208725,0.23026994148216207
2026-02-23 22:08:26.823924,32.63,5,"[0.8822083473205566, 0.8582360744476318, 0.8162552714347839, 0.664821445941925, 0.6598703265190125]",0.8822083473205566,0.6598703265190125,0.776278293132782,0.10666519649036756
2026-02-23 22:08:26.865073,31.34,9,"[0.8591044545173645, 0.8570739030838013, 0.8325481414794922, 0.5314403176307678, 0.3851781487464905, 0.3707597553730011, 0.35375940799713135, 0.33006301522254944, 0.2757509648799896]",0.8591044545173645,0.2757509648799896,0.5328531232145097,0.24717408081167158
2026-02-23 22:08:26.903358,31.26,9,"[0.8587717413902283, 0.8548535108566284, 0.8329387903213501, 0.5228955149650574, 0.3921665549278259, 0.36166879534721375, 0.33934906125068665, 0.3134814500808716, 0.280567467212677]",0.8587717413902283,0.280567467212677,0.5285214318169488,0.2495499636157221
2026-02-23 22:08:26.936934,30.39,6,"[0.9084596037864685, 0.848655641078949, 0.7865776419639587, 0.747093915939331, 0.45287805795669556, 0.40909987688064575]",0.9084596037864685,0.40909987688064575,0.6921274562676748,0.2100417602493135
2026-02-23 22:08:26.992965,29.09,7,"[0.9088684916496277, 0.8586389422416687, 0.7845214009284973, 0.7442944049835205, 0.4485861659049988, 0.4044815003871918, 0.28794974088668823]",0.9088684916496277,0.28794974088668823,0.6339058067117419,0.24753607186476484
2026-02-23 22:08:27.037529,28.59,9,"[0.9343708753585815, 0.8661149144172668, 0.774381160736084, 0.768426775932312, 0.5556828379631042, 0.46051305532455444, 0.4182136356830597, 0.3845520615577698, 0.367228627204895]",0.9343708753585815,0.367228627204895,0.6143871049086252,0.22209280885322352
2026-02-23 22:08:27.066832,28.11,9,"[0.9341349005699158, 0.8630538582801819, 0.7710171341896057, 0.7649246454238892, 0.556516706943512, 0.44996899366378784, 0.415179967880249, 0.3723732531070709, 0.3506705164909363]",0.9341349005699158,0.3506705164909363,0.6086488862832388,0.22615119528816002
2026-02-23 22:08:27.089689,29.57,18,"[0.9467273950576782, 0.8665978908538818, 0.8431894779205322, 0.8323642015457153, 0.6605547666549683, 0.6330862641334534, 0.5277529358863831, 0.4646131992340088, 0.4147363305091858, 0.34469813108444214, 0.3280382752418518, 0.3098047971725464, 0.28429991006851196, 0.28400668501853943, 0.27007797360420227, 0.2700265645980835, 0.2668456435203552, 0.25958049297332764]",0.9467273950576782,0.25958049297332764,0.48927782972653705,0.24421240701617858
2026-02-23 22:08:27.128184,28.9,18,"[0.946247935295105, 0.8661895394325256, 0.8377296924591064, 0.8316679000854492, 0.6549614667892456, 0.6314911842346191, 0.5548497438430786, 0.46823206543922424, 0.41667401790618896, 0.3341636657714844, 0.312357097864151, 0.3072516620159149, 0.2937810719013214, 0.28472328186035156, 0.28001073002815247, 0.27736419439315796, 0.25879594683647156, 0.25104230642318726]",0.946247935295105,0.25104230642318726,0.48930741680992973,0.24427057923371062
2026-02-23 22:08:27.164489,28.18,18,"[0.9541652798652649, 0.8823096752166748, 0.8608934879302979, 0.8475086092948914, 0.7581077814102173, 0.6734945774078369, 0.5941882133483887, 0.5644475221633911, 0.5356131792068481, 0.4980804920196533, 0.4885908365249634, 0.4245612323284149, 0.35301926732063293, 0.33147427439689636, 0.2983778417110443, 0.2728312313556671, 0.25336357951164246, 0.25044283270835876]",0.9541652798652649,0.25044283270835876,0.5467483285400603,0.23593413609241573
2026-02-23 22:08:27.199011,28.05,17,"[0.9541704654693604, 0.8814006447792053, 0.8597134947776794, 0.8456738591194153, 0.7613222002983093, 0.5940190553665161, 0.56472247838974, 0.5432083010673523, 0.5377400517463684, 0.5346568822860718, 0.5142646431922913, 0.4204697906970978, 0.37290507555007935, 0.3533092141151428, 0.3359050154685974, 0.2702668607234955, 0.253915011882782]",0.9541704654693604,0.253915011882782,0.564568414407618,0.22360952298821424
2026-02-23 22:08:27.239220,28.11,17,"[0.9557813405990601, 0.8990198969841003, 0.8954281210899353, 0.8175768852233887, 0.7894265055656433, 0.7330077886581421, 0.6401798129081726, 0.6184106469154358, 0.5239566564559937, 0.5216037034988403, 0.43224579095840454, 0.33439382910728455, 0.3211480379104614, 0.3170541226863861, 0.30315104126930237, 0.29964548349380493, 0.25150296092033386]",0.9557813405990601,0.25150296092033386,0.5678548602496877,0.24453873712237523
2026-02-23 22:08:27.281074,27.9,16,"[0.9560786485671997, 0.8981188535690308, 0.8957979679107666, 0.8138179779052734, 0.7851394414901733, 0.7354314923286438, 0.6359373927116394, 0.6173292398452759, 0.5342677235603333, 0.5243741273880005, 0.43252670764923096, 0.32939276099205017, 0.329303115606308, 0.31124773621559143, 0.307746946811676, 0.2966534495353699]",0.9560786485671997,0.2966534495353699,0.5876977238804102,0.23749683802461527
2026-02-23 22:08:27.314037,27.94,15,"[0.9560727477073669, 0.9089196920394897, 0.9011425375938416, 0.8727039694786072, 0.8448503613471985, 0.8064436912536621, 0.7491605281829834, 0.6377275586128235, 0.5679821372032166, 0.5406140685081482, 0.4786728024482727, 0.4534960687160492, 0.33158183097839355, 0.3165062367916107, 0.2770535945892334]",0.9560727477073669,0.2770535945892334,0.6428618550300598,0.2365535640892485
2026-02-23 22:08:27.372205,27.88,16,"[0.9558315277099609, 0.9092699289321899, 0.9014696478843689, 0.8723024129867554, 0.8483114838600159, 0.8070462346076965, 0.7523432970046997, 0.6316195130348206, 0.5756247043609619, 0.5323110818862915, 0.4730616807937622, 0.4653599262237549, 0.3282477855682373, 0.3211805820465088, 0.27825745940208435, 0.2508130371570587]",0.9558315277099609,0.2508130371570587,0.618940643966198,0.24856228223443239
2026-02-23 22:08:27.408121,28.4,15,"[0.9552607536315918, 0.9003096222877502, 0.8801661133766174, 0.8729428648948669, 0.7944023609161377, 0.7794898748397827, 0.6948152184486389, 0.5210943222045898, 0.49935245513916016, 0.3732512891292572, 0.3427771031856537, 0.3175041675567627, 0.3108576834201813, 0.3031192421913147, 0.29545778036117554]",0.9552607536315918,0.29545778036117554,0.5893867234388988,0.25703280479019314
2026-02-23 22:08:27.446759,27.63,13,"[0.955146312713623, 0.8995590806007385, 0.8832929134368896, 0.8729527592658997, 0.7967177629470825, 0.7817350625991821, 0.6818382740020752, 0.5189377069473267, 0.5002924203872681, 0.3747020959854126, 0.34784889221191406, 0.327539324760437, 0.28604158759117126]",0.955146312713623,0.28604158759117126,0.6328157071883862,0.24811003163975545
2026-02-23 22:08:27.482118,26.07,14,"[0.9519158601760864, 0.8797276020050049, 0.8763241171836853, 0.868268609046936, 0.8546921610832214, 0.8338777422904968, 0.6098966598510742, 0.5863727331161499, 0.4784347116947174, 0.47546833753585815, 0.39642032980918884, 0.3899770677089691, 0.38847866654396057, 0.33562010526657104]",0.9519158601760864,0.33562010526657104,0.6375339073794228,0.22888044623965584
2026-02-23 22:08:27.514491,26.54,14,"[0.9518358111381531, 0.8796188235282898, 0.8771141171455383, 0.8681561946868896, 0.8541980385780334, 0.8319425582885742, 0.5934670567512512, 0.5622544288635254, 0.4792026877403259, 0.47230127453804016, 0.3913792371749878, 0.38202932476997375, 0.3772312104701996, 0.3381021022796631]",0.9518358111381531,0.3381021022796631,0.6327737761395318,0.2313286130247734
2026-02-23 22:08:27.538365,27.98,15,"[0.9390776753425598, 0.8925164937973022, 0.8902604579925537, 0.8032041788101196, 0.7961763739585876, 0.6884648203849792, 0.5748640298843384, 0.5700978636741638, 0.5264621376991272, 0.4916039705276489, 0.4519350230693817, 0.4497864842414856, 0.3699533939361572, 0.31540772318840027, 0.27595624327659607]",0.9390776753425598,0.27595624327659607,0.6023844579855601,0.21947956632476734
2026-02-23 22:08:27.584027,27.3,15,"[0.9393606185913086, 0.8912642598152161, 0.8900873064994812, 0.8029203414916992, 0.7989994883537292, 0.6911143064498901, 0.5764045715332031, 0.5760306119918823, 0.520241379737854, 0.4943520128726959, 0.44495609402656555, 0.4214976727962494, 0.373034805059433, 0.2945203185081482, 0.2860095202922821]",0.9393606185913086,0.2860095202922821,0.6000528872013092,0.22219800389475022
2026-02-23 22:08:27.627335,27.11,13,"[0.9330295920372009, 0.8943407535552979, 0.8751477599143982, 0.8092718124389648, 0.7741700410842896, 0.718813419342041, 0.5911530256271362, 0.5712445378303528, 0.45985111594200134, 0.41171684861183167, 0.3627522587776184, 0.2990635335445404, 0.2739886939525604]",0.9330295920372009,0.2739886939525604,0.6134264148198642,0.23598808745792735
2026-02-23 22:08:27.654119,28.44,13,"[0.9331988096237183, 0.8937281966209412, 0.8748090863227844, 0.80962735414505, 0.7728856801986694, 0.6924164295196533, 0.5798953771591187, 0.5552635788917542, 0.4511469304561615, 0.412563681602478, 0.3636929988861084, 0.3024277985095978, 0.28386861085891724]",0.9331988096237183,0.28386861085891724,0.6096557332919195,0.23416589690585324
2026-02-23 22:08:27.681987,28.97,15,"[0.9162015914916992, 0.9032632112503052, 0.8669323921203613, 0.825219452381134, 0.7707096934318542, 0.7080703973770142, 0.6259097456932068, 0.5405256152153015, 0.4977387487888336, 0.4370936155319214, 0.40186095237731934, 0.36697402596473694, 0.3112637996673584, 0.2914721965789795, 0.2807842791080475]",0.9162015914916992,0.2807842791080475,0.5829346477985382,0.23385016189463487
2026-02-23 22:08:27.716014,30.21,15,"[0.915745198726654, 0.9006962776184082, 0.8666329383850098, 0.8304712772369385, 0.7714505791664124, 0.7038336396217346, 0.6204568147659302, 0.532212495803833, 0.4980584383010864, 0.43725472688674927, 0.39771226048469543, 0.37092307209968567, 0.291826456785202, 0.2866649031639099, 0.28243887424468994]",0.915745198726654,0.28243887424468994,0.5804251968860626,0.23574134327766638
2026-02-23 22:08:27.756923,29.88,18,"[0.9088605046272278, 0.9037628769874573, 0.8709595799446106, 0.8571919202804565, 0.6081608533859253, 0.5337691307067871, 0.5316140651702881, 0.526296079158783, 0.525341272354126, 0.4381761848926544, 0.43810978531837463, 0.42000219225883484, 0.4159211218357086, 0.41451701521873474, 0.2903357446193695, 0.27382007241249084, 0.26869603991508484, 0.258777379989624]",0.9088605046272278,0.258777379989624,0.5269062121709188,0.22132819073144955
2026-02-23 22:08:27.798813,29.69,17,"[0.9095433354377747, 0.9040210247039795, 0.8711782097816467, 0.8589488863945007, 0.6121905446052551, 0.5464653968811035, 0.5398463606834412, 0.5371906757354736, 0.5314986705780029, 0.43240684270858765, 0.43229180574417114, 0.41703569889068604, 0.4156975746154785, 0.415143221616745, 0.29112961888313293, 0.2793748676776886, 0.2696543335914612]",0.9095433354377747,0.2696543335914612,0.5449186510899487,0.21761343865473642
2026-02-23 22:08:27.833601,29.76,18,"[0.907180666923523, 0.8666320443153381, 0.864661455154419, 0.8634414076805115, 0.7248039245605469, 0.7205262780189514, 0.6401423811912537, 0.5976086258888245, 0.5095504522323608, 0.41803300380706787, 0.4169677495956421, 0.3657625615596771, 0.3483217656612396, 0.3300067186355591, 0.32251641154289246, 0.2867210805416107, 0.2662520110607147, 0.26016965508461]",0.907180666923523,0.26016965508461,0.5394054551919302,0.23495198839943518
2026-02-23 22:08:27.879463,28.83,17,"[0.9052448272705078, 0.86774742603302, 0.8646471500396729, 0.8626306056976318, 0.7254706621170044, 0.7051185965538025, 0.636934757232666, 0.5994441509246826, 0.5061212182044983, 0.4292367398738861, 0.4143195152282715, 0.3632855713367462, 0.3626362085342407, 0.3460621237754822, 0.32294338941574097, 0.28485167026519775, 0.2826300859451294]",0.9052448272705078,0.2826300859451294,0.5576073352028342,0.22743059035074767
2026-02-23 22:08:27.932131,26.55,21,"[0.9234066009521484, 0.8845838904380798, 0.8674091696739197, 0.8584919571876526, 0.6719408631324768, 0.6281790733337402, 0.5774575471878052, 0.5705907344818115, 0.5434313416481018, 0.5243688821792603, 0.4541078507900238, 0.4501410126686096, 0.4356127679347992, 0.37505441904067993, 0.3649947941303253, 0.3587103486061096, 0.355603963136673, 0.348265141248703, 0.3179892897605896, 0.27550435066223145, 0.2656126916408539]",0.9234066009521484,0.2656126916408539,0.526259842373076,0.20982548677464455
2026-02-23 22:08:27.971058,26.95,21,"[0.9225839972496033, 0.8827749490737915, 0.867230236530304, 0.8580583333969116, 0.6786723136901855, 0.6194727420806885, 0.5706929564476013, 0.5695106387138367, 0.5375991463661194, 0.5270521640777588, 0.4717566967010498, 0.44904860854148865, 0.4373595118522644, 0.38092872500419617, 0.36765000224113464, 0.36088135838508606, 0.35788074135780334, 0.3472350835800171, 0.30778229236602783, 0.27288326621055603, 0.25889426469802856]",0.9225839972496033,0.25889426469802856,0.5259975251697359,0.20984510580575402
2026-02-23 22:08:28.009084,27.26,18,"[0.9215541481971741, 0.8896066546440125, 0.8620368242263794, 0.858517050743103, 0.6756798624992371, 0.6257990598678589, 0.5951040387153625, 0.5799923539161682, 0.5730059742927551, 0.5355948209762573, 0.5291357040405273, 0.5207837224006653, 0.39792758226394653, 0.3920949399471283, 0.37892040610313416, 0.3304953873157501, 0.2735326886177063, 0.2549203038215637]",0.9215541481971741,0.2549203038215637,0.566372306810485,0.21096797054737568
2026-02-23 22:08:28.054240,25.77,17,"[0.9176098108291626, 0.8880758285522461, 0.8627292513847351, 0.8590013980865479, 0.6756860017776489, 0.622001588344574, 0.5943226218223572, 0.5770758986473083, 0.566459596157074, 0.5270772576332092, 0.5193432569503784, 0.4867424964904785, 0.4001445472240448, 0.3946569859981537, 0.3656703531742096, 0.33218303322792053, 0.2814542055130005]",0.9176098108291626,0.2814542055130005,0.5806020077537087,0.20253650870393636
2026-02-23 22:08:28.090859,24.88,16,"[0.9110268950462341, 0.8630467057228088, 0.8620359301567078, 0.805561363697052, 0.6919239163398743, 0.6653797626495361, 0.5510486364364624, 0.5456801056861877, 0.5432648062705994, 0.5098688006401062, 0.4780307710170746, 0.42923885583877563, 0.4286753833293915, 0.40027952194213867, 0.35386765003204346, 0.3380254805088043]",0.9110268950462341,0.3380254805088043,0.5860596615821123,0.1907253230096052
2026-02-23 22:08:28.123217,25.02,16,"[0.9099678993225098, 0.8629518151283264, 0.8621852397918701, 0.8074921369552612, 0.6873010396957397, 0.6673094034194946, 0.5508639812469482, 0.5501326322555542, 0.534889280796051, 0.5058025121688843, 0.49421629309654236, 0.42835015058517456, 0.42786428332328796, 0.4031411111354828, 0.35356634855270386, 0.32818207144737244]",0.9099678993225098,0.32818207144737244,0.5858885124325752,0.1910758873893673
2026-02-23 22:08:28.157267,25.52,14,"[0.913159191608429, 0.8941994309425354, 0.8369066119194031, 0.8252376317977905, 0.7383907437324524, 0.6563367247581482, 0.6264488101005554, 0.6189550757408142, 0.567757785320282, 0.5549554824829102, 0.5431349277496338, 0.431787371635437, 0.3259125351905823, 0.2829480469226837]",0.913159191608429,0.2829480469226837,0.6297235978501183,0.19859856267604975
2026-02-23 22:08:28.186806,26.55,14,"[0.9148353338241577, 0.8897884488105774, 0.8349272608757019, 0.8267413377761841, 0.7355197668075562, 0.6600995063781738, 0.6419969201087952, 0.6138585805892944, 0.5691529512405396, 0.5546293258666992, 0.5512767434120178, 0.4176179766654968, 0.33129221200942993, 0.2790173888206482]",0.9148353338241577,0.2790173888206482,0.6300538395132337,0.19901103312175272
2026-02-23 22:08:28.216088,27.03,14,"[0.9259474277496338, 0.8720476031303406, 0.812219500541687, 0.7457250952720642, 0.6915462017059326, 0.6132252216339111, 0.5969544649124146, 0.5584447383880615, 0.5452026128768921, 0.5394949316978455, 0.3643912374973297, 0.2896939218044281, 0.2796544134616852, 0.2617606222629547]",0.9259474277496338,0.2617606222629547,0.5783077137810844,0.2193908766771579
2026-02-23 22:08:28.245978,28.23,14,"[0.9264945983886719, 0.8743886351585388, 0.8075897693634033, 0.7309203743934631, 0.6907358169555664, 0.61501544713974, 0.572378396987915, 0.570862352848053, 0.545333743095398, 0.5433459281921387, 0.36942335963249207, 0.2879253923892975, 0.2824687361717224, 0.2690059244632721]",0.9264945983886719,0.2690059244632721,0.5775634625128337,0.21702210948420325
2026-02-23 22:08:28.296083,28.32,15,"[0.9009481072425842, 0.8924230337142944, 0.7943402528762817, 0.7154978513717651, 0.7019443511962891, 0.6722654700279236, 0.5917426943778992, 0.5319960713386536, 0.5035489201545715, 0.49335211515426636, 0.3754885196685791, 0.3629183769226074, 0.3221263289451599, 0.31849995255470276, 0.31701770424842834]",0.9009481072425842,0.31701770424842834,0.5662739833196004,0.20602697486077337
2026-02-23 22:08:28.323283,29.41,15,"[0.8990687131881714, 0.8868990540504456, 0.7813499569892883, 0.7177536487579346, 0.6910567879676819, 0.6774337887763977, 0.6015511751174927, 0.5161342620849609, 0.49626362323760986, 0.4892957806587219, 0.3779504597187042, 0.3689236342906952, 0.3154178261756897, 0.31178751587867737, 0.3083515167236328]",0.8990687131881714,0.3083515167236328,0.5626158495744069,0.20592954787368514
2026-02-23 22:08:28.359910,29.54,13,"[0.9369191527366638, 0.8898484110832214, 0.7637232542037964, 0.7622157335281372, 0.6534760594367981, 0.5342715382575989, 0.4497247636318207, 0.4240630269050598, 0.40324968099594116, 0.3976241648197174, 0.3208211064338684, 0.262927770614624, 0.2536267936229706]",0.9369191527366638,0.2536267936229706,0.5424993427900168,0.23444608913578285
2026-02-23 22:08:28.394042,30.22,13,"[0.9342955350875854, 0.8863247036933899, 0.7736930847167969, 0.762448251247406, 0.6551569104194641, 0.5243025422096252, 0.44608429074287415, 0.4252399504184723, 0.40624743700027466, 0.38893190026283264, 0.3157007396221161, 0.2701849639415741, 0.2552317976951599]",0.9342955350875854,0.2552317976951599,0.5418340082351978,0.2344983721530517
2026-02-23 22:08:28.443862,29.54,12,"[0.9158951044082642, 0.8480837941169739, 0.8059751391410828, 0.7932975888252258, 0.6979280710220337, 0.5461592674255371, 0.4655783474445343, 0.42864930629730225, 0.3400076627731323, 0.33969539403915405, 0.2911716401576996, 0.26382651925086975]",0.9158951044082642,0.26382651925086975,0.5613556529084841,0.23872110310155245
2026-02-23 22:08:28.486862,28.77,13,"[0.9153938889503479, 0.8523586392402649, 0.8091538548469543, 0.7963740825653076, 0.6926422119140625, 0.5471234917640686, 0.48760974407196045, 0.4275732636451721, 0.3451199233531952, 0.3367083668708801, 0.2980189919471741, 0.2669750452041626, 0.25253838300704956]",0.9153938889503479,0.25253838300704956,0.5405838374908154,0.24331525754890954
2026-02-23 22:08:28.518190,29.02,13,"[0.9164316058158875, 0.8499289155006409, 0.8487218618392944, 0.8383150696754456, 0.7085163593292236, 0.5891676545143127, 0.5851786136627197, 0.5082272887229919, 0.43197891116142273, 0.36297670006752014, 0.29775282740592957, 0.2928307354450226, 0.27236631512641907]",0.9164316058158875,0.27236631512641907,0.5771071429436023,0.23671947182188155
2026-02-23 22:08:28.574758,27.38,13,"[0.9163961410522461, 0.8513773083686829, 0.8481987714767456, 0.839266836643219, 0.7020727396011353, 0.6023167967796326, 0.578001081943512, 0.4907578229904175, 0.4340830445289612, 0.36305513978004456, 0.3273695111274719, 0.3046634793281555, 0.2521745562553406]",0.9163961410522461,0.2521745562553406,0.577671786913505,0.23535683611795782
2026-02-23 22:08:28.602303,27.57,12,"[0.93072110414505, 0.8428044319152832, 0.8208338022232056, 0.7308318614959717, 0.6681828498840332, 0.60177081823349, 0.5989382266998291, 0.3344619572162628, 0.3147074282169342, 0.308768630027771, 0.30477529764175415, 0.2538965940475464]",0.93072110414505,0.2538965940475464,0.559224416812261,0.24542719306775074
2026-02-23 22:08:28.640926,26.8,12,"[0.9304089546203613, 0.8433735370635986, 0.8206693530082703, 0.7341752648353577, 0.6691194772720337, 0.5991896390914917, 0.5713909864425659, 0.3627121150493622, 0.3043828308582306, 0.30415308475494385, 0.2936601936817169, 0.2580743730068207]",0.9304089546203613,0.2580743730068207,0.5576091508070627,0.24515472032033572
2026-02-23 22:08:28.675010,27.75,8,"[0.9281810522079468, 0.8075551390647888, 0.789267361164093, 0.7642248272895813, 0.6165888905525208, 0.43258005380630493, 0.3253917098045349, 0.2917885184288025]",0.9281810522079468,0.2917885184288025,0.6194471940398216,0.24179595291493902
2026-02-23 22:08:28.721501,26.23,8,"[0.9276478290557861, 0.7870824337005615, 0.7820615172386169, 0.779635488986969, 0.6212611794471741, 0.45196646451950073, 0.3367144465446472, 0.28561678528785706]",0.9276478290557861,0.28561678528785706,0.6214982680976391,0.2374245417952827
2026-02-23 22:08:28.745033,27.68,10,"[0.9272698760032654, 0.7995036244392395, 0.7970067858695984, 0.7705824971199036, 0.6193621158599854, 0.4428452253341675, 0.3417607545852661, 0.2745596170425415, 0.2589336335659027, 0.2555406391620636]",0.9272698760032654,0.2555406391620636,0.5487364768981934,0.26271823202434386
2026-02-23 22:08:28.782229,27.5,8,"[0.9339866638183594, 0.8544278144836426, 0.7031577229499817, 0.4771915674209595, 0.4586487114429474, 0.3090876638889313, 0.29509657621383667, 0.25615569949150085]",0.9339866638183594,0.25615569949150085,0.5359690524637699,0.26322437693130857
2026-02-23 22:08:28.821867,27.98,13,"[0.9193931818008423, 0.8598296642303467, 0.709810197353363, 0.5086985230445862, 0.449649840593338, 0.4368031620979309, 0.3129729926586151, 0.3047136962413788, 0.2850760221481323, 0.2806277275085449, 0.26430514454841614, 0.2632150948047638, 0.2588016986846924]",0.9193931818008423,0.2588016986846924,0.4502997650549962,0.23471785288774233
2026-02-23 22:08:28.866186,27.91,11,"[0.9155880808830261, 0.8442726731300354, 0.7713896036148071, 0.5036525130271912, 0.49010729789733887, 0.46545228362083435, 0.3435918390750885, 0.3311949372291565, 0.2905083894729614, 0.28017956018447876, 0.2678529620170593]",0.9155880808830261,0.2678529620170593,0.5003445581956343,0.2377501963159955
2026-02-23 22:08:28.918967,26.62,11,"[0.9156458377838135, 0.8429364562034607, 0.7638488411903381, 0.5114651918411255, 0.48674115538597107, 0.4662657678127289, 0.33903059363365173, 0.31347519159317017, 0.29363614320755005, 0.2822742462158203, 0.2704331576824188]",0.9156458377838135,0.2704331576824188,0.49870478023182263,0.23765605677255938
2026-02-23 22:08:28.956296,27.51,11,"[0.9155848622322083, 0.8492481112480164, 0.7640994787216187, 0.5117418766021729, 0.4761855900287628, 0.4655989110469818, 0.3392930328845978, 0.31327512860298157, 0.2937890887260437, 0.2821871042251587, 0.2703959345817566]",0.9155848622322083,0.2703959345817566,0.4983090108091181,0.23867695021453145
2026-02-23 22:08:28.988858,27.0,9,"[0.9269184470176697, 0.8761934041976929, 0.8610863089561462, 0.71921706199646, 0.6132229566574097, 0.46374115347862244, 0.41991671919822693, 0.3651343882083893, 0.2943211495876312]",0.9269184470176697,0.2943211495876312,0.615527954366472,0.24060857810742306
2026-02-23 22:08:29.036664,26.5,10,"[0.926797091960907, 0.8754969239234924, 0.8506307005882263, 0.7085756063461304, 0.5886393189430237, 0.45209625363349915, 0.3593631386756897, 0.3161294460296631, 0.3108865022659302, 0.2691021263599396]",0.926797091960907,0.2691021263599396,0.5657717108726501,0.2580173848717778
2026-02-23 22:08:29.067841,26.76,12,"[0.9269508719444275, 0.8743789196014404, 0.8692983388900757, 0.7164866328239441, 0.575477123260498, 0.4664786458015442, 0.3723444938659668, 0.35346633195877075, 0.3497166335582733, 0.27634960412979126, 0.27109062671661377, 0.26242491602897644]",0.9269508719444275,0.26242491602897644,0.5262052615483602,0.25645986606845955
2026-02-23 22:08:29.109694,26.98,10,"[0.9103653430938721, 0.857521653175354, 0.8168262839317322, 0.7095015048980713, 0.6086249351501465, 0.46945101022720337, 0.43519607186317444, 0.3696623146533966, 0.27609094977378845, 0.2607027292251587]",0.9103653430938721,0.2607027292251587,0.5713942795991898,0.2428621729982622
2026-02-23 22:08:29.143583,25.76,10,"[0.8988242149353027, 0.8584888577461243, 0.8000969290733337, 0.7079141139984131, 0.5901307463645935, 0.48098525404930115, 0.45361942052841187, 0.3696328103542328, 0.2622300982475281, 0.25818949937820435]",0.8988242149353027,0.25818949937820435,0.5680111944675446,0.23973247917424262
2026-02-23 22:08:29.176382,26.08,9,"[0.8898535966873169, 0.8700586557388306, 0.8090398907661438, 0.7138526439666748, 0.5568307638168335, 0.5489158034324646, 0.4319734275341034, 0.42775335907936096, 0.26258185505867004]",0.8898535966873169,0.26258185505867004,0.6123177773422666,0.22035974954724508
2026-02-23 22:08:29.223612,25.69,9,"[0.8808977603912354, 0.8728502988815308, 0.8122652173042297, 0.7106093168258667, 0.6896522045135498, 0.5761610269546509, 0.5467803478240967, 0.4161369204521179, 0.3987824022769928]",0.8808977603912354,0.3987824022769928,0.6560150550471412,0.18307611216138023
2026-02-23 22:08:29.267126,25.72,9,"[0.8872910141944885, 0.8721104264259338, 0.8135919570922852, 0.7079411149024963, 0.6844538450241089, 0.5729888081550598, 0.5452002882957458, 0.4195142984390259, 0.40202534198760986]",0.8872910141944885,0.40202534198760986,0.6561241216129727,0.18307713015838697
2026-02-23 22:08:29.299154,27.03,10,"[0.8901582360267639, 0.8712148666381836, 0.8047247529029846, 0.7077767252922058, 0.6695123314857483, 0.5633094906806946, 0.5564660429954529, 0.4313156008720398, 0.3987310826778412, 0.2661485970020294]",0.8901582360267639,0.2661485970020294,0.6159357726573944,0.21008770397987644
2026-02-23 22:08:29.349613,26.34,10,"[0.8916841745376587, 0.8713541030883789, 0.8047112822532654, 0.709645688533783, 0.6741131544113159, 0.5671213269233704, 0.5576425194740295, 0.43307486176490784, 0.4024309813976288, 0.2712060809135437]",0.8916841745376587,0.2712060809135437,0.6182984173297882,0.2088764002779873
2026-02-23 22:08:29.400653,25.23,11,"[0.9347739219665527, 0.8789893984794617, 0.7749325633049011, 0.7715898752212524, 0.5915064215660095, 0.4475826919078827, 0.44501426815986633, 0.4448992908000946, 0.3997938930988312, 0.3550892770290375, 0.30197852849960327]",0.9347739219665527,0.30197852849960327,0.5769227390939539,0.22457860968632462
2026-02-23 22:08:29.437349,25.83,10,"[0.9341490268707275, 0.8768113255500793, 0.7914919257164001, 0.7704197764396667, 0.6024791598320007, 0.43337252736091614, 0.4034314453601837, 0.38066935539245605, 0.3549903631210327, 0.33487647771835327]",0.9341490268707275,0.33487647771835327,0.5882691383361817,0.23510097173893174
2026-02-23 22:08:29.466838,26.02,11,"[0.934408962726593, 0.8828157782554626, 0.8036900162696838, 0.7716236114501953, 0.5741020441055298, 0.45327460765838623, 0.4408140778541565, 0.42550554871559143, 0.3833860456943512, 0.36972132325172424, 0.3054790794849396]",0.934408962726593,0.3054790794849396,0.5768019177696921,0.22836784084195222
2026-02-23 22:08:29.497851,26.88,8,"[0.9261246919631958, 0.8727866411209106, 0.7369697093963623, 0.6710304021835327, 0.6104379296302795, 0.4675256907939911, 0.4576466381549835, 0.3695874512195587]",0.9261246919631958,0.3695874512195587,0.6390136443078518,0.20121494736788068
2026-02-23 22:08:29.531319,26.9,8,"[0.9288637042045593, 0.8780081272125244, 0.7449412941932678, 0.6959457993507385, 0.6159626245498657, 0.494384765625, 0.37655770778656006, 0.2744091749191284]",0.9288637042045593,0.2744091749191284,0.6261341497302055,0.232235934865174
2026-02-23 22:08:29.561741,27.12,7,"[0.9308518767356873, 0.8761374950408936, 0.743380069732666, 0.7252306342124939, 0.6237132549285889, 0.5247933268547058, 0.358686625957489]",0.9308518767356873,0.358686625957489,0.6832561833517892,0.19911671569765244
2026-02-23 22:08:29.590331,28.5,7,"[0.9252156019210815, 0.8645378351211548, 0.7167780995368958, 0.5436729192733765, 0.4954582750797272, 0.4324423372745514, 0.34401416778564453]",0.9252156019210815,0.34401416778564453,0.6174456051417759,0.22171985454944768
2026-02-23 22:08:29.621487,29.42,8,"[0.9233924746513367, 0.8635781407356262, 0.7200220227241516, 0.5013806819915771, 0.47283610701560974, 0.4003256559371948, 0.3083171248435974, 0.2610744833946228]",0.9233924746513367,0.2610744833946228,0.5563658364117146,0.2504126787419971
2026-02-23 22:08:29.652075,29.47,7,"[0.9250199198722839, 0.8645117282867432, 0.7117915153503418, 0.5060494542121887, 0.46246662735939026, 0.4184621572494507, 0.2981310486793518]",0.9250199198722839,0.2981310486793518,0.5980617787156787,0.2380120565828553
2026-02-23 22:08:29.690439,30.16,8,"[0.9245071411132812, 0.8633714914321899, 0.7146340012550354, 0.5046162605285645, 0.4573468863964081, 0.42356863617897034, 0.305687814950943, 0.2540670931339264]",0.9245071411132812,0.2540670931339264,0.5559749156236649,0.25047667412897456
2026-02-23 22:08:29.733071,30.52,8,"[0.8914550542831421, 0.8334769606590271, 0.8167626857757568, 0.5198982954025269, 0.45534422993659973, 0.387050062417984, 0.351833701133728, 0.29574570059776306]",0.8914550542831421,0.29574570059776306,0.568945836275816,0.24070585324344637
2026-02-23 22:08:29.765949,30.88,8,"[0.8922436237335205, 0.8405798673629761, 0.8390663862228394, 0.5971637964248657, 0.4620579183101654, 0.37864282727241516, 0.36765074729919434, 0.2837963104248047]",0.8922436237335205,0.2837963104248047,0.5826501846313477,0.2449593624809481
2026-02-23 22:08:29.805100,30.05,8,"[0.8849806189537048, 0.839435338973999, 0.8298321962356567, 0.5987976789474487, 0.46410393714904785, 0.37927860021591187, 0.33868497610092163, 0.273897647857666]",0.8849806189537048,0.273897647857666,0.5761263743042946,0.24745039350185383
2026-02-23 22:08:29.844894,29.35,10,"[0.876063883304596, 0.8699459433555603, 0.7779989242553711, 0.6990365982055664, 0.5425915718078613, 0.5396800637245178, 0.45782458782196045, 0.4194484353065491, 0.39146727323532104, 0.2957289218902588]",0.876063883304596,0.2957289218902588,0.5869786202907562,0.2067451749567863
2026-02-23 22:08:29.875679,29.54,10,"[0.8725889921188354, 0.8652617335319519, 0.7835538387298584, 0.7038030028343201, 0.6164836287498474, 0.5071251392364502, 0.49032217264175415, 0.41956886649131775, 0.3989284932613373, 0.3530941605567932]",0.8725889921188354,0.3530941605567932,0.6010730028152466,0.19550459544624169
2026-02-23 22:08:29.903148,29.92,10,"[0.8735479116439819, 0.8680998682975769, 0.7817233204841614, 0.7184824347496033, 0.5979575514793396, 0.5321423411369324, 0.4986068904399872, 0.41347822546958923, 0.38112878799438477, 0.32206448912620544]",0.8735479116439819,0.32206448912620544,0.5987231820821762,0.2023703078270225
2026-02-23 22:08:29.934413,29.62,13,"[0.8762489557266235, 0.8473051190376282, 0.7770190238952637, 0.6958141922950745, 0.5338093638420105, 0.46945470571517944, 0.42580386996269226, 0.3926421105861664, 0.36335089802742004, 0.3607482612133026, 0.315574049949646, 0.278247594833374, 0.2529975473880768]",0.8762489557266235,0.2529975473880768,0.5068473609594198,0.2194738980703838
2026-02-23 22:08:29.969241,29.3,13,"[0.8779667615890503, 0.8422854542732239, 0.8031992316246033, 0.694991946220398, 0.543770968914032, 0.4322267174720764, 0.4112263023853302, 0.3815481662750244, 0.3743259906768799, 0.35091614723205566, 0.2967897653579712, 0.28140658140182495, 0.27386483550071716]",0.8779667615890503,0.27386483550071716,0.5049629899171683,0.22291719316212366
2026-02-23 22:08:30.002147,29.08,13,"[0.8691191077232361, 0.8429197072982788, 0.8312163352966309, 0.7013695240020752, 0.5394835472106934, 0.48803937435150146, 0.4342710077762604, 0.3565014600753784, 0.35156580805778503, 0.31454670429229736, 0.3033624291419983, 0.29097694158554077, 0.26855233311653137]",0.8691191077232361,0.26855233311653137,0.507071098456016,0.22774465783521763
2026-02-23 22:08:30.030036,29.98,13,"[0.8705708384513855, 0.8425548076629639, 0.8379054069519043, 0.7006556391716003, 0.5504345297813416, 0.48652005195617676, 0.4341394007205963, 0.37096816301345825, 0.3653981685638428, 0.31479454040527344, 0.29999884963035583, 0.29263854026794434, 0.273118257522583]",0.8705708384513855,0.273118257522583,0.5107459380076482,0.2269753243806411
2026-02-23 22:08:30.063350,30.67,10,"[0.8155354857444763, 0.8101882934570312, 0.7502973675727844, 0.6960189342498779, 0.6238583922386169, 0.6188288927078247, 0.561032235622406, 0.4212369918823242, 0.41049924492836, 0.3517884910106659]",0.8155354857444763,0.3517884910106659,0.6059284329414367,0.16799804058514517
2026-02-23 22:08:30.093382,30.95,10,"[0.824941873550415, 0.8165334463119507, 0.7597799897193909, 0.6907892823219299, 0.6112247109413147, 0.6075791120529175, 0.5282149314880371, 0.4680473208427429, 0.3858408033847809, 0.3091990649700165]",0.824941873550415,0.3091990649700165,0.6002150535583496,0.17777477769154126
2026-02-23 22:08:30.125572,31.5,11,"[0.820074200630188, 0.8145150542259216, 0.8000378608703613, 0.678393542766571, 0.6446574926376343, 0.6121657490730286, 0.6111264824867249, 0.45035985112190247, 0.4280359745025635, 0.28187331557273865, 0.257512629032135]",0.820074200630188,0.257512629032135,0.5817047411745245,0.20240065629875514
2026-02-23 22:08:30.154997,32.36,10,"[0.9089351296424866, 0.8885849714279175, 0.8812155723571777, 0.8232104182243347, 0.7353584170341492, 0.6366189122200012, 0.39196696877479553, 0.3547114431858063, 0.3118568956851959, 0.2524396777153015]",0.9089351296424866,0.2524396777153015,0.6184898406267166,0.26481445015688393
2026-02-23 22:08:30.183829,32.62,10,"[0.9085922837257385, 0.8889244198799133, 0.8842878937721252, 0.848982036113739, 0.7317181825637817, 0.6636939644813538, 0.40124082565307617, 0.35933536291122437, 0.270280122756958, 0.261209636926651]",0.9085922837257385,0.261209636926651,0.6218264728784562,0.2706123949837448
2026-02-23 22:08:30.216453,32.06,10,"[0.9087719917297363, 0.8893371820449829, 0.8749629855155945, 0.8499664664268494, 0.7317765951156616, 0.6592615246772766, 0.4119851589202881, 0.3587079346179962, 0.2666688859462738, 0.26091307401657104]",0.9087719917297363,0.26091307401657104,0.6212351799011231,0.26939700411944867
2026-02-23 22:08:30.248055,32.02,11,"[0.8994832634925842, 0.8843485116958618, 0.8629859089851379, 0.8494636416435242, 0.7442899942398071, 0.694765567779541, 0.5988457798957825, 0.32074660062789917, 0.3052966892719269, 0.3009968101978302, 0.2603357434272766]",0.8994832634925842,0.2603357434272766,0.611050773750652,0.2645757636397417
2026-02-23 22:08:30.283356,31.98,11,"[0.8983603715896606, 0.8855257034301758, 0.8687199354171753, 0.8673267364501953, 0.7357870936393738, 0.6867382526397705, 0.6232308745384216, 0.3668312728404999, 0.33047786355018616, 0.31550052762031555, 0.25574934482574463]",0.8983603715896606,0.25574934482574463,0.6212952705946836,0.2573303491341735
2026-02-23 22:08:30.317252,31.88,10,"[0.9041851758956909, 0.8854457139968872, 0.8774949908256531, 0.8651195168495178, 0.7182068228721619, 0.6681135892868042, 0.6160035729408264, 0.3697385787963867, 0.3662259578704834, 0.32281267642974854]",0.9041851758956909,0.32281267642974854,0.659334659576416,0.23320604917194745
2026-02-23 22:08:30.349640,31.39,10,"[0.9030614495277405, 0.8854944109916687, 0.8795536756515503, 0.8655281662940979, 0.7280088067054749, 0.6591504216194153, 0.6319994330406189, 0.37341582775115967, 0.36066463589668274, 0.32606562972068787]",0.9030614495277405,0.32606562972068787,0.6612942457199097,0.23309744112011868
2026-02-23 22:08:30.373214,32.63,7,"[0.930782675743103, 0.9230690598487854, 0.8796300888061523, 0.8504173159599304, 0.7128090858459473, 0.6395434737205505, 0.4288936257362366]",0.930782675743103,0.4288936257362366,0.7664493322372437,0.18453632016627702
2026-02-23 22:08:30.406672,32.33,7,"[0.9307969212532043, 0.9229604005813599, 0.884023904800415, 0.8481076955795288, 0.6969567537307739, 0.6462636590003967, 0.4247390031814575]",0.9307969212532043,0.4247390031814575,0.7648354768753052,0.18619848045616524
2026-02-23 22:08:30.433690,32.86,8,"[0.926555871963501, 0.9209505319595337, 0.8861085772514343, 0.8529689311981201, 0.7144483923912048, 0.6776167750358582, 0.4028293192386627, 0.3064003884792328]",0.926555871963501,0.3064003884792328,0.7109848484396935,0.23939151866668373
2026-02-23 22:08:30.468348,32.37,8,"[0.9290562868118286, 0.9222317337989807, 0.9037689566612244, 0.7651689052581787, 0.7493996024131775, 0.5456109642982483, 0.37217411398887634, 0.31544819474220276]",0.9290562868118286,0.31544819474220276,0.6878573447465897,0.24729079032685317
2026-02-23 22:08:30.497970,32.27,8,"[0.9290682077407837, 0.9233669638633728, 0.9049050211906433, 0.7626249194145203, 0.757293164730072, 0.5166538953781128, 0.4159550070762634, 0.31608253717422485]",0.9290682077407837,0.31608253717422485,0.6907437145709991,0.2427697436716579
2026-02-23 22:08:30.540662,31.55,8,"[0.9270052909851074, 0.9231380224227905, 0.9042857885360718, 0.7559800148010254, 0.7330652475357056, 0.5158265233039856, 0.38461920619010925, 0.31784215569496155]",0.9270052909851074,0.31784215569496155,0.6827202811837196,0.2462062313134147
2026-02-23 22:08:30.581654,30.82,9,"[0.9277326464653015, 0.9241896867752075, 0.9149467945098877, 0.7820060849189758, 0.7531177401542664, 0.7017645835876465, 0.6153339147567749, 0.507603108882904, 0.37777701020240784]",0.9277326464653015,0.37777701020240784,0.7227190633614858,0.1940496285510587
2026-02-23 22:08:30.609081,31.61,9,"[0.9271117448806763, 0.9212687611579895, 0.9146028161048889, 0.780493974685669, 0.7479625344276428, 0.6976096630096436, 0.5864761471748352, 0.49943462014198303, 0.37012848258018494]",0.9271117448806763,0.37012848258018494,0.7161209715737237,0.19842182327998142
2026-02-23 22:08:30.641595,31.74,9,"[0.9267923831939697, 0.9232021570205688, 0.9146332144737244, 0.7794706225395203, 0.7500681281089783, 0.6963390707969666, 0.5889907479286194, 0.5047847032546997, 0.37585869431495667]",0.9267923831939697,0.37585869431495667,0.717793302403556,0.1964711944906723
2026-02-23 22:08:30.670619,32.11,9,"[0.9258185625076294, 0.924225389957428, 0.9150326251983643, 0.7781807780265808, 0.7466700673103333, 0.713704526424408, 0.5896046757698059, 0.5063959360122681, 0.3830161690711975]",0.9258185625076294,0.3830161690711975,0.720294303364224,0.19443183361649705
2026-02-23 22:08:30.711410,30.41,9,"[0.9186497330665588, 0.9123086929321289, 0.9081798791885376, 0.6691674590110779, 0.6103368997573853, 0.5641074180603027, 0.4868142008781433, 0.4067409038543701, 0.2505667209625244]",0.9186497330665588,0.2505667209625244,0.636319100856781,0.23995325128119305
2026-02-23 22:08:30.734170,31.49,8,"[0.9212100505828857, 0.9134441614151001, 0.9077673554420471, 0.6696082949638367, 0.603390634059906, 0.5691549777984619, 0.47807908058166504, 0.40586400032043457]",0.9212100505828857,0.40586400032043457,0.6835648193955421,0.20655022742896512
2026-02-23 22:08:30.767308,30.88,8,"[0.9221974611282349, 0.9135541915893555, 0.9120615720748901, 0.6881288290023804, 0.5611810684204102, 0.5483444929122925, 0.4761645495891571, 0.4193350076675415]",0.9221974611282349,0.4193350076675415,0.6801208965480328,0.20978626704102082
2026-02-23 22:08:30.799946,31.04,8,"[0.9303703308105469, 0.9037193655967712, 0.8793906569480896, 0.618556559085846, 0.6170259714126587, 0.5539706349372864, 0.4244292378425598, 0.3795570135116577]",0.9303703308105469,0.3795570135116577,0.663377471268177,0.21695577286154205
2026-02-23 22:08:30.831541,30.86,9,"[0.9304296970367432, 0.905022382736206, 0.8936704397201538, 0.6201283931732178, 0.6165496706962585, 0.5695531964302063, 0.4439491927623749, 0.3774048686027527, 0.2570084035396576]",0.9304296970367432,0.2570084035396576,0.6237462494108412,0.24406442295855835
2026-02-23 22:08:30.871694,31.0,8,"[0.9259576797485352, 0.9050138592720032, 0.8980482816696167, 0.6636041402816772, 0.6228455305099487, 0.5786671042442322, 0.5219228267669678, 0.37077534198760986]",0.9259576797485352,0.37077534198760986,0.6858543455600739,0.2045236201924607
2026-02-23 22:08:30.919309,30.67,9,"[0.9201111197471619, 0.9112860560417175, 0.8903928399085999, 0.6576091647148132, 0.6546366810798645, 0.5047910809516907, 0.47259992361068726, 0.38481244444847107, 0.3168445825576782]",0.9201111197471619,0.3168445825576782,0.6347870992289649,0.23208000605587709
2026-02-23 22:08:30.978777,28.71,9,"[0.9176754355430603, 0.9104888439178467, 0.8809776306152344, 0.6569706201553345, 0.654513418674469, 0.5081450939178467, 0.4713273048400879, 0.3858988881111145, 0.3191371262073517]",0.9176754355430603,0.3191371262073517,0.6339038179980384,0.2296352554030327
2026-02-23 22:08:31.039826,27.28,9,"[0.9122393131256104, 0.9110090732574463, 0.8826183676719666, 0.657955527305603, 0.6571613550186157, 0.5185187458992004, 0.48699110746383667, 0.370755672454834, 0.31643155217170715]",0.9122393131256104,0.31643155217170715,0.6348534127076467,0.2297174419774095
2026-02-23 22:08:31.073036,26.85,9,"[0.9118823409080505, 0.9108639359474182, 0.8831554651260376, 0.6587411761283875, 0.6557432413101196, 0.5153211951255798, 0.48068350553512573, 0.3753252923488617, 0.31749868392944336]",0.9118823409080505,0.31749868392944336,0.6343572040398916,0.22959494764137667
2026-02-23 22:08:31.096076,28.56,9,"[0.9176915884017944, 0.9118620157241821, 0.8822378516197205, 0.6917209625244141, 0.6805465221405029, 0.5444185733795166, 0.46412980556488037, 0.29361724853515625, 0.269508421421051]",0.9176915884017944,0.269508421421051,0.6284147765901353,0.2525180753789789
2026-02-23 22:08:31.127313,27.64,10,"[0.917183518409729, 0.9063499569892883, 0.8912079334259033, 0.7247971296310425, 0.7123085260391235, 0.5586003661155701, 0.4467261731624603, 0.2932388186454773, 0.27874869108200073, 0.2704046666622162]",0.917183518409729,0.2704046666622162,0.5999565780162811,0.2663727455243506
2026-02-23 22:08:31.160773,27.63,9,"[0.9154953360557556, 0.9144781827926636, 0.8947663307189941, 0.7388008236885071, 0.6387041211128235, 0.5327860713005066, 0.46370288729667664, 0.3146134316921234, 0.3007609248161316]",0.9154953360557556,0.3007609248161316,0.6349009010526869,0.2472868219497591
2026-02-23 22:08:31.189759,28.0,9,"[0.9341732859611511, 0.9188036322593689, 0.8828943371772766, 0.7223702073097229, 0.6380035877227783, 0.6145695447921753, 0.5918688178062439, 0.3935907781124115, 0.33287253975868225]",0.9341732859611511,0.33287253975868225,0.6699051923222012,0.21794927699689057
2026-02-23 22:08:31.220999,28.04,9,"[0.9286016821861267, 0.9165343642234802, 0.877112627029419, 0.7299129962921143, 0.644729495048523, 0.6189778447151184, 0.6000254154205322, 0.38727709650993347, 0.31713342666625977]",0.9286016821861267,0.31713342666625977,0.6689227720101675,0.21986193007278826
2026-02-23 22:08:31.260240,28.09,9,"[0.930597186088562, 0.9152112007141113, 0.8723345398902893, 0.7349964380264282, 0.6531765460968018, 0.6088991165161133, 0.601479709148407, 0.37830498814582825, 0.3149120807647705]",0.930597186088562,0.3149120807647705,0.6677679783768125,0.2216537782236284
2026-02-23 22:08:31.294746,28.94,11,"[0.9129731059074402, 0.9004397988319397, 0.8534296751022339, 0.7595535516738892, 0.6113038063049316, 0.5242199897766113, 0.405644953250885, 0.3131907880306244, 0.3120124340057373, 0.3007199168205261, 0.2550014555454254]",0.9129731059074402,0.2550014555454254,0.5589535886591132,0.2601538935666451
2026-02-23 22:08:31.338320,29.56,11,"[0.9118503928184509, 0.9023116230964661, 0.8597455620765686, 0.7672020792961121, 0.6248158812522888, 0.5037265419960022, 0.4575243890285492, 0.31277552247047424, 0.2966148555278778, 0.2922067940235138, 0.27055832743644714]",0.9118503928184509,0.27055832743644714,0.5635756335475228,0.2602817366160845
2026-02-23 22:08:31.382989,30.12,11,"[0.9116834998130798, 0.9039056897163391, 0.8655267953872681, 0.763190507888794, 0.608909547328949, 0.4997469186782837, 0.481087863445282, 0.3030450940132141, 0.30000144243240356, 0.29953742027282715, 0.27868178486824036]",0.9116834998130798,0.27868178486824036,0.5650287785313346,0.25868179450482287
2026-02-23 22:08:31.410373,30.77,11,"[0.9115544557571411, 0.9042041897773743, 0.8664956092834473, 0.7605284452438354, 0.6109678149223328, 0.5008770227432251, 0.4814562201499939, 0.302380234003067, 0.3017258048057556, 0.29922929406166077, 0.2799893915653229]",0.9115544557571411,0.2799893915653229,0.5654007711193778,0.25838742219142413
2026-02-23 22:08:31.450110,29.03,11,"[0.9248120784759521, 0.9074074625968933, 0.8865824937820435, 0.6828781366348267, 0.6375288963317871, 0.37399259209632874, 0.36662450432777405, 0.3623194992542267, 0.3484833538532257, 0.32600390911102295, 0.2736584544181824]",0.9248120784759521,0.2736584544181824,0.5536628528074785,0.25954947442356685
2026-02-23 22:08:31.501411,27.8,11,"[0.91600501537323, 0.9100625514984131, 0.8829067945480347, 0.6655182838439941, 0.6602061986923218, 0.41811883449554443, 0.3715555965900421, 0.3670492470264435, 0.35115209221839905, 0.34328076243400574, 0.2853899598121643]",0.91600501537323,0.2853899598121643,0.5610223033211448,0.25171073781168424
2026-02-23 22:08:31.534080,27.79,10,"[0.9254944920539856, 0.9100888967514038, 0.8678145408630371, 0.6811317801475525, 0.6361672878265381, 0.4207356870174408, 0.4180081784725189, 0.36640796065330505, 0.35764849185943604, 0.28092893958091736]",0.9254944920539856,0.28092893958091736,0.5864426255226135,0.24949758046660558
2026-02-23 22:08:31.569548,27.18,9,"[0.9428071975708008, 0.9170437455177307, 0.8638280034065247, 0.6419170498847961, 0.4735807478427887, 0.472108393907547, 0.34346020221710205, 0.28855791687965393, 0.27101930975914]",0.9428071975708008,0.27101930975914,0.5793691741095649,0.27132552190578235
2026-02-23 22:08:31.598010,27.47,9,"[0.9423227310180664, 0.9136746525764465, 0.8459729552268982, 0.6576758623123169, 0.49705344438552856, 0.47902601957321167, 0.3693321943283081, 0.3228566646575928, 0.27258485555648804]",0.9423227310180664,0.27258485555648804,0.5889443755149841,0.2599892394659391
2026-02-23 22:08:31.637086,27.49,9,"[0.9411706924438477, 0.9115670323371887, 0.8202812671661377, 0.6417868137359619, 0.4593440890312195, 0.4062577486038208, 0.3655374050140381, 0.31893935799598694, 0.27256840467453003]",0.9411706924438477,0.27256840467453003,0.5708280901114146,0.26329209453684
2026-02-23 22:08:31.672694,27.35,11,"[0.9325909614562988, 0.9005976915359497, 0.8344060182571411, 0.8077839612960815, 0.7752376198768616, 0.45905885100364685, 0.4178399443626404, 0.41457441449165344, 0.4088802933692932, 0.256099671125412, 0.25598210096359253]",0.9325909614562988,0.25598210096359253,0.5875501388853247,0.2624254454427436
2026-02-23 22:08:31.699741,28.7,10,"[0.9323216676712036, 0.9004542231559753, 0.824241578578949, 0.8107246160507202, 0.7830483317375183, 0.42675289511680603, 0.41055914759635925, 0.4093078374862671, 0.3959583044052124, 0.25815683603286743]",0.9323216676712036,0.25815683603286743,0.6151525437831878,0.25546600890582805
2026-02-23 22:08:31.723195,30.77,10,"[0.9336435198783875, 0.901071310043335, 0.8112499713897705, 0.7970229387283325, 0.7902880311012268, 0.47263628244400024, 0.4469689726829529, 0.44003015756607056, 0.41282251477241516, 0.259002149105072]",0.9336435198783875,0.259002149105072,0.6264735847711563,0.24293411461871628
2026-02-23 22:08:31.755284,30.23,10,"[0.9283916354179382, 0.9034351110458374, 0.8761025071144104, 0.800414502620697, 0.7958240509033203, 0.44924989342689514, 0.4407130181789398, 0.4148194193840027, 0.3028136193752289, 0.28323760628700256]",0.9283916354179382,0.28323760628700256,0.6195001363754272,0.26286983458134183
2026-02-23 22:08:31.787256,30.87,7,"[0.9224910736083984, 0.7991210222244263, 0.733575165271759, 0.6738132238388062, 0.6104142665863037, 0.5991644263267517, 0.33929678797721863]",0.9224910736083984,0.33929678797721863,0.6682679951190948,0.18366276914836668
2026-02-23 22:08:31.822955,31.67,8,"[0.9248447418212891, 0.8306735157966614, 0.7156572937965393, 0.684768795967102, 0.6328514218330383, 0.6031993627548218, 0.2820374071598053, 0.2660800814628601]",0.9248447418212891,0.2660800814628601,0.6175140775740147,0.23620057049974458
2026-02-23 22:08:31.852204,32.11,8,"[0.9246135354042053, 0.836864709854126, 0.7113998532295227, 0.6692281365394592, 0.6310610175132751, 0.49316340684890747, 0.2716742753982544, 0.269774466753006]",0.9246135354042053,0.269774466753006,0.6009724251925945,0.2413945389762089
2026-02-23 22:08:31.881495,32.69,9,"[0.9113590717315674, 0.8933287262916565, 0.7665828466415405, 0.7649665474891663, 0.5805988311767578, 0.4754326641559601, 0.2877587080001831, 0.2631918787956238, 0.2579680383205414]",0.9113590717315674,0.2579680383205414,0.5779097014003329,0.26864749497095314
2026-02-23 22:08:31.919667,31.83,8,"[0.914077877998352, 0.899848461151123, 0.7624249458312988, 0.7504346370697021, 0.6330879926681519, 0.5787835121154785, 0.2977420687675476, 0.26168906688690186]",0.914077877998352,0.26168906688690186,0.6372610703110695,0.24894590816628784
2026-02-23 22:08:31.946238,33.03,8,"[0.9134089350700378, 0.8903217315673828, 0.7838580012321472, 0.7453209757804871, 0.6497936248779297, 0.5964528918266296, 0.4726604223251343, 0.3284141421318054]",0.9134089350700378,0.3284141421318054,0.6725288406014442,0.2027724236535235
2026-02-23 22:08:31.987989,32.62,8,"[0.9363729953765869, 0.9343658685684204, 0.8591095209121704, 0.8070077300071716, 0.7734147310256958, 0.675048828125, 0.3794383704662323, 0.3133518397808075]",0.9363729953765869,0.3133518397808075,0.7097637355327606,0.24055657036091194
2026-02-23 22:08:32.021580,31.96,9,"[0.9373887777328491, 0.9332598447799683, 0.8615036010742188, 0.8065350651741028, 0.7774351835250854, 0.672516405582428, 0.3856356143951416, 0.3097761571407318, 0.2661499083042145]",0.9373887777328491,0.2661499083042145,0.6611333953009711,0.2694156351604051
2026-02-23 22:08:32.057279,30.44,9,"[0.9347074031829834, 0.9335945844650269, 0.8515540361404419, 0.805899977684021, 0.7844926118850708, 0.6680842638015747, 0.37476301193237305, 0.3221697509288788, 0.31434759497642517]",0.9347074031829834,0.31434759497642517,0.6655125816663107,0.2594593360806949
2026-02-23 22:08:32.088005,30.61,9,"[0.9344359636306763, 0.9338772892951965, 0.8513943552970886, 0.8057792782783508, 0.7842551469802856, 0.6697862148284912, 0.37439602613449097, 0.3147585093975067, 0.31361278891563416]",0.9344359636306763,0.31361278891563416,0.6646995080841912,0.2608373594862793
2026-02-23 22:08:32.120956,30.46,9,"[0.9431744813919067, 0.9148732423782349, 0.8673827052116394, 0.8366026282310486, 0.7746514081954956, 0.7502859830856323, 0.5438885688781738, 0.37117794156074524, 0.2791160047054291]",0.9431744813919067,0.2791160047054291,0.6979058848487006,0.24230190214076575
2026-02-23 22:08:32.147881,31.4,9,"[0.9432184100151062, 0.912566602230072, 0.8668051362037659, 0.8256790637969971, 0.7811304330825806, 0.7791635990142822, 0.5420420169830322, 0.3795790374279022, 0.30617502331733704]",0.9432184100151062,0.30617502331733704,0.7040399246745639,0.23541970485362804
2026-02-23 22:08:32.178272,31.26,9,"[0.942854642868042, 0.9143867492675781, 0.8696810007095337, 0.8247414827346802, 0.7875010967254639, 0.7791824340820312, 0.5532068014144897, 0.37899133563041687, 0.31110915541648865]",0.942854642868042,0.31110915541648865,0.7068505220943027,0.23415458649456822
2026-02-23 22:08:32.216680,30.49,11,"[0.9385526180267334, 0.9060959219932556, 0.8889257311820984, 0.8307453989982605, 0.6142958402633667, 0.607405424118042, 0.5004885196685791, 0.4528893232345581, 0.377392441034317, 0.3642714321613312, 0.28222373127937317]",0.9385526180267334,0.28222373127937317,0.6148442165418104,0.24093928379921076
2026-02-23 22:08:32.248184,30.99,13,"[0.9378802180290222, 0.9078298211097717, 0.8885115385055542, 0.8244289755821228, 0.6180686354637146, 0.5754810571670532, 0.5346627831459045, 0.4535927474498749, 0.377849280834198, 0.32258185744285583, 0.28237780928611755, 0.27937254309654236, 0.26297813653945923]",0.9378802180290222,0.26297813653945923,0.5588934925886301,0.256706032451243
2026-02-23 22:08:32.292565,29.5,12,"[0.9378811717033386, 0.8994998931884766, 0.8871169686317444, 0.8381598591804504, 0.6196531653404236, 0.5677564144134521, 0.5317934155464172, 0.448036253452301, 0.35892537236213684, 0.3153374195098877, 0.2955396771430969, 0.2937288284301758]",0.9378811717033386,0.2937288284301758,0.5827857032418251,0.2512302554803679
2026-02-23 22:08:32.329542,29.74,12,"[0.9411045908927917, 0.9009707570075989, 0.8967543840408325, 0.845327615737915, 0.7438036203384399, 0.6394537687301636, 0.5619098544120789, 0.5100289583206177, 0.4753151535987854, 0.30925998091697693, 0.2886975407600403, 0.2607003450393677]",0.9411045908927917,0.2607003450393677,0.6144438808163007,0.2516441045498264
2026-02-23 22:08:32.360168,30.04,12,"[0.940954327583313, 0.9005665183067322, 0.8961825370788574, 0.8454874753952026, 0.7337104082107544, 0.6355533003807068, 0.5520977973937988, 0.5002894401550293, 0.467360258102417, 0.31215405464172363, 0.28753507137298584, 0.2631096839904785]",0.940954327583313,0.2631096839904785,0.6112500727176666,0.25154375091370085
2026-02-23 22:08:32.385647,31.2,12,"[0.9407786726951599, 0.9003570079803467, 0.8968837857246399, 0.8453644514083862, 0.7349024415016174, 0.6339991688728333, 0.5434697866439819, 0.4947606921195984, 0.46694421768188477, 0.312438428401947, 0.27960002422332764, 0.2605844736099243]",0.9407786726951599,0.2605844736099243,0.609173595905304,0.2532620643736522
2026-02-23 22:08:32.417362,31.06,11,"[0.9409455060958862, 0.9125778079032898, 0.8980126976966858, 0.8416234254837036, 0.7866348624229431, 0.6750625371932983, 0.4933309853076935, 0.48104435205459595, 0.46590322256088257, 0.3322210907936096, 0.2550186812877655]",0.9409455060958862,0.2550186812877655,0.6438522880727594,0.24792825543309485
2026-02-23 22:08:32.451925,30.95,11,"[0.9414812326431274, 0.9136651158332825, 0.8983210325241089, 0.8401480913162231, 0.8033324480056763, 0.6754348874092102, 0.4886416494846344, 0.4864194691181183, 0.47032830119132996, 0.3199717700481415, 0.2728080451488495]",0.9414812326431274,0.2728080451488495,0.6464138220657002,0.24750474135207784
2026-02-23 22:08:32.480827,30.68,11,"[0.9413689374923706, 0.9113430976867676, 0.8983184099197388, 0.8407070636749268, 0.8092589378356934, 0.6622961163520813, 0.49049440026283264, 0.472137987613678, 0.46436259150505066, 0.320480078458786, 0.2859509289264679]",0.9413689374923706,0.2859509289264679,0.6451562317934904,0.24680702869245416
2026-02-23 22:08:32.500973,32.35,11,"[0.9412903189659119, 0.9109392166137695, 0.8984220623970032, 0.840962290763855, 0.8116981387138367, 0.6617817878723145, 0.4904826581478119, 0.47226643562316895, 0.46411624550819397, 0.3214511573314667, 0.29046308994293213]",0.9412903189659119,0.29046308994293213,0.6458066728982058,0.2461727078899032
2026-02-23 22:08:32.530279,33.13,10,"[0.9392232894897461, 0.9287647604942322, 0.8911194205284119, 0.8548680543899536, 0.7456435561180115, 0.6618605852127075, 0.490256130695343, 0.39566710591316223, 0.3613855838775635, 0.3356844484806061]",0.9392232894897461,0.3356844484806061,0.6604472935199738,0.2453936006924762
2026-02-23 22:08:32.571278,32.48,10,"[0.9393975734710693, 0.9293326139450073, 0.8891820907592773, 0.8554141521453857, 0.7857104539871216, 0.6491804122924805, 0.5001903772354126, 0.377662718296051, 0.3406829535961151, 0.32711061835289]",0.9393975734710693,0.32711061835289,0.659386396408081,0.25282026376047056
2026-02-23 22:08:32.610264,32.73,10,"[0.939697265625, 0.9300464391708374, 0.8886781334877014, 0.8567560315132141, 0.7141205072402954, 0.5155773758888245, 0.5101493000984192, 0.4554119408130646, 0.323792040348053, 0.3024316132068634]",0.939697265625,0.3024316132068634,0.6436660647392273,0.25132618540174134
2026-02-23 22:08:32.647065,32.78,9,"[0.9467489123344421, 0.9318744540214539, 0.8722154498100281, 0.8543947339057922, 0.8205825090408325, 0.6274227499961853, 0.4410173296928406, 0.39061859250068665, 0.38432252407073975]",0.9467489123344421,0.38432252407073975,0.6965774728192223,0.23724723557025118
2026-02-23 22:08:32.671425,33.6,9,"[0.9465875625610352, 0.9319356083869934, 0.873415470123291, 0.8538407683372498, 0.8212101459503174, 0.6271297931671143, 0.4750862419605255, 0.3963935077190399, 0.359418123960495]",0.9465875625610352,0.359418123960495,0.6983352469073402,0.23639892095378745
2026-02-23 22:08:32.712723,32.11,9,"[0.9460493326187134, 0.9311029314994812, 0.8704032301902771, 0.8552916646003723, 0.827829897403717, 0.6249272227287292, 0.5216242671012878, 0.4024113714694977, 0.3572757840156555]",0.9460493326187134,0.3572757840156555,0.7041017446253035,0.2309662770027344
2026-02-23 22:08:32.761792,31.02,10,"[0.9325340390205383, 0.9286980032920837, 0.881202220916748, 0.8503650426864624, 0.7571641802787781, 0.6282551884651184, 0.5501121282577515, 0.5243863463401794, 0.5121025443077087, 0.29947349429130554]",0.9325340390205383,0.29947349429130554,0.6864293187856674,0.2153616182716333
2026-02-23 22:08:32.789989,31.59,11,"[0.932295024394989, 0.928252637386322, 0.8824754953384399, 0.8500046133995056, 0.7565081715583801, 0.6219787001609802, 0.5500601530075073, 0.5370191335678101, 0.4895068407058716, 0.31469547748565674, 0.2916284203529358]",0.932295024394989,0.2916284203529358,0.6504022424871271,0.23508703317769153
2026-02-23 22:08:32.813961,32.34,11,"[0.9324699640274048, 0.9288063049316406, 0.8815780282020569, 0.8515589833259583, 0.7572124004364014, 0.6141747832298279, 0.5454356074333191, 0.525649905204773, 0.4863817095756531, 0.3504545986652374, 0.2761911451816559]",0.9324699640274048,0.2761911451816559,0.649992130019448,0.23391936603592703
2026-02-23 22:08:32.849162,30.25,11,"[0.932586669921875, 0.9289875626564026, 0.8819085359573364, 0.8514160513877869, 0.7541595697402954, 0.6165972352027893, 0.5431424379348755, 0.5293266177177429, 0.4867016077041626, 0.34369608759880066, 0.27543890476226807]",0.932586669921875,0.27543890476226807,0.6494510255076669,0.2346840420669866
2026-02-23 22:08:32.894221,29.02,8,"[0.9325564503669739, 0.9312950968742371, 0.8594056367874146, 0.8109533786773682, 0.7861220240592957, 0.6669784784317017, 0.5933305621147156, 0.5557738542556763]",0.9325564503669739,0.5557738542556763,0.7670519351959229,0.1463947752905084
2026-02-23 22:08:32.929112,29.42,9,"[0.9353426098823547, 0.9340343475341797, 0.8638335466384888, 0.802708625793457, 0.7721989750862122, 0.6353851556777954, 0.605461835861206, 0.550134003162384, 0.34749841690063477]",0.9353426098823547,0.34749841690063477,0.7162886129485236,0.19691472143644415
2026-02-23 22:08:32.962904,29.85,8,"[0.935158908367157, 0.9349368810653687, 0.8639147877693176, 0.7907997965812683, 0.7773244976997375, 0.6806262731552124, 0.6155261993408203, 0.5774456858634949]",0.935158908367157,0.5774456858634949,0.7719666287302971,0.13767661276599805
2026-02-23 22:08:32.989436,30.98,8,"[0.9408370852470398, 0.9245604276657104, 0.8529918193817139, 0.8269620537757874, 0.6942343711853027, 0.6372218728065491, 0.6046097278594971, 0.43018263578414917]",0.9408370852470398,0.43018263578414917,0.7389499992132187,0.17796226625394734
2026-02-23 22:08:33.030201,29.31,8,"[0.9380944967269897, 0.9279801249504089, 0.8532932996749878, 0.8238804340362549, 0.7009589076042175, 0.6665515899658203, 0.6129132509231567, 0.4284733235836029]",0.9380944967269897,0.4284733235836029,0.7440181784331799,0.17502607056984926
2026-02-23 22:08:33.070545,29.35,8,"[0.9387972950935364, 0.9292210340499878, 0.8547831773757935, 0.8216496109962463, 0.7335662841796875, 0.6621459722518921, 0.6220868825912476, 0.40833020210266113]",0.9387972950935364,0.40833020210266113,0.7463225573301315,0.17922770976306873
2026-02-23 22:08:33.104239,30.3,8,"[0.9344832897186279, 0.9293752312660217, 0.7968427538871765, 0.7193171977996826, 0.6137339472770691, 0.580451488494873, 0.5412182211875916, 0.3262811601161957]",0.9344832897186279,0.3262811601161957,0.6802129112184048,0.20730445345285398
2026-02-23 22:08:33.138152,29.75,9,"[0.930725634098053, 0.9224774837493896, 0.7921096086502075, 0.7019635438919067, 0.6035402417182922, 0.5790673494338989, 0.5389217138290405, 0.4456304907798767, 0.35329028964042664]",0.930725634098053,0.35329028964042664,0.6519695950878991,0.20163183715826058
2026-02-23 22:08:33.165383,29.23,10,"[0.9345703125, 0.9231743216514587, 0.7739722728729248, 0.6663456559181213, 0.6194401383399963, 0.579380989074707, 0.5480775833129883, 0.41817986965179443, 0.3936501741409302, 0.297314316034317]",0.9345703125,0.297314316034317,0.6154105633497238,0.21587769505387439
2026-02-23 22:08:33.196499,29.57,10,"[0.9346338510513306, 0.9231365323066711, 0.7742839455604553, 0.673071026802063, 0.6018204689025879, 0.5824264883995056, 0.5504045486450195, 0.4447033405303955, 0.3987607955932617, 0.28894466161727905]",0.9346338510513306,0.28894466161727905,0.6172185659408569,0.21429161228704272
2026-02-23 22:08:33.226437,30.7,8,"[0.9332238435745239, 0.6161824464797974, 0.5901548266410828, 0.4654307961463928, 0.3960564136505127, 0.3159983158111572, 0.26493147015571594, 0.2520219087600708]",0.9332238435745239,0.2520219087600708,0.4792500026524067,0.22943125935966874
2026-02-23 22:08:33.262049,30.66,6,"[0.9315363764762878, 0.6104775071144104, 0.5962957739830017, 0.49280694127082825, 0.3838675320148468, 0.2775771915912628]",0.9315363764762878,0.2775771915912628,0.5487602204084396,0.22647156167450272
2026-02-23 22:08:33.290397,31.2,8,"[0.9310402870178223, 0.6038095951080322, 0.5917490124702454, 0.4544571340084076, 0.33951008319854736, 0.27991557121276855, 0.2711242735385895, 0.2550446689128876]",0.9310402870178223,0.2550446689128876,0.46583132818341255,0.23430919484183124
2026-02-23 22:08:33.327976,30.03,5,"[0.9361927509307861, 0.5778298377990723, 0.29585713148117065, 0.2870517671108246, 0.2566152811050415]",0.9361927509307861,0.2566152811050415,0.47070935368537903,0.29081320115241166
2026-02-23 22:08:33.357255,31.02,5,"[0.9351218938827515, 0.5830386281013489, 0.3318948447704315, 0.29097211360931396, 0.2576638162136078]",0.9351218938827515,0.2576638162136078,0.47973825931549074,0.2849792150715127
2026-02-23 22:08:33.387232,31.87,4,"[0.9358614087104797, 0.6003739833831787, 0.3253953754901886, 0.3085459768772125]",0.9358614087104797,0.3085459768772125,0.5425441861152649,0.29436456474048317
2026-02-23 22:08:33.416789,32.27,4,"[0.9010608792304993, 0.6013321876525879, 0.5172786116600037, 0.28371956944465637]",0.9010608792304993,0.28371956944465637,0.5758478119969368,0.2550700909075855
2026-02-23 22:08:33.454701,31.97,4,"[0.9015340805053711, 0.6141307353973389, 0.5196720957756042, 0.26548585295677185]",0.9015340805053711,0.26548585295677185,0.5752056911587715,0.2626884943265023
2026-02-23 22:08:33.482763,31.89,4,"[0.9088464379310608, 0.6049684286117554, 0.5569697022438049, 0.28071129322052]",0.9088464379310608,0.28071129322052,0.5878739655017853,0.2573062568593223
2026-02-23 22:08:33.516309,31.65,4,"[0.9088716506958008, 0.6054813861846924, 0.5552457571029663, 0.27242377400398254]",0.9088716506958008,0.27242377400398254,0.5855056419968605,0.26070450874341905
2026-02-23 22:08:33.541394,32.28,4,"[0.8925584554672241, 0.5002429485321045, 0.3147886395454407, 0.29667654633522034]",0.8925584554672241,0.29667654633522034,0.5010666474699974,0.2767317135705648
2026-02-23 22:08:33.577117,32.28,5,"[0.8919620513916016, 0.49113330245018005, 0.3346072733402252, 0.2729613184928894, 0.2500859200954437]",0.8919620513916016,0.2500859200954437,0.448149973154068,0.2653436949994838
2026-02-23 22:08:33.606950,32.11,4,"[0.8897989392280579, 0.4801602065563202, 0.33537912368774414, 0.25965070724487305]",0.8897989392280579,0.25965070724487305,0.4912472441792488,0.2810090170172961
2026-02-23 22:08:33.640171,32.44,4,"[0.6907573342323303, 0.6247801184654236, 0.4944593608379364, 0.3223729431629181]",0.6907573342323303,0.3223729431629181,0.5330924391746521,0.16243980465440733
2026-02-23 22:08:33.668315,32.57,4,"[0.7112342715263367, 0.6260851621627808, 0.5287807583808899, 0.3417262136936188]",0.7112342715263367,0.3417262136936188,0.5519566014409065,0.1587433519200696
2026-02-23 22:08:33.708140,31.76,4,"[0.7081763744354248, 0.6229878067970276, 0.5354170203208923, 0.3479708433151245]",0.7081763744354248,0.3479708433151245,0.5536380112171173,0.15418872452856347
2026-02-23 22:08:33.732417,32.48,4,"[0.7557461857795715, 0.7406430840492249, 0.4351162612438202, 0.2833905816078186]",0.7557461857795715,0.2833905816078186,0.5537240281701088,0.2330233610044353
2026-02-23 22:08:33.763563,33.06,4,"[0.7653631567955017, 0.742374837398529, 0.4355134665966034, 0.27912598848342896]",0.7653631567955017,0.27912598848342896,0.5555943623185158,0.23786836433612993
2026-02-23 22:08:33.796887,32.47,4,"[0.7652141451835632, 0.7417388558387756, 0.432817667722702, 0.27846503257751465]",0.7652141451835632,0.27846503257751465,0.5545589253306389,0.23836996417043996
2026-02-23 22:08:33.838109,31.95,4,"[0.7700868844985962, 0.7437729835510254, 0.43204784393310547, 0.2782060205936432]",0.7700868844985962,0.2782060205936432,0.5560284331440926,0.2405725921076944
2026-02-23 22:08:33.862735,31.99,6,"[0.7478111982345581, 0.6016921401023865, 0.5829538702964783, 0.45399990677833557, 0.42752647399902344, 0.31922510266304016]",0.7478111982345581,0.31922510266304016,0.5222014486789703,0.15213387791031324
2026-02-23 22:08:33.893215,32.49,5,"[0.75050950050354, 0.6230714321136475, 0.6025325059890747, 0.45727044343948364, 0.42700931429862976]",0.75050950050354,0.42700931429862976,0.5720786392688751,0.1319008207311353
2026-02-23 22:08:33.923482,32.43,6,"[0.8058903217315674, 0.6264033317565918, 0.6191535592079163, 0.4447558522224426, 0.4035215377807617, 0.3665626049041748]",0.8058903217315674,0.3665626049041748,0.5443812012672424,0.1685773790699092
2026-02-23 22:08:33.962521,32.01,8,"[0.8405503034591675, 0.7975162267684937, 0.5164873600006104, 0.493036150932312, 0.3542430102825165, 0.3532117009162903, 0.3160359263420105, 0.29670676589012146]",0.8405503034591675,0.29670676589012146,0.4959734305739403,0.21469042854127837
2026-02-23 22:08:34.016230,30.34,8,"[0.8419621586799622, 0.7980870008468628, 0.5103916525840759, 0.4795711636543274, 0.36331456899642944, 0.3518715500831604, 0.3232235014438629, 0.29831257462501526]",0.8419621586799622,0.29831257462501526,0.49584177136421204,0.21338552221516113
2026-02-23 22:08:34.044318,31.28,8,"[0.8404223918914795, 0.7978489398956299, 0.5144289135932922, 0.47892189025878906, 0.36328327655792236, 0.3610118329524994, 0.32519325613975525, 0.29996609687805176]",0.8404223918914795,0.29996609687805176,0.49763457477092743,0.21172396025043042
2026-02-23 22:08:34.096270,29.11,7,"[0.8720447421073914, 0.8433398008346558, 0.7217888236045837, 0.6339432001113892, 0.5842779874801636, 0.42155835032463074, 0.3776930868625641]",0.8720447421073914,0.3776930868625641,0.6363779987607684,0.19211659431001987
2026-02-23 22:08:34.136639,28.37,7,"[0.8716752529144287, 0.8490672707557678, 0.7150240540504456, 0.6348110437393188, 0.5796350836753845, 0.4218522906303406, 0.37883174419403076]",0.8716752529144287,0.37883174419403076,0.6358423914228167,0.1925089974394017
2026-02-23 22:08:34.159175,29.78,7,"[0.8713498711585999, 0.8475901484489441, 0.7094836235046387, 0.6228277087211609, 0.5655527710914612, 0.4232778251171112, 0.3807479441165924]",0.8713498711585999,0.3807479441165924,0.6315471274512154,0.19190347235823033
2026-02-23 22:08:34.197817,29.93,7,"[0.8708852529525757, 0.8477097749710083, 0.7074030637741089, 0.6228092312812805, 0.5644003748893738, 0.4263771176338196, 0.38155192136764526]",0.8708852529525757,0.38155192136764526,0.6315909624099731,0.19102378182156773
2026-02-23 22:08:34.228683,29.17,7,"[0.8183940649032593, 0.7861089110374451, 0.7272335886955261, 0.549960196018219, 0.45908817648887634, 0.3031655550003052, 0.28801101446151733]",0.8183940649032593,0.28801101446151733,0.5617087866578784,0.2221355817714883
2026-02-23 22:08:34.256574,29.43,7,"[0.8226901888847351, 0.7935038208961487, 0.7592735886573792, 0.48220089077949524, 0.3808240592479706, 0.315975546836853, 0.2894632816314697]",0.8226901888847351,0.2894632816314697,0.5491330538477216,0.23569339832436206
2026-02-23 22:08:34.281911,30.08,8,"[0.823960542678833, 0.79262775182724, 0.7487497925758362, 0.5485740303993225, 0.35295915603637695, 0.2910770773887634, 0.28129956126213074, 0.2615613043308258]",0.823960542678833,0.2615613043308258,0.5126011520624161,0.24596739293308556
2026-02-23 22:08:34.327193,29.73,9,"[0.7306420207023621, 0.6680295467376709, 0.5620191097259521, 0.515886664390564, 0.4923453629016876, 0.40543311834335327, 0.3986823856830597, 0.3419334888458252, 0.29146987199783325]",0.7306420207023621,0.29146987199783325,0.48960461881425643,0.14675337926114349
2026-02-23 22:08:34.355260,31.36,9,"[0.7533783912658691, 0.6669208407402039, 0.5490597486495972, 0.5175729990005493, 0.5139407515525818, 0.408660888671875, 0.4018622636795044, 0.3424263596534729, 0.29818451404571533]",0.7533783912658691,0.29818451404571533,0.4946674174732632,0.14926907463657932
2026-02-23 22:08:34.381580,31.79,9,"[0.830400824546814, 0.664824903011322, 0.5655742883682251, 0.513310432434082, 0.5043002367019653, 0.43049219250679016, 0.40332916378974915, 0.34224388003349304, 0.31417116522789]",0.830400824546814,0.31417116522789,0.5076274540689256,0.1635160286683571
2026-02-23 22:08:34.422021,32.3,6,"[0.5878998041152954, 0.5614255666732788, 0.45551225543022156, 0.453207403421402, 0.4505857825279236, 0.44901910424232483]",0.5878998041152954,0.44901910424232483,0.49294165273507434,0.06389065243065359
2026-02-23 22:08:34.461028,32.4,6,"[0.6733788847923279, 0.5624992251396179, 0.4888969957828522, 0.48646900057792664, 0.4717608094215393, 0.4258430302143097]",0.6733788847923279,0.4258430302143097,0.5181413243214289,0.08785763216294973
2026-02-23 22:08:34.498165,30.69,7,"[0.6572245955467224, 0.5676555633544922, 0.5659253001213074, 0.4869803190231323, 0.43120452761650085, 0.39230090379714966, 0.25441253185272217]",0.6572245955467224,0.25441253185272217,0.479386248758861,0.13384265367663187
2026-02-23 22:08:34.547180,30.12,7,"[0.6326342821121216, 0.5802800059318542, 0.5677023530006409, 0.4875730872154236, 0.3964346945285797, 0.38701096177101135, 0.2556014358997345]",0.6326342821121216,0.2556014358997345,0.47246240292276653,0.13334759560952653
2026-02-23 22:08:34.599688,28.79,5,"[0.5303330421447754, 0.3783232569694519, 0.334715336561203, 0.2928348183631897, 0.2660903334617615]",0.5303330421447754,0.2660903334617615,0.3604593575000763,0.10406432295044749
2026-02-23 22:08:34.645132,27.41,6,"[0.49888503551483154, 0.4063795506954193, 0.33439943194389343, 0.2994917929172516, 0.28261828422546387, 0.2540021240711212]",0.49888503551483154,0.2540021240711212,0.3459627032279968,0.09143079727912519
2026-02-23 22:08:34.705933,25.14,6,"[0.5276417136192322, 0.4287310242652893, 0.3455366790294647, 0.31563523411750793, 0.30590149760246277, 0.25806933641433716]",0.5276417136192322,0.25806933641433716,0.3635859141747157,0.09822878743516368
2026-02-23 22:08:34.745382,25.45,5,"[0.7281923890113831, 0.55084228515625, 0.46594348549842834, 0.3807443380355835, 0.28581032156944275]",0.7281923890113831,0.28581032156944275,0.48230656385421755,0.16907867502006269
2026-02-23 22:08:34.773861,25.37,5,"[0.7335253953933716, 0.55506831407547, 0.4787818193435669, 0.3760766386985779, 0.3071513772010803]",0.7335253953933716,0.3071513772010803,0.49012070894241333,0.1658888404412684
2026-02-23 22:08:34.817974,23.77,5,"[0.7310855388641357, 0.6072480082511902, 0.4884035289287567, 0.37094688415527344, 0.35671958327293396]",0.7310855388641357,0.35671958327293396,0.510880708694458,0.15939665547426599
2026-02-23 22:08:34.862791,23.57,5,"[0.8861165046691895, 0.5848191380500793, 0.44856956601142883, 0.3940123915672302, 0.30879291892051697]",0.8861165046691895,0.30879291892051697,0.524462103843689,0.2256805703154906
2026-02-23 22:08:34.911038,23.05,5,"[0.8938001990318298, 0.5885573029518127, 0.47412610054016113, 0.4056974947452545, 0.30932897329330444]",0.8938001990318298,0.30932897329330444,0.5343020141124726,0.22525303183237688
2026-02-23 22:08:34.964402,22.24,5,"[0.8904083967208862, 0.5630894899368286, 0.4087349772453308, 0.4042830169200897, 0.35771727561950684]",0.8904083967208862,0.35771727561950684,0.5248466312885285,0.21854498588630852
2026-02-23 22:08:34.990417,23.95,5,"[0.8904590606689453, 0.5650469064712524, 0.416524738073349, 0.3950503170490265, 0.36358290910720825]",0.8904590606689453,0.36358290910720825,0.5261327862739563,0.21786862067576335
2026-02-23 22:08:35.011838,26.71,4,"[0.8347939252853394, 0.5933187007904053, 0.5420052409172058, 0.3475078046321869]",0.8347939252853394,0.3475078046321869,0.5794064179062843,0.20049284726971556
2026-02-23 22:08:35.044491,27.58,4,"[0.8391780853271484, 0.6338532567024231, 0.5401458144187927, 0.3251703381538391]",0.8391780853271484,0.3251703381538391,0.5845868736505508,0.2133196413809796
2026-02-23 22:08:35.075106,29.18,5,"[0.8434569835662842, 0.6119720339775085, 0.5311324596405029, 0.3483999967575073, 0.29262104630470276]",0.8434569835662842,0.29262104630470276,0.5255165040493012,0.22034223240289677
2026-02-23 22:08:35.107793,29.72,4,"[0.8902416229248047, 0.6813076138496399, 0.4417344927787781, 0.2926638126373291]",0.8902416229248047,0.2926638126373291,0.5764868855476379,0.2634028374825403
2026-02-23 22:08:35.138330,29.55,4,"[0.8916237950325012, 0.6870327591896057, 0.4362220764160156, 0.25800251960754395]",0.8916237950325012,0.25800251960754395,0.5682202875614166,0.2783072782368844
2026-02-23 22:08:35.170439,30.37,4,"[0.8964511752128601, 0.6699498295783997, 0.44056129455566406, 0.3237117528915405]",0.8964511752128601,0.3237117528915405,0.5826685130596161,0.25385734344897015
2026-02-23 22:08:35.204717,31.1,4,"[0.8987374901771545, 0.5705916285514832, 0.47610077261924744, 0.36482372879981995]",0.8987374901771545,0.36482372879981995,0.5775634050369263,0.23003929682818644
2026-02-23 22:08:35.246164,31.44,4,"[0.8991539478302002, 0.5915490388870239, 0.46365246176719666, 0.354583203792572]",0.8991539478302002,0.354583203792572,0.5772346630692482,0.23545099704376463
2026-02-23 22:08:35.275653,32.92,4,"[0.9011582136154175, 0.5453408360481262, 0.4628683626651764, 0.37037739157676697]",0.9011582136154175,0.37037739157676697,0.5699362009763718,0.23209207514995264
2026-02-23 22:08:35.310846,32.01,4,"[0.902320146560669, 0.5550270676612854, 0.478400319814682, 0.35944920778274536]",0.902320146560669,0.35944920778274536,0.5737991854548454,0.233327574299745
2026-02-23 22:08:35.343798,30.38,5,"[0.920994222164154, 0.6221157908439636, 0.37957116961479187, 0.3548404574394226, 0.2839428782463074]",0.920994222164154,0.2839428782463074,0.5122929036617279,0.2615568293467504
2026-02-23 22:08:35.373541,30.66,6,"[0.9215745329856873, 0.6007457375526428, 0.37478187680244446, 0.3611976206302643, 0.2980789542198181, 0.2936180531978607]",0.9215745329856873,0.2936180531978607,0.47499946256478626,0.24594142589464293
2026-02-23 22:08:35.405824,30.51,6,"[0.9209831357002258, 0.5716303586959839, 0.389392226934433, 0.34020116925239563, 0.311164528131485, 0.25179463624954224]",0.9209831357002258,0.25179463624954224,0.4641943424940109,0.24887744854663718
2026-02-23 22:08:35.437737,30.57,5,"[0.9156504273414612, 0.5532233715057373, 0.4836784303188324, 0.3713427782058716, 0.325933575630188]",0.9156504273414612,0.325933575630188,0.5299657166004181,0.2335735850948403
2026-02-23 22:08:35.470319,30.38,5,"[0.9153896570205688, 0.5478788018226624, 0.46373212337493896, 0.3963499069213867, 0.35784468054771423]",0.9153896570205688,0.35784468054771423,0.5362390339374542,0.22390926981632375
2026-02-23 22:08:35.499025,30.75,5,"[0.9159075617790222, 0.5427619814872742, 0.47378110885620117, 0.44022083282470703, 0.38496020436286926]",0.9159075617790222,0.38496020436286926,0.5515263378620148,0.21155850443763274
2026-02-23 22:08:35.535835,30.5,5,"[0.9192940592765808, 0.6845899820327759, 0.6485841870307922, 0.5499470233917236, 0.30801641941070557]",0.9192940592765808,0.30801641941070557,0.6220863342285157,0.2218024264868907
2026-02-23 22:08:35.562044,31.95,6,"[0.9205929040908813, 0.6883757710456848, 0.6498088836669922, 0.5472332239151001, 0.2850041091442108, 0.2558140456676483]",0.9205929040908813,0.2558140456676483,0.5578048229217529,0.2541098696294996
2026-02-23 22:08:35.591864,31.9,5,"[0.9190769195556641, 0.6757197380065918, 0.6711568236351013, 0.529725968837738, 0.3598560690879822]",0.9190769195556641,0.3598560690879822,0.6311071038246154,0.206383223842594
2026-02-23 22:08:35.623980,32.18,5,"[0.9190249443054199, 0.677237331867218, 0.6692485213279724, 0.534753680229187, 0.36164894700050354]",0.9190249443054199,0.36164894700050354,0.6323826849460602,0.2051602992279322
2026-02-23 22:08:35.659554,31.99,4,"[0.9272370338439941, 0.7942317128181458, 0.5449671745300293, 0.2592940330505371]",0.9272370338439941,0.2592940330505371,0.6314324885606766,0.2943734572664427
2026-02-23 22:08:35.688399,32.06,3,"[0.9282911419868469, 0.8044787645339966, 0.5475911498069763]",0.9282911419868469,0.5475911498069763,0.7601203521092733,0.19418772509113383
2026-02-23 22:08:35.717727,32.36,3,"[0.9279153347015381, 0.8013498783111572, 0.5607067346572876]",0.9279153347015381,0.5607067346572876,0.763323982556661,0.18653422084851734
2026-02-23 22:08:35.750907,32.24,4,"[0.9194523692131042, 0.8895591497421265, 0.29974955320358276, 0.2725718021392822]",0.9194523692131042,0.2725718021392822,0.5953332185745239,0.35738250169602204
2026-02-23 22:08:35.779345,32.69,4,"[0.9188592433929443, 0.8910546898841858, 0.29457277059555054, 0.267366498708725]",0.9188592433929443,0.267366498708725,0.5929633006453514,0.3606091271226324
2026-02-23 22:08:35.820003,31.7,4,"[0.9185379147529602, 0.8913706541061401, 0.294810026884079, 0.2705298960208893]",0.9185379147529602,0.2705298960208893,0.5938121229410172,0.35958382009665857
2026-02-23 22:08:35.854354,31.87,4,"[0.9039096832275391, 0.8782439827919006, 0.4126738905906677, 0.2644977569580078]",0.9039096832275391,0.2644977569580078,0.6148313283920288,0.32483522113245816
2026-02-23 22:08:35.880039,31.86,3,"[0.9017477631568909, 0.8765388131141663, 0.39561885595321655]",0.9017477631568909,0.39561885595321655,0.7246351440747579,0.2852151138658714
2026-02-23 22:08:35.903006,32.91,3,"[0.904215395450592, 0.8724083304405212, 0.37126684188842773]",0.904215395450592,0.37126684188842773,0.7159635225931803,0.29893941461907353
2026-02-23 22:08:35.945205,32.17,3,"[0.903510332107544, 0.8726995587348938, 0.369449257850647]",0.903510332107544,0.369449257850647,0.7152197162310282,0.29984201399301835
2026-02-23 22:08:35.990720,31.52,4,"[0.9149614572525024, 0.8795013427734375, 0.3977946937084198, 0.3339071571826935]",0.9149614572525024,0.3339071571826935,0.6315411627292633,0.30823947793481754
2026-02-23 22:08:36.051046,29.75,4,"[0.9103605151176453, 0.8850061893463135, 0.3893220126628876, 0.3407016098499298]",0.9103605151176453,0.3407016098499298,0.631347581744194,0.3083517273438433
2026-02-23 22:08:36.072459,31.02,4,"[0.9108943939208984, 0.8827406167984009, 0.4153001010417938, 0.31941184401512146]",0.9108943939208984,0.31941184401512146,0.6320867389440536,0.30839536920912286
2026-02-23 22:08:36.108602,30.78,3,"[0.9096531867980957, 0.8798995614051819, 0.5364210605621338]",0.9096531867980957,0.5364210605621338,0.7753246029218038,0.20743070281422768
2026-02-23 22:08:36.135688,30.94,4,"[0.909170389175415, 0.8806983828544617, 0.5252294540405273, 0.2652587592601776]",0.909170389175415,0.2652587592601776,0.6450892463326454,0.3076188572111691
2026-02-23 22:08:36.169456,31.41,4,"[0.9088402390480042, 0.8687916398048401, 0.506260335445404, 0.2944088876247406]",0.9088402390480042,0.2944088876247406,0.6445752754807472,0.29544117904191003
2026-02-23 22:08:36.203108,31.49,5,"[0.9078830480575562, 0.72994464635849, 0.5995961427688599, 0.3318515717983246, 0.31810665130615234]",0.9078830480575562,0.31810665130615234,0.5774764120578766,0.2552002277698019
2026-02-23 22:08:36.229013,31.5,4,"[0.9089648723602295, 0.7260345220565796, 0.6005290746688843, 0.3261997401714325]",0.9089648723602295,0.3261997401714325,0.6404320523142815,0.24479368992917314
2026-02-23 22:08:36.271525,29.5,4,"[0.9087089896202087, 0.6920502185821533, 0.6241539716720581, 0.357144832611084]",0.9087089896202087,0.357144832611084,0.645514503121376,0.22733987017300944
2026-02-23 22:08:36.320110,29.17,4,"[0.9091421961784363, 0.6833620667457581, 0.6200998425483704, 0.3553631901741028]",0.9091421961784363,0.3553631901741028,0.6419918239116669,0.22782745731561765
2026-02-23 22:08:36.340242,31.92,4,"[0.8414087295532227, 0.7365188598632812, 0.6926653385162354, 0.26882949471473694]",0.8414087295532227,0.26882949471473694,0.634855605661869,0.2518707931671007
2026-02-23 22:08:36.376518,33.05,3,"[0.8408762812614441, 0.7391088008880615, 0.6787983775138855]",0.8408762812614441,0.6787983775138855,0.752927819887797,0.08191785937991182
2026-02-23 22:08:36.405042,31.85,3,"[0.8454110622406006, 0.6918010115623474, 0.6697790622711182]",0.8454110622406006,0.6697790622711182,0.7356637120246887,0.09567968552522983
2026-02-23 22:08:36.447093,31.47,3,"[0.8033456206321716, 0.7004476189613342, 0.30502086877822876]",0.8033456206321716,0.30502086877822876,0.6029380361239115,0.26308359628912553
2026-02-23 22:08:36.499092,29.72,4,"[0.7817738056182861, 0.6623202562332153, 0.3123728632926941, 0.2599290907382965]",0.7817738056182861,0.2599290907382965,0.504099003970623,0.25723861794369496
2026-02-23 22:08:36.544146,28.96,5,"[0.7863015532493591, 0.6552110314369202, 0.30111703276634216, 0.26387467980384827, 0.255038321018219]",0.7863015532493591,0.255038321018219,0.45230852365493773,0.2500012423748243
2026-02-23 22:08:36.580383,28.77,2,"[0.8564310073852539, 0.38496020436286926]",0.8564310073852539,0.38496020436286926,0.6206956058740616,0.3333802019485952
2026-02-23 22:08:36.615725,27.74,2,"[0.8556421399116516, 0.39846768975257874]",0.8556421399116516,0.39846768975257874,0.6270549148321152,0.3232711538927117
2026-02-23 22:08:36.645714,28.72,2,"[0.8533326387405396, 0.3706248104572296]",0.8533326387405396,0.3706248104572296,0.6119787245988846,0.34132597871096
2026-02-23 22:08:36.673778,30.2,2,"[0.8530813455581665, 0.3745737373828888]",0.8530813455581665,0.3745737373828888,0.6138275414705276,0.3383559745900943
2026-02-23 22:08:36.704289,28.52,2,"[0.5838714838027954, 0.3013363480567932]",0.5838714838027954,0.3013363480567932,0.4426039159297943,0.19978251040945988
2026-02-23 22:08:36.735594,28.94,3,"[0.584481954574585, 0.31812477111816406, 0.2615605592727661]",0.584481954574585,0.2615605592727661,0.3880557616551717,0.17244510565404192
2026-02-23 22:08:36.763746,29.02,2,"[0.6143092513084412, 0.3276613652706146]",0.6143092513084412,0.3276613652706146,0.4709853082895279,0.20269066403013583
2026-02-23 22:08:36.798678,29.5,2,"[0.7558871507644653, 0.2585500478744507]",0.7558871507644653,0.2585500478744507,0.507218599319458,0.35167043798920106
2026-02-23 22:08:36.840140,30.0,2,"[0.7666445970535278, 0.2511557340621948]",0.7666445970535278,0.2511557340621948,0.5089001655578613,0.3645056706473147
2026-02-23 22:08:36.883808,30.08,2,"[0.7441014051437378, 0.26653751730918884]",0.7441014051437378,0.26653751730918884,0.5053194612264633,0.33768866353762134
2026-02-23 22:08:36.933732,29.3,5,"[0.8638617992401123, 0.521780788898468, 0.45890679955482483, 0.254110187292099, 0.2501421868801117]",0.8638617992401123,0.2501421868801117,0.4697603523731232,0.25143438913646543
2026-02-23 22:08:36.971378,29.11,5,"[0.8592409491539001, 0.5106773376464844, 0.4582087993621826, 0.25369665026664734, 0.2517305016517639]",0.8592409491539001,0.2517305016517639,0.4667108476161957,0.2488356963473874
2026-02-23 22:08:37.001047,29.16,5,"[0.8618770837783813, 0.4989349842071533, 0.39950984716415405, 0.2861238718032837, 0.2621660828590393]",0.8618770837783813,0.2621660828590393,0.46172237396240234,0.24291794701051683
2026-02-23 22:08:37.043770,27.98,5,"[0.8655319809913635, 0.49333852529525757, 0.37751469016075134, 0.29118847846984863, 0.26720449328422546]",0.8655319809913635,0.26720449328422546,0.4589556336402893,0.24394336172591863
2026-02-23 22:08:37.087526,26.99,3,"[0.9247798919677734, 0.5067830681800842, 0.4320037066936493]",0.9247798919677734,0.4320037066936493,0.621188888947169,0.2655628194276681
2026-02-23 22:08:37.134704,25.91,3,"[0.9240611791610718, 0.5522456169128418, 0.4170287251472473]",0.9240611791610718,0.4170287251472473,0.6311118404070536,0.2625554955852181
2026-02-23 22:08:37.180750,24.55,3,"[0.9226115345954895, 0.5439507961273193, 0.3728668689727783]",0.9226115345954895,0.3728668689727783,0.6131430665651957,0.2813280594989021
2026-02-23 22:08:37.231406,23.63,4,"[0.8864418268203735, 0.6203660368919373, 0.4566456377506256, 0.4132847189903259]",0.8864418268203735,0.4132847189903259,0.5941845551133156,0.21427512482196245
2026-02-23 22:08:37.286416,23.03,4,"[0.8909785747528076, 0.5721451044082642, 0.4615632891654968, 0.39994874596595764]",0.8909785747528076,0.39994874596595764,0.5811589285731316,0.21848700146753286
2026-02-23 22:08:37.315458,24.15,4,"[0.875428318977356, 0.5589661002159119, 0.4124206006526947, 0.3999961018562317]",0.875428318977356,0.3999961018562317,0.5617027804255486,0.22125808614213885
2026-02-23 22:08:37.346537,25.35,3,"[0.8209264874458313, 0.7625269889831543, 0.30879244208335876]",0.8209264874458313,0.30879244208335876,0.6307486395041147,0.28034705304033014
2026-02-23 22:08:37.381248,25.61,3,"[0.8158436417579651, 0.7743666768074036, 0.30875375866889954]",0.8158436417579651,0.30875375866889954,0.6329880257447561,0.2815599041323905
2026-02-23 22:08:37.408677,25.87,3,"[0.8265662789344788, 0.7582094669342041, 0.30611222982406616]",0.8265662789344788,0.30611222982406616,0.630295991897583,0.2828241452401371
2026-02-23 22:08:37.446913,26.15,3,"[0.8208575248718262, 0.7585691213607788, 0.31290674209594727]",0.8208575248718262,0.31290674209594727,0.6307777961095175,0.27704055034915426
2026-02-23 22:08:37.473676,27.54,1,[0.795917272567749],0.795917272567749,0.795917272567749,0.795917272567749,
2026-02-23 22:08:37.500709,29.1,1,[0.8201984167098999],0.8201984167098999,0.8201984167098999,0.8201984167098999,
2026-02-23 22:08:37.541708,29.38,2,"[0.8254451155662537, 0.2821231782436371]",0.8254451155662537,0.2821231782436371,0.5537841469049454,0.3841866262482345
2026-02-23 22:08:37.566638,31.44,2,"[0.6167677044868469, 0.3377871811389923]",0.6167677044868469,0.3377871811389923,0.4772774428129196,0.19726901987823994
2026-02-23 22:08:37.595772,33.04,2,"[0.6340163946151733, 0.3347068428993225]",0.6340163946151733,0.3347068428993225,0.4843616187572479,0.21164381369218377
2026-02-23 22:08:37.635905,32.15,2,"[0.6315279006958008, 0.2695411145687103]",0.6315279006958008,0.2695411145687103,0.45053450763225555,0.2559633111703901
2026-02-23 22:08:37.689823,30.77,1,[0.7347828149795532],0.7347828149795532,0.7347828149795532,0.7347828149795532,
2026-02-23 22:08:37.725903,30.65,1,[0.7291129231452942],0.7291129231452942,0.7291129231452942,0.7291129231452942,
2026-02-23 22:08:37.757213,30.21,1,[0.7392538785934448],0.7392538785934448,0.7392538785934448,0.7392538785934448,
2026-02-23 22:08:37.788343,30.77,1,[0.7341375350952148],0.7341375350952148,0.7341375350952148,0.7341375350952148,
2026-02-23 22:08:37.820004,30.28,1,[0.48358288407325745],0.48358288407325745,0.48358288407325745,0.48358288407325745,
2026-02-23 22:08:37.860395,29.08,1,[0.47980502247810364],0.47980502247810364,0.47980502247810364,0.47980502247810364,
2026-02-23 22:08:37.906433,28.79,1,[0.4916570782661438],0.4916570782661438,0.4916570782661438,0.4916570782661438,
2026-02-23 22:08:37.955364,26.83,3,"[0.43255677819252014, 0.43200209736824036, 0.3568422794342041]",0.43255677819252014,0.3568422794342041,0.40713371833165485,0.04355454669131828
2026-02-23 22:08:38.007557,25.31,3,"[0.43166303634643555, 0.4269675612449646, 0.35214826464653015]",0.43166303634643555,0.35214826464653015,0.4035929540793101,0.044614223345627334
2026-02-23 22:08:38.039622,25.93,3,"[0.46045732498168945, 0.40165162086486816, 0.36611929535865784]",0.46045732498168945,0.36611929535865784,0.40940941373507184,0.04764507813984289
2026-02-23 22:08:38.074416,26.96,2,"[0.5691154599189758, 0.5235021710395813]",0.5691154599189758,0.5235021710395813,0.5463088154792786,0.03225346587884081
2026-02-23 22:08:38.104377,27.58,2,"[0.626583456993103, 0.5134371519088745]",0.626583456993103,0.5134371519088745,0.5700103044509888,0.08000651959125993
2026-02-23 22:08:38.131404,28.01,2,"[0.6189880967140198, 0.5242807865142822]",0.6189880967140198,0.5242807865142822,0.571634441614151,0.0669681812701723
2026-02-23 22:08:38.168102,27.56,2,"[0.6055209040641785, 0.5204234719276428]",0.6055209040641785,0.5204234719276428,0.5629721879959106,0.060172971325306385
2026-02-23 22:08:38.193466,28.28,2,"[0.5368590354919434, 0.4606478810310364]",0.5368590354919434,0.4606478810310364,0.49875345826148987,0.05388942412136273
2026-02-23 22:08:38.228235,28.71,2,"[0.5031844973564148, 0.4900268614292145]",0.5031844973564148,0.4900268614292145,0.49660567939281464,0.009303853588507091
2026-02-23 22:08:38.262414,29.48,2,"[0.49708136916160583, 0.4951423704624176]",0.49708136916160583,0.4951423704624176,0.4961118698120117,0.0013710791289078938
2026-02-23 22:08:38.293965,30.59,3,"[0.592860221862793, 0.5420526266098022, 0.3798116445541382]",0.592860221862793,0.3798116445541382,0.5049081643422445,0.11127536736030118
2026-02-23 22:08:38.340731,30.82,3,"[0.5668961405754089, 0.5520161986351013, 0.399178147315979]",0.5668961405754089,0.399178147315979,0.5060301621754965,0.09283516563075993
2026-02-23 22:08:38.390395,29.7,3,"[0.61513751745224, 0.4665021598339081, 0.33671775460243225]",0.61513751745224,0.33671775460243225,0.4727858106295268,0.13931620252801452
2026-02-23 22:08:38.428576,29.45,3,"[0.6011882424354553, 0.38587403297424316, 0.33667534589767456]",0.6011882424354553,0.33667534589767456,0.44124587376912433,0.1406815505795338
2026-02-23 22:08:38.466882,28.68,3,"[0.6011452674865723, 0.38538458943367004, 0.3388921916484833]",0.6011452674865723,0.3388921916484833,0.4418073495229085,0.1399350379236753
2026-02-23 22:08:38.516603,27.05,3,"[0.6030656099319458, 0.3878309428691864, 0.33497026562690735]",0.6030656099319458,0.33497026562690735,0.44195560614267987,0.14200664699358642
2026-02-23 22:08:38.549704,27.29,1,[0.5307139754295349],0.5307139754295349,0.5307139754295349,0.5307139754295349,
2026-02-23 22:08:38.592389,25.73,2,"[0.5571710467338562, 0.27116215229034424]",0.5571710467338562,0.27116215229034424,0.4141665995121002,0.20223882874067478
2026-02-23 22:08:38.617209,26.86,2,"[0.6042529940605164, 0.32329267263412476]",0.6042529940605164,0.32329267263412476,0.46377283334732056,0.19866894852495354
2026-02-23 22:08:38.656519,26.46,1,[0.5730788707733154],0.5730788707733154,0.5730788707733154,0.5730788707733154,
2026-02-23 22:08:38.700546,25.56,2,"[0.5884658694267273, 0.28622689843177795]",0.5884658694267273,0.28622689843177795,0.4373463839292526,0.21371522592937292
2026-02-23 22:08:38.727126,27.17,2,"[0.6111732721328735, 0.27220022678375244]",0.6111732721328735,0.27220022678375244,0.441686749458313,0.23969013900581862
2026-02-23 22:08:38.759906,28.21,1,[0.6293342113494873],0.6293342113494873,0.6293342113494873,0.6293342113494873,
2026-02-23 22:08:38.793301,28.59,1,[0.6291142106056213],0.6291142106056213,0.6291142106056213,0.6291142106056213,
2026-02-23 22:08:38.823748,29.26,1,[0.6325439810752869],0.6325439810752869,0.6325439810752869,0.6325439810752869,
2026-02-23 22:08:38.850989,30.89,1,[0.6218824982643127],0.6218824982643127,0.6218824982643127,0.6218824982643127,
2026-02-23 22:08:38.881942,31.14,1,[0.6526332497596741],0.6526332497596741,0.6526332497596741,0.6526332497596741,
2026-02-23 22:08:38.913246,31.98,1,[0.6776056885719299],0.6776056885719299,0.6776056885719299,0.6776056885719299,
2026-02-23 22:08:38.950713,30.62,1,[0.6907577514648438],0.6907577514648438,0.6907577514648438,0.6907577514648438,
2026-02-23 22:08:38.977847,31.79,1,[0.6886557340621948],0.6886557340621948,0.6886557340621948,0.6886557340621948,
2026-02-23 22:08:39.013676,32.34,1,[0.713212788105011],0.713212788105011,0.713212788105011,0.713212788105011,
2026-02-23 22:08:39.043755,31.87,1,[0.7061926126480103],0.7061926126480103,0.7061926126480103,0.7061926126480103,
2026-02-23 22:08:39.078401,31.69,1,[0.6572099924087524],0.6572099924087524,0.6572099924087524,0.6572099924087524,
2026-02-23 22:08:39.099580,33.42,1,[0.6502766609191895],0.6502766609191895,0.6502766609191895,0.6502766609191895,
2026-02-23 22:08:39.131880,33.23,1,[0.6520376801490784],0.6520376801490784,0.6520376801490784,0.6520376801490784,
2026-02-23 22:08:39.167688,32.39,1,[0.6542523503303528],0.6542523503303528,0.6542523503303528,0.6542523503303528,
2026-02-23 22:08:39.209444,31.57,2,"[0.7037940621376038, 0.3687206208705902]",0.7037940621376038,0.3687206208705902,0.536257341504097,0.23693270251541762
2026-02-23 22:08:39.244980,31.19,2,"[0.6792925596237183, 0.4516850411891937]",0.6792925596237183,0.4516850411891937,0.565488800406456,0.1609428197340944
2026-02-23 22:08:39.284015,31.11,2,"[0.6782087683677673, 0.47064393758773804]",0.6782087683677673,0.47064393758773804,0.5744263529777527,0.14677049938039693
2026-02-23 22:08:39.311176,30.99,1,[0.7086860537528992],0.7086860537528992,0.7086860537528992,0.7086860537528992,
2026-02-23 22:08:39.341284,31.49,1,[0.7183903455734253],0.7183903455734253,0.7183903455734253,0.7183903455734253,
2026-02-23 22:08:39.378805,30.89,1,[0.7140295505523682],0.7140295505523682,0.7140295505523682,0.7140295505523682,
2026-02-23 22:08:39.408896,31.35,1,[0.6841098666191101],0.6841098666191101,0.6841098666191101,0.6841098666191101,
2026-02-23 22:08:39.441768,29.66,1,[0.6636010408401489],0.6636010408401489,0.6636010408401489,0.6636010408401489,
2026-02-23 22:08:39.486995,28.78,1,[0.6512063145637512],0.6512063145637512,0.6512063145637512,0.6512063145637512,
2026-02-23 22:08:39.510823,30.14,1,[0.6584460735321045],0.6584460735321045,0.6584460735321045,0.6584460735321045,
2026-02-23 22:08:39.544664,30.75,2,"[0.6907139420509338, 0.2509904205799103]",0.6907139420509338,0.2509904205799103,0.47085218131542206,0.3109314838793892
2026-02-23 22:08:39.590423,30.12,1,[0.6915372014045715],0.6915372014045715,0.6915372014045715,0.6915372014045715,
2026-02-23 22:08:39.615624,31.4,1,[0.6881668567657471],0.6881668567657471,0.6881668567657471,0.6881668567657471,
2026-02-23 22:08:39.652697,30.58,2,"[0.46622776985168457, 0.28652119636535645]",0.46622776985168457,0.28652119636535645,0.3763744831085205,0.12707173673598124
2026-02-23 22:08:39.684673,30.34,2,"[0.4872837960720062, 0.2705191671848297]",0.4872837960720062,0.2705191671848297,0.37890148162841797,0.1532757390075079
2026-02-23 22:08:39.714876,30.93,1,[0.5357500910758972],0.5357500910758972,0.5357500910758972,0.5357500910758972,
2026-02-23 22:08:39.750009,30.47,1,[0.6058999300003052],0.6058999300003052,0.6058999300003052,0.6058999300003052,
2026-02-23 22:08:39.784948,30.3,1,[0.5965364575386047],0.5965364575386047,0.5965364575386047,0.5965364575386047,
2026-02-23 22:08:39.807682,32.43,1,[0.6207282543182373],0.6207282543182373,0.6207282543182373,0.6207282543182373,
2026-02-23 22:08:39.844151,31.0,1,[0.6215570569038391],0.6215570569038391,0.6215570569038391,0.6215570569038391,
2026-02-23 22:08:39.880891,30.75,2,"[0.5938935875892639, 0.3479262590408325]",0.5938935875892639,0.3479262590408325,0.4709099233150482,0.17392516596693533
2026-02-23 22:08:39.937595,30.33,2,"[0.5657936334609985, 0.4063663184642792]",0.5657936334609985,0.4063663184642792,0.48607997596263885,0.11273213554054402
2026-02-23 22:08:39.961166,30.68,2,"[0.5747777819633484, 0.37554293870925903]",0.5747777819633484,0.37554293870925903,0.4751603603363037,0.14088030871360546
2026-02-23 22:08:39.999940,30.49,2,"[0.5719980001449585, 0.42587989568710327]",0.5719980001449585,0.42587989568710327,0.4989389479160309,0.10332110251627373
2026-02-23 22:08:40.025483,31.34,2,"[0.5999741554260254, 0.385072261095047]",0.5999741554260254,0.385072261095047,0.4925232082605362,0.1519585867712697
2026-02-23 22:08:40.072706,30.22,2,"[0.5850991010665894, 0.3945230543613434]",0.5850991010665894,0.3945230543613434,0.48981107771396637,0.1347576149570036
2026-02-23 22:08:40.115081,29.7,2,"[0.6768516898155212, 0.48790261149406433]",0.6768516898155212,0.48790261149406433,0.5823771506547928,0.13360717458005025
2026-02-23 22:08:40.156182,29.27,2,"[0.5562291741371155, 0.5355256795883179]",0.5562291741371155,0.5355256795883179,0.5458774268627167,0.014639581389713508
2026-02-23 22:08:40.193949,27.55,2,"[0.6015238761901855, 0.5271753668785095]",0.6015238761901855,0.5271753668785095,0.5643496215343475,0.05257233510539729
2026-02-23 22:08:40.219556,28.7,2,"[0.6062357425689697, 0.5226195454597473]",0.6062357425689697,0.5226195454597473,0.5644276440143585,0.05912557999296216
2026-02-23 22:08:40.243568,30.09,2,"[0.681613564491272, 0.3796409070491791]",0.681613564491272,0.3796409070491791,0.5306272357702255,0.21352691381022626
2026-02-23 22:08:40.291779,30.43,2,"[0.4833199977874756, 0.3617246747016907]",0.4833199977874756,0.3617246747016907,0.42252233624458313,0.08598087751452767
2026-02-23 22:08:40.316164,30.2,2,"[0.5426639914512634, 0.34568464756011963]",0.5426639914512634,0.34568464756011963,0.44417431950569153,0.13928542981910472
2026-02-23 22:08:40.344452,31.19,1,[0.8878860473632812],0.8878860473632812,0.8878860473632812,0.8878860473632812,
2026-02-23 22:08:40.379353,30.1,1,[0.8878601789474487],0.8878601789474487,0.8878601789474487,0.8878601789474487,
2026-02-23 22:08:40.410792,31.16,1,[0.9037777185440063],0.9037777185440063,0.9037777185440063,0.9037777185440063,
2026-02-23 22:08:40.438080,32.41,1,[0.8433986306190491],0.8433986306190491,0.8433986306190491,0.8433986306190491,
2026-02-23 22:08:40.469736,33.13,1,[0.8319035172462463],0.8319035172462463,0.8319035172462463,0.8319035172462463,
2026-02-23 22:08:40.499539,33.87,1,[0.8394955992698669],0.8394955992698669,0.8394955992698669,0.8394955992698669,
2026-02-23 22:08:40.534130,32.9,1,[0.8366360068321228],0.8366360068321228,0.8366360068321228,0.8366360068321228,
2026-02-23 22:08:40.563820,32.09,1,[0.899257242679596],0.899257242679596,0.899257242679596,0.899257242679596,
2026-02-23 22:08:40.606059,32.37,1,[0.8995718955993652],0.8995718955993652,0.8995718955993652,0.8995718955993652,
2026-02-23 22:08:40.654047,30.45,1,[0.903007447719574],0.903007447719574,0.903007447719574,0.903007447719574,
2026-02-23 22:08:40.692276,29.5,1,[0.9065682291984558],0.9065682291984558,0.9065682291984558,0.9065682291984558,
2026-02-23 22:08:40.724997,29.71,1,[0.9010449051856995],0.9010449051856995,0.9010449051856995,0.9010449051856995,
2026-02-23 22:08:40.761026,29.3,1,[0.8902365565299988],0.8902365565299988,0.8902365565299988,0.8902365565299988,
2026-02-23 22:08:40.787102,29.5,1,[0.902169942855835],0.902169942855835,0.902169942855835,0.902169942855835,
2026-02-23 22:08:40.814516,29.99,1,[0.8932093977928162],0.8932093977928162,0.8932093977928162,0.8932093977928162,
2026-02-23 22:08:40.863353,28.7,1,[0.8885157704353333],0.8885157704353333,0.8885157704353333,0.8885157704353333,
2026-02-23 22:08:40.901228,28.39,1,[0.8877913355827332],0.8877913355827332,0.8877913355827332,0.8877913355827332,
2026-02-23 22:08:40.927191,28.96,1,[0.8214483261108398],0.8214483261108398,0.8214483261108398,0.8214483261108398,
2026-02-23 22:08:40.956727,29.89,1,[0.8209884762763977],0.8209884762763977,0.8209884762763977,0.8209884762763977,
2026-02-23 22:08:40.986922,31.13,1,[0.8232395052909851],0.8232395052909851,0.8232395052909851,0.8232395052909851,
2026-02-23 22:08:41.018894,31.67,1,[0.8000129461288452],0.8000129461288452,0.8000129461288452,0.8000129461288452,
2026-02-23 22:08:41.053733,31.49,1,[0.8169078826904297],0.8169078826904297,0.8169078826904297,0.8169078826904297,
2026-02-23 22:08:41.088964,31.5,1,[0.8193032145500183],0.8193032145500183,0.8193032145500183,0.8193032145500183,
2026-02-23 22:08:41.115183,31.57,1,[0.8503686785697937],0.8503686785697937,0.8503686785697937,0.8503686785697937,
2026-02-23 22:08:41.163831,29.99,1,[0.8500367999076843],0.8500367999076843,0.8500367999076843,0.8500367999076843,
2026-02-23 22:08:41.208294,30.17,1,[0.8370683193206787],0.8370683193206787,0.8370683193206787,0.8370683193206787,
2026-02-23 22:08:41.268290,29.21,1,[0.8347229957580566],0.8347229957580566,0.8347229957580566,0.8347229957580566,
2026-02-23 22:08:41.298148,28.63,1,[0.8652058839797974],0.8652058839797974,0.8652058839797974,0.8652058839797974,
2026-02-23 22:08:41.340915,27.69,1,[0.8661182522773743],0.8661182522773743,0.8661182522773743,0.8661182522773743,
2026-02-23 22:08:41.399799,26.07,1,[0.8675534725189209],0.8675534725189209,0.8675534725189209,0.8675534725189209,
2026-02-23 22:08:41.434819,25.75,1,[0.8162223100662231],0.8162223100662231,0.8162223100662231,0.8162223100662231,
2026-02-23 22:08:41.458194,27.1,1,[0.812035083770752],0.812035083770752,0.812035083770752,0.812035083770752,
2026-02-23 22:08:41.491862,27.26,1,[0.8092836141586304],0.8092836141586304,0.8092836141586304,0.8092836141586304,
2026-02-23 22:08:41.526187,26.32,1,[0.7015367746353149],0.7015367746353149,0.7015367746353149,0.7015367746353149,
2026-02-23 22:08:41.555329,27.67,1,[0.7051582932472229],0.7051582932472229,0.7051582932472229,0.7051582932472229,
2026-02-23 22:08:41.586541,28.63,1,[0.7091501355171204],0.7091501355171204,0.7091501355171204,0.7091501355171204,
2026-02-23 22:08:41.618266,30.12,1,[0.7069208025932312],0.7069208025932312,0.7069208025932312,0.7069208025932312,
2026-02-23 22:08:41.649527,29.99,1,[0.6542035937309265],0.6542035937309265,0.6542035937309265,0.6542035937309265,
2026-02-23 22:08:41.684977,30.48,1,[0.6780580282211304],0.6780580282211304,0.6780580282211304,0.6780580282211304,
2026-02-23 22:08:41.716532,31.93,1,[0.6855156421661377],0.6855156421661377,0.6855156421661377,0.6855156421661377,
2026-02-23 22:08:41.747150,32.38,2,"[0.8159500360488892, 0.310476690530777]",0.8159500360488892,0.310476690530777,0.5632133632898331,0.35742363032490787
2026-02-23 22:08:41.778134,31.4,2,"[0.834921658039093, 0.3077722191810608]",0.834921658039093,0.3077722191810608,0.5713469386100769,0.3727509429151979
2026-02-23 22:08:41.807010,31.86,2,"[0.8454630970954895, 0.2973731756210327]",0.8454630970954895,0.2973731756210327,0.5714181363582611,0.38755810017459075
2026-02-23 22:08:41.840864,31.93,3,"[0.585618257522583, 0.37921783328056335, 0.26975229382514954]",0.585618257522583,0.26975229382514954,0.4115294615427653,0.16039282323827067
2026-02-23 22:08:41.874040,31.52,3,"[0.6057234406471252, 0.3739508390426636, 0.28364765644073486]",0.6057234406471252,0.28364765644073486,0.4211073120435079,0.1661354941078211
2026-02-23 22:08:41.900356,32.06,3,"[0.604385256767273, 0.37632784247398376, 0.2808726727962494]",0.604385256767273,0.2808726727962494,0.4205285906791687,0.16622387795778848
2026-02-23 22:08:41.936518,31.72,3,"[0.6087276339530945, 0.38092511892318726, 0.28257817029953003]",0.6087276339530945,0.28257817029953003,0.42407697439193726,0.16730191311869047
2026-02-23 22:08:41.966539,31.81,2,"[0.5148829221725464, 0.27957814931869507]",0.5148829221725464,0.27957814931869507,0.3972305357456207,0.1663856005305185
2026-02-23 22:08:41.997277,32.23,2,"[0.5166073441505432, 0.2985864281654358]",0.5166073441505432,0.2985864281654358,0.4075968861579895,0.154164068133572
2026-02-23 22:08:42.032382,31.91,3,"[0.5053041577339172, 0.2997121214866638, 0.2559817433357239]",0.5053041577339172,0.2559817433357239,0.3536660075187683,0.13313032315671025
2026-02-23 22:08:42.065622,31.65,3,"[0.61456298828125, 0.3962381184101105, 0.3364253640174866]",0.61456298828125,0.3364253640174866,0.44907549023628235,0.14640346786840627
2026-02-23 22:08:42.104767,30.93,3,"[0.6039964556694031, 0.36271587014198303, 0.34974873065948486]",0.6039964556694031,0.34974873065948486,0.43882035215695697,0.1431935597548136
2026-02-23 22:08:42.134763,30.84,3,"[0.6004395484924316, 0.3703165650367737, 0.33233878016471863]",0.6004395484924316,0.33233878016471863,0.4343649645646413,0.1450729251309097
2026-02-23 22:08:42.165665,31.08,3,"[0.5644736289978027, 0.4837186336517334, 0.3395059108734131]",0.5644736289978027,0.3395059108734131,0.4625660578409831,0.11396574988607702
2026-02-23 22:08:42.196979,31.27,3,"[0.5780622959136963, 0.5264167189598083, 0.2832339406013489]",0.5780622959136963,0.2832339406013489,0.4625709851582845,0.15744252306012257
2026-02-23 22:08:42.227234,30.83,3,"[0.5498908758163452, 0.5434846878051758, 0.2983958423137665]",0.5498908758163452,0.2983958423137665,0.46392380197842914,0.14338719916459858
2026-02-23 22:08:42.258704,31.21,3,"[0.5478730201721191, 0.5450655817985535, 0.2948368787765503]",0.5478730201721191,0.2948368787765503,0.46259182691574097,0.14528682802113294
2026-02-23 22:08:42.306072,30.04,3,"[0.6334091424942017, 0.4319573938846588, 0.34580138325691223]",0.6334091424942017,0.34580138325691223,0.47038930654525757,0.1476052665945141
2026-02-23 22:08:42.340668,29.66,3,"[0.6312909722328186, 0.4328667223453522, 0.3235967457294464]",0.6312909722328186,0.3235967457294464,0.4625848134358724,0.15598496068347573
2026-02-23 22:08:42.376983,29.59,3,"[0.6264308094978333, 0.44229015707969666, 0.33207979798316956]",0.6264308094978333,0.33207979798316956,0.46693358818689984,0.1487148396007541
2026-02-23 22:08:42.422473,28.77,2,"[0.6782611608505249, 0.34372711181640625]",0.6782611608505249,0.34372711181640625,0.5109941363334656,0.2365512946098183
2026-02-23 22:08:42.472317,28.23,2,"[0.6681821942329407, 0.3602903187274933]",0.6681821942329407,0.3602903187274933,0.514236256480217,0.21771243304214613
2026-02-23 22:08:42.499198,28.6,3,"[0.6625105738639832, 0.3796505630016327, 0.2573127746582031]",0.6625105738639832,0.2573127746582031,0.43315797050793964,0.20783069098147272
2026-02-23 22:08:42.521877,29.75,3,"[0.6591529846191406, 0.410916268825531, 0.33832216262817383]",0.6591529846191406,0.33832216262817383,0.46946380535761517,0.16823782158103348
2026-02-23 22:08:42.553322,29.74,3,"[0.6700255274772644, 0.3954111635684967, 0.3143680691719055]",0.6700255274772644,0.3143680691719055,0.45993492007255554,0.18640156457793838
2026-02-23 22:08:42.583947,29.7,3,"[0.6669816374778748, 0.4027235209941864, 0.3059738874435425]",0.6669816374778748,0.3059738874435425,0.45855968197186786,0.18686868798907136
2026-02-23 22:08:42.617687,29.48,3,"[0.6661012768745422, 0.40392959117889404, 0.3119082748889923]",0.6661012768745422,0.3119082748889923,0.4606463809808095,0.18378184444596243
2026-02-23 22:08:42.644687,31.06,4,"[0.6143367886543274, 0.46346843242645264, 0.3031395971775055, 0.2528679370880127]",0.6143367886543274,0.2528679370880127,0.40845318883657455,0.16402485264024955
2026-02-23 22:08:42.681918,30.86,3,"[0.584892749786377, 0.48395395278930664, 0.30989697575569153]",0.584892749786377,0.30989697575569153,0.4595812261104584,0.13910855936284197
2026-02-23 22:08:42.710996,31.5,3,"[0.5765734314918518, 0.49057525396347046, 0.27984780073165894]",0.5765734314918518,0.27984780073165894,0.4489988287289937,0.15266949380595687
2026-02-23 22:08:42.748961,31.97,4,"[0.6205838918685913, 0.5318208336830139, 0.3212323784828186, 0.3100263178348541]",0.6205838918685913,0.3100263178348541,0.4459158554673195,0.1548122778221253
2026-02-23 22:08:42.775460,33.72,4,"[0.6090421676635742, 0.5156296491622925, 0.31989768147468567, 0.2861018478870392]",0.6090421676635742,0.2861018478870392,0.4326678365468979,0.15512281579030582
2026-02-23 22:08:42.811571,32.78,4,"[0.5806369781494141, 0.5082387924194336, 0.32862430810928345, 0.2926657795906067]",0.5806369781494141,0.2926657795906067,0.42754146456718445,0.13895604729687963
2026-02-23 22:08:42.860848,30.44,3,"[0.5205408334732056, 0.5116486549377441, 0.2595186233520508]",0.5205408334732056,0.2595186233520508,0.4305693705876668,0.1482009996834488
2026-02-23 22:08:42.907660,29.39,3,"[0.5098727941513062, 0.47013577818870544, 0.26372048258781433]",0.5098727941513062,0.26372048258781433,0.41457635164260864,0.13214718131920533
2026-02-23 22:08:42.949867,28.48,3,"[0.5087533593177795, 0.47227442264556885, 0.26219671964645386]",0.5087533593177795,0.26219671964645386,0.4144081672032674,0.13307487283739647
2026-02-23 22:08:42.985762,28.38,3,"[0.5098533034324646, 0.4721548855304718, 0.2616657316684723]",0.5098533034324646,0.2616657316684723,0.4145579735438029,0.1337434891773307
2026-02-23 22:08:43.011572,28.36,1,[0.878929615020752],0.878929615020752,0.878929615020752,0.878929615020752,
2026-02-23 22:08:43.036364,29.7,1,[0.8394497632980347],0.8394497632980347,0.8394497632980347,0.8394497632980347,
2026-02-23 22:08:43.073460,28.99,1,[0.8219668865203857],0.8219668865203857,0.8219668865203857,0.8219668865203857,
2026-02-23 22:08:43.098666,30.3,1,[0.7277844548225403],0.7277844548225403,0.7277844548225403,0.7277844548225403,
2026-02-23 22:08:43.132502,29.5,1,[0.7132139801979065],0.7132139801979065,0.7132139801979065,0.7132139801979065,
2026-02-23 22:08:43.162473,30.06,1,[0.6365600824356079],0.6365600824356079,0.6365600824356079,0.6365600824356079,
2026-02-23 22:08:43.184603,32.56,1,[0.7523019909858704],0.7523019909858704,0.7523019909858704,0.7523019909858704,
2026-02-23 22:08:43.209053,34.5,1,[0.7440721988677979],0.7440721988677979,0.7440721988677979,0.7440721988677979,
2026-02-23 22:08:43.238469,35.59,1,[0.7347124814987183],0.7347124814987183,0.7347124814987183,0.7347124814987183,
2026-02-23 22:08:43.265429,36.39,1,[0.7387082576751709],0.7387082576751709,0.7387082576751709,0.7387082576751709,
2026-02-23 22:08:43.306689,35.15,1,[0.6471360325813293],0.6471360325813293,0.6471360325813293,0.6471360325813293,
2026-02-23 22:08:43.332933,34.89,1,[0.6556373238563538],0.6556373238563538,0.6556373238563538,0.6556373238563538,
2026-02-23 22:08:43.378988,34.38,1,[0.6576569676399231],0.6576569676399231,0.6576569676399231,0.6576569676399231,
2026-02-23 22:08:43.414369,33.26,1,[0.6496973633766174],0.6496973633766174,0.6496973633766174,0.6496973633766174,
2026-02-23 22:08:43.443665,33.66,1,[0.6711835861206055],0.6711835861206055,0.6711835861206055,0.6711835861206055,
2026-02-23 22:08:43.478024,33.28,1,[0.6596229672431946],0.6596229672431946,0.6596229672431946,0.6596229672431946,
2026-02-23 22:08:43.508635,31.99,1,[0.7234615683555603],0.7234615683555603,0.7234615683555603,0.7234615683555603,
2026-02-23 22:08:43.554615,30.07,1,[0.7241398692131042],0.7241398692131042,0.7241398692131042,0.7241398692131042,
2026-02-23 22:08:43.587102,29.73,1,[0.7246317267417908],0.7246317267417908,0.7246317267417908,0.7246317267417908,
2026-02-23 22:08:43.613006,29.89,1,[0.7245342135429382],0.7245342135429382,0.7245342135429382,0.7245342135429382,
2026-02-23 22:08:43.654948,29.87,2,"[0.6978923082351685, 0.4962333142757416]",0.6978923082351685,0.4962333142757416,0.597062811255455,0.14259444211596778
2026-02-23 22:08:43.685572,29.35,2,"[0.6734155416488647, 0.5303388833999634]",0.6734155416488647,0.5303388833999634,0.6018772125244141,0.10117047527730834
2026-02-23 22:08:43.718905,30.19,2,"[0.6799426674842834, 0.5049660801887512]",0.6799426674842834,0.5049660801887512,0.5924543738365173,0.12372713142555074
2026-02-23 22:08:43.743449,31.3,1,[0.710652768611908],0.710652768611908,0.710652768611908,0.710652768611908,
2026-02-23 22:08:43.777161,30.94,1,[0.7117575407028198],0.7117575407028198,0.7117575407028198,0.7117575407028198,
2026-02-23 22:08:43.815288,30.61,1,[0.7124301195144653],0.7124301195144653,0.7124301195144653,0.7124301195144653,
2026-02-23 22:08:43.843437,30.9,2,"[0.6011090874671936, 0.5653146505355835]",0.6011090874671936,0.5653146505355835,0.5832118690013885,0.025310489083095702
2026-02-23 22:08:43.870967,32.41,2,"[0.616860568523407, 0.5579748749732971]",0.616860568523407,0.5579748749732971,0.587417721748352,0.04163847322415563
2026-02-23 22:08:43.904268,32.3,2,"[0.6222540140151978, 0.5487032532691956]",0.6222540140151978,0.5487032532691956,0.5854786336421967,0.052008241684927486
2026-02-23 22:08:43.936154,31.63,2,"[0.6331006288528442, 0.5355550646781921]",0.6331006288528442,0.5355550646781921,0.5843278467655182,0.06897512990256405
2026-02-23 22:08:43.964195,32.74,2,"[0.6394559741020203, 0.5220655798912048]",0.6394559741020203,0.5220655798912048,0.5807607769966125,0.08300754379262962
2026-02-23 22:08:43.999712,32.33,3,"[0.7623024582862854, 0.3474670648574829, 0.29766589403152466]",0.7623024582862854,0.29766589403152466,0.46914513905843097,0.25509988145147316
2026-02-23 22:08:44.029813,32.59,3,"[0.7943550944328308, 0.5941569209098816, 0.3646286129951477]",0.7943550944328308,0.3646286129951477,0.5843802094459534,0.2150299985525032
2026-02-23 22:08:44.065400,31.47,3,"[0.7907432913780212, 0.5943415760993958, 0.3479011654853821]",0.7907432913780212,0.3479011654853821,0.5776620109875997,0.22189173719522998
2026-02-23 22:08:44.091345,32.27,3,"[0.7871133685112, 0.3806055784225464, 0.3263653516769409]",0.7871133685112,0.3263653516769409,0.49802809953689575,0.2518198167396939
2026-02-23 22:08:44.123142,32.79,3,"[0.7898324131965637, 0.5707122087478638, 0.28286582231521606]",0.7898324131965637,0.28286582231521606,0.5478034814198812,0.254258507051986
2026-02-23 22:08:44.155752,32.34,3,"[0.7999180555343628, 0.5677362680435181, 0.3021157383918762]",0.7999180555343628,0.3021157383918762,0.5565900206565857,0.24908826921638685
2026-02-23 22:08:44.193178,31.35,3,"[0.7773256301879883, 0.3156360387802124, 0.3072461485862732]",0.7773256301879883,0.3072461485862732,0.46673593918482464,0.26901127240776934
2026-02-23 22:08:44.240638,30.46,3,"[0.7773036360740662, 0.30262109637260437, 0.2858436405658722]",0.7773036360740662,0.2858436405658722,0.4552561243375142,0.2790274549531195
2026-02-23 22:08:44.267072,31.1,2,"[0.761875569820404, 0.3435165286064148]",0.761875569820404,0.3435165286064148,0.5526960492134094,0.29582451501311413
2026-02-23 22:08:44.296842,30.92,3,"[0.7825307250022888, 0.5951830744743347, 0.3544442057609558]",0.7825307250022888,0.3544442057609558,0.5773860017458597,0.21459745766741276
2026-02-23 22:08:44.326057,31.47,2,"[0.7806002497673035, 0.34308677911758423]",0.7806002497673035,0.34308677911758423,0.5618435144424438,0.309368741956878
2026-02-23 22:08:44.360384,31.13,3,"[0.762037456035614, 0.7494575381278992, 0.39404359459877014]",0.762037456035614,0.39404359459877014,0.6351795295874277,0.20892455083302633
2026-02-23 22:08:44.404350,30.6,3,"[0.7606251239776611, 0.7486199736595154, 0.3995230793952942]",0.7606251239776611,0.3995230793952942,0.6362560590108236,0.20510462851134126
2026-02-23 22:08:44.446240,29.15,2,"[0.7177069783210754, 0.4368918240070343]",0.7177069783210754,0.4368918240070343,0.5772994011640549,0.19856629987540525
2026-02-23 22:08:44.484961,28.57,3,"[0.6917790174484253, 0.43869853019714355, 0.4171947240829468]",0.6917790174484253,0.4171947240829468,0.5158907572428385,0.1527026963676817
2026-02-23 22:08:44.522522,28.18,3,"[0.6966060996055603, 0.4543828070163727, 0.42805641889572144]",0.6966060996055603,0.42805641889572144,0.5263484418392181,0.1480338549080259
2026-02-23 22:08:44.551543,28.92,2,"[0.712526261806488, 0.4367440342903137]",0.712526261806488,0.4367440342903137,0.5746351480484009,0.19500748320741815
2026-02-23 22:08:44.586277,29.71,2,"[0.731219470500946, 0.4596627950668335]",0.731219470500946,0.4596627950668335,0.5954411327838898,0.19201956667593534
2026-02-23 22:08:44.613764,29.56,2,"[0.7567920684814453, 0.4950789511203766]",0.7567920684814453,0.4950789511203766,0.625935509800911,0.18505912001148245
2026-02-23 22:08:44.641825,29.75,2,"[0.7475722432136536, 0.4780048131942749]",0.7475722432136536,0.4780048131942749,0.6127885282039642,0.19061295775373274
2026-02-23 22:08:44.678086,29.12,2,"[0.7497269511222839, 0.46791699528694153]",0.7497269511222839,0.46791699528694153,0.6088219732046127,0.1992697307770521
2026-02-23 22:08:44.708384,29.47,3,"[0.7018334269523621, 0.6427905559539795, 0.47445493936538696]",0.7018334269523621,0.47445493936538696,0.6063596407572428,0.11798581626996064
2026-02-23 22:08:44.742752,30.09,3,"[0.7094427347183228, 0.6600266695022583, 0.4640592038631439]",0.7094427347183228,0.4640592038631439,0.611176202694575,0.12978075891377372
2026-02-23 22:08:44.767679,31.7,2,"[0.7255327701568604, 0.4440865218639374]",0.7255327701568604,0.4440865218639374,0.5848096460103989,0.19901255070743862
2026-02-23 22:08:44.807924,31.62,2,"[0.735968828201294, 0.5007195472717285]",0.735968828201294,0.5007195472717285,0.6183441877365112,0.16634636181455487
2026-02-23 22:08:44.834997,32.65,2,"[0.7374732494354248, 0.4957238435745239]",0.7374732494354248,0.4957238435745239,0.6165985465049744,0.1709426442320619
2026-02-23 22:08:44.866293,32.39,2,"[0.7559863924980164, 0.4828232526779175]",0.7559863924980164,0.4828232526779175,0.6194048225879669,0.19315550853700095
2026-02-23 22:08:44.894398,33.07,2,"[0.7532703280448914, 0.4762670695781708]",0.7532703280448914,0.4762670695781708,0.6147686988115311,0.19587088247258805
2026-02-23 22:08:44.928580,32.39,2,"[0.7267014980316162, 0.516082227230072]",0.7267014980316162,0.516082227230072,0.6213918626308441,0.14893031463233772
2026-02-23 22:08:44.953225,32.81,2,"[0.7236122488975525, 0.506935179233551]",0.7236122488975525,0.506935179233551,0.6152737140655518,0.15321382528704539
2026-02-23 22:08:44.989107,32.83,2,"[0.7412511706352234, 0.49525654315948486]",0.7412511706352234,0.49525654315948486,0.6182538568973541,0.1739444692235533
2026-02-23 22:08:45.024171,32.45,2,"[0.7230408787727356, 0.4949600100517273]",0.7230408787727356,0.4949600100517273,0.6090004444122314,0.16127752893154368
2026-02-23 22:08:45.052789,32.94,2,"[0.7249009013175964, 0.4871041774749756]",0.7249009013175964,0.4871041774749756,0.606002539396286,0.16814767597306196
2026-02-23 22:08:45.085716,32.02,2,"[0.7262885570526123, 0.5245444774627686]",0.7262885570526123,0.5245444774627686,0.6254165172576904,0.14265460674221708
2026-02-23 22:08:45.116431,32.79,2,"[0.7032737135887146, 0.5108720660209656]",0.7032737135887146,0.5108720660209656,0.6070728898048401,0.13604850970661955
2026-02-23 22:08:45.159214,31.44,2,"[0.7105777263641357, 0.50493985414505]",0.7105777263641357,0.50493985414505,0.6077587902545929,0.14540793391488824
2026-02-23 22:08:45.211206,30.19,2,"[0.7095149159431458, 0.5167195200920105]",0.7095149159431458,0.5167195200920105,0.6131172180175781,0.13632693178788252
2026-02-23 22:08:45.242278,29.8,2,"[0.716543972492218, 0.5138445496559143]",0.716543972492218,0.5138445496559143,0.6151942610740662,0.1433301364301497
2026-02-23 22:08:45.287965,29.05,2,"[0.73646479845047, 0.5239620208740234]",0.73646479845047,0.5239620208740234,0.6302134096622467,0.15026215504528195
2026-02-23 22:08:45.325536,27.72,2,"[0.7187203168869019, 0.5223916172981262]",0.7187203168869019,0.5223916172981262,0.620555967092514,0.1388253548207598
2026-02-23 22:08:45.359328,27.9,2,"[0.7304618954658508, 0.5396897792816162]",0.7304618954658508,0.5396897792816162,0.6350758373737335,0.1348962570151802
2026-02-23 22:08:45.392218,28.0,2,"[0.7319912910461426, 0.5185250043869019]",0.7319912910461426,0.5185250043869019,0.6252581477165222,0.15094345885146057
2026-02-23 22:08:45.414443,29.1,2,"[0.7445448637008667, 0.5258734226226807]",0.7445448637008667,0.5258734226226807,0.6352091431617737,0.15462405883821992
2026-02-23 22:08:45.449747,28.89,2,"[0.7451606392860413, 0.4801465570926666]",0.7451606392860413,0.4801465570926666,0.6126535981893539,0.18739325462886428
2026-02-23 22:08:45.490672,28.08,2,"[0.7361282110214233, 0.5052829384803772]",0.7361282110214233,0.5052829384803772,0.6207055747509003,0.16323225761863044
2026-02-23 22:08:45.527161,28.45,2,"[0.7401248216629028, 0.47900840640068054]",0.7401248216629028,0.47900840640068054,0.6095666140317917,0.1846371879110399
2026-02-23 22:08:45.558700,29.69,2,"[0.7780929207801819, 0.5289646983146667]",0.7780929207801819,0.5289646983146667,0.6535288095474243,0.17616025549031655
2026-02-23 22:08:45.594960,29.3,2,"[0.7811198830604553, 0.5396317839622498]",0.7811198830604553,0.5396317839622498,0.6603758335113525,0.17075787244819016
2026-02-23 22:08:45.632604,29.76,3,"[0.789981484413147, 0.5690920352935791, 0.25033998489379883]",0.789981484413147,0.25033998489379883,0.5364711682001749,0.27129564634972825
2026-02-23 22:08:45.674825,29.46,2,"[0.7965712547302246, 0.5216498970985413]",0.7965712547302246,0.5216498970985413,0.6591105759143829,0.1943987562743753
2026-02-23 22:08:45.705586,29.78,2,"[0.7878534197807312, 0.5332664251327515]",0.7878534197807312,0.5332664251327515,0.6605599224567413,0.18002019031748975
2026-02-23 22:08:45.742680,29.43,3,"[0.8438115119934082, 0.5616637468338013, 0.25901561975479126]",0.8438115119934082,0.25901561975479126,0.5548302928606669,0.2924578276686952
2026-02-23 22:08:45.787218,27.19,3,"[0.8460462093353271, 0.5614855885505676, 0.2626912593841553]",0.8460462093353271,0.2626912593841553,0.5567410190900167,0.29170641510371015
2026-02-23 22:08:45.836979,26.37,2,"[0.8812211751937866, 0.4287506639957428]",0.8812211751937866,0.4287506639957428,0.6549859195947647,0.3199449667550805
2026-02-23 22:08:45.874293,26.56,2,"[0.8965597152709961, 0.38031741976737976]",0.8965597152709961,0.38031741976737976,0.6384385675191879,0.3650384278859166
2026-02-23 22:08:45.909271,26.74,2,"[0.895209014415741, 0.37989139556884766]",0.895209014415741,0.37989139556884766,0.6375502049922943,0.3643845827515429
2026-02-23 22:08:45.941282,26.7,2,"[0.8961397409439087, 0.34919410943984985]",0.8961397409439087,0.34919410943984985,0.6226669251918793,0.3867489649768786
2026-02-23 22:08:45.989071,26.0,2,"[0.8953049182891846, 0.3452850580215454]",0.8953049182891846,0.3452850580215454,0.620294988155365,0.388922772982525
2026-02-23 22:08:46.016768,26.92,2,"[0.894495964050293, 0.5841293931007385]",0.894495964050293,0.5841293931007385,0.7393126785755157,0.21946230697204566
2026-02-23 22:08:46.046390,28.04,2,"[0.875322699546814, 0.5797529220581055]",0.875322699546814,0.5797529220581055,0.7275378108024597,0.20899939397606473
2026-02-23 22:08:46.071189,28.68,2,"[0.8769509792327881, 0.5903242826461792]",0.8769509792327881,0.5903242826461792,0.7336376309394836,0.2026756808254902
2026-02-23 22:08:46.113263,28.39,2,"[0.8919246792793274, 0.4735740125179291]",0.8919246792793274,0.4735740125179291,0.6827493458986282,0.29581859338089833
2026-02-23 22:08:46.139949,29.9,2,"[0.8917986154556274, 0.4721389412879944]",0.8917986154556274,0.4721389412879944,0.6819687783718109,0.29674420139447033
2026-02-23 22:08:46.182107,30.26,2,"[0.9060219526290894, 0.3893547058105469]",0.9060219526290894,0.3893547058105469,0.6476883292198181,0.36533891384237505
2026-02-23 22:08:46.226678,29.84,2,"[0.9204835891723633, 0.2850305438041687]",0.9204835891723633,0.2850305438041687,0.602757066488266,0.44933315750549324
2026-02-23 22:08:46.266292,29.46,2,"[0.918054461479187, 0.2940278649330139]",0.918054461479187,0.2940278649330139,0.6060411632061005,0.44125343805856077
2026-02-23 22:08:46.295909,29.71,2,"[0.9042063355445862, 0.2598784565925598]",0.9042063355445862,0.2598784565925598,0.582042396068573,0.4556086125145228
2026-02-23 22:08:46.330141,30.56,1,[0.9047250747680664],0.9047250747680664,0.9047250747680664,0.9047250747680664,
2026-02-23 22:08:46.376991,29.1,1,[0.909652829170227],0.909652829170227,0.909652829170227,0.909652829170227,
2026-02-23 22:08:46.415994,28.2,2,"[0.9063937664031982, 0.4371614158153534]",0.9063937664031982,0.4371614158153534,0.6717775911092758,0.33179737705276857
2026-02-23 22:08:46.437252,28.98,2,"[0.9071491956710815, 0.4116429388523102]",0.9071491956710815,0.4116429388523102,0.6593960672616959,0.35037583431691616
2026-02-23 22:08:46.475093,29.24,1,[0.8828333020210266],0.8828333020210266,0.8828333020210266,0.8828333020210266,
2026-02-23 22:08:46.502762,29.09,1,[0.8829643130302429],0.8829643130302429,0.8829643130302429,0.8829643130302429,
2026-02-23 22:08:46.556017,28.62,2,"[0.885528028011322, 0.30889463424682617]",0.885528028011322,0.30889463424682617,0.5972113311290741,0.40774138298948764
2026-02-23 22:08:46.597712,28.78,2,"[0.8735169768333435, 0.5314314365386963]",0.8735169768333435,0.5314314365386963,0.7024742066860199,0.241891005288209
2026-02-23 22:08:46.631215,29.21,2,"[0.8747556805610657, 0.5406742691993713]",0.8747556805610657,0.5406742691993713,0.7077149748802185,0.23623123144222657
2026-02-23 22:08:46.664900,28.79,2,"[0.8112987279891968, 0.4813995063304901]",0.8112987279891968,0.4813995063304901,0.6463491171598434,0.23327397674303543
2026-02-23 22:08:46.690250,29.79,3,"[0.8029018044471741, 0.5241644382476807, 0.2519637644290924]",0.8029018044471741,0.2519637644290924,0.5263433357079824,0.27547548290246854
2026-02-23 22:08:46.744894,29.5,3,"[0.7729714512825012, 0.5635879039764404, 0.25447675585746765]",0.7729714512825012,0.25447675585746765,0.5303453703721365,0.26084092245332124
2026-02-23 22:08:46.793391,28.99,2,"[0.786807656288147, 0.635674238204956]",0.786807656288147,0.635674238204956,0.7112409472465515,0.10686746479052589
2026-02-23 22:08:46.843506,26.3,2,"[0.7872232794761658, 0.6115992069244385]",0.7872232794761658,0.6115992069244385,0.6994112432003021,0.12418497264092458
2026-02-23 22:08:46.878642,26.5,2,"[0.6954545974731445, 0.601475179195404]",0.6954545974731445,0.601475179195404,0.6484648883342743,0.06645348395615726
2026-02-23 22:08:46.911641,25.87,2,"[0.7009236216545105, 0.6005224585533142]",0.7009236216545105,0.6005224585533142,0.6507230401039124,0.07099434326787248
2026-02-23 22:08:46.939931,27.48,2,"[0.5815593004226685, 0.5247825980186462]",0.5815593004226685,0.5247825980186462,0.5531709492206573,0.040147191283294664
2026-02-23 22:08:46.973974,28.03,2,"[0.6710593104362488, 0.5290350317955017]",0.6710593104362488,0.5290350317955017,0.6000471711158752,0.10042633052
2026-02-23 22:08:47.004675,28.38,3,"[0.6634421944618225, 0.5299689769744873, 0.25287434458732605]",0.6634421944618225,0.25287434458732605,0.4820951720078786,0.20942878440922924
2026-02-23 22:08:47.041260,28.15,4,"[0.7404658198356628, 0.5358670353889465, 0.36769211292266846, 0.27842977643013]",0.7404658198356628,0.27842977643013,0.48061368614435196,0.20347455126121688
2026-02-23 22:08:47.086411,26.43,4,"[0.7409237623214722, 0.5379657745361328, 0.37939882278442383, 0.276472806930542]",0.7409237623214722,0.276472806930542,0.4836902916431427,0.2024275038359925
2026-02-23 22:08:47.113071,28.3,2,"[0.7176826596260071, 0.5535392165184021]",0.7176826596260071,0.5535392165184021,0.6356109380722046,0.11606694170869575
2026-02-23 22:08:47.149518,29.03,3,"[0.7172370553016663, 0.4120695888996124, 0.25519299507141113]",0.7172370553016663,0.25519299507141113,0.4614998797575633,0.23495466294423933
2026-02-23 22:08:47.177937,30.52,3,"[0.6896814703941345, 0.44149452447891235, 0.25477251410484314]",0.6896814703941345,0.25477251410484314,0.4619828363259633,0.2181771717135335
2026-02-23 22:08:47.208689,30.89,1,[0.6793603301048279],0.6793603301048279,0.6793603301048279,0.6793603301048279,
2026-02-23 22:08:47.238661,31.22,1,[0.6666292548179626],0.6666292548179626,0.6666292548179626,0.6666292548179626,
2026-02-23 22:08:47.271795,30.72,1,[0.7011646628379822],0.7011646628379822,0.7011646628379822,0.7011646628379822,
2026-02-23 22:08:47.303503,30.99,2,"[0.6939167380332947, 0.2548454701900482]",0.6939167380332947,0.2548454701900482,0.47438110411167145,0.3104702709161345
2026-02-23 22:08:47.337742,30.66,2,"[0.6905099749565125, 0.42709192633628845]",0.6905099749565125,0.42709192633628845,0.5588009506464005,0.18626468846628808
2026-02-23 22:08:47.370086,30.93,1,[0.8105500936508179],0.8105500936508179,0.8105500936508179,0.8105500936508179,
2026-02-23 22:08:47.395676,32.63,1,[0.8164831399917603],0.8164831399917603,0.8164831399917603,0.8164831399917603,
2026-02-23 22:08:47.429499,31.9,1,[0.8212746977806091],0.8212746977806091,0.8212746977806091,0.8212746977806091,
2026-02-23 22:08:47.459059,32.47,1,[0.840892493724823],0.840892493724823,0.840892493724823,0.840892493724823,
2026-02-23 22:08:47.492092,31.99,1,[0.8128159642219543],0.8128159642219543,0.8128159642219543,0.8128159642219543,
2026-02-23 22:08:47.522978,32.09,2,"[0.5485041737556458, 0.4218646287918091]",0.5485041737556458,0.4218646287918091,0.4851844012737274,0.0895476810103076
2026-02-23 22:08:47.560412,31.41,2,"[0.5691336989402771, 0.3647894859313965]",0.5691336989402771,0.3647894859313965,0.4669615924358368,0.1444931787148078
2026-02-23 22:08:47.585488,32.37,2,"[0.6468116641044617, 0.2690703570842743]",0.6468116641044617,0.2690703570842743,0.457941010594368,0.26710343972824413
2026-02-23 22:08:47.615992,32.42,0,[],0.0,0.0,0.0,0.0
2026-02-23 22:08:47.648761,32.48,0,[],0.0,0.0,0.0,0.0
2026-02-23 22:08:47.679934,32.71,0,[],0.0,0.0,0.0,0.0
2026-02-23 22:08:47.717043,31.5,0,[],0.0,0.0,0.0,0.0
2026-02-23 22:08:47.744118,32.18,0,[],0.0,0.0,0.0,0.0
2026-02-23 22:08:47.783653,31.38,0,[],0.0,0.0,0.0,0.0
2026-02-23 22:08:47.807482,32.55,0,[],0.0,0.0,0.0,0.0
2026-02-23 22:08:47.847517,31.77,0,[],0.0,0.0,0.0,0.0
2026-02-23 22:08:47.888933,31.52,0,[],0.0,0.0,0.0,0.0
2026-02-23 22:08:47.925402,30.28,0,[],0.0,0.0,0.0,0.0
2026-02-23 22:08:47.950901,30.92,0,[],0.0,0.0,0.0,0.0
2026-02-23 22:08:47.975338,31.97,0,[],0.0,0.0,0.0,0.0
2026-02-23 22:08:47.999542,32.91,1,[0.340179443359375],0.340179443359375,0.340179443359375,0.340179443359375,
2026-02-23 22:08:48.042287,32.58,3,"[0.3896293044090271, 0.3530324101448059, 0.30649787187576294]",0.3896293044090271,0.30649787187576294,0.34971986214319867,0.04166459527530991
2026-02-23 22:08:48.087273,31.14,3,"[0.39622762799263, 0.30131393671035767, 0.28283342719078064]",0.39622762799263,0.28283342719078064,0.3267916639645894,0.060839108584883964
2026-02-23 22:08:48.114969,32.09,0,[],0.0,0.0,0.0,0.0
2026-02-23 22:08:48.143147,31.45,0,[],0.0,0.0,0.0,0.0
2026-02-23 22:08:48.170340,32.61,0,[],0.0,0.0,0.0,0.0
2026-02-23 22:08:48.201653,33.39,0,[],0.0,0.0,0.0,0.0
2026-02-23 22:08:48.241574,33.17,0,[],0.0,0.0,0.0,0.0
2026-02-23 22:08:48.266532,33.27,0,[],0.0,0.0,0.0,0.0
2026-02-23 22:08:48.303624,31.88,0,[],0.0,0.0,0.0,0.0
2026-02-23 22:08:48.329768,31.51,0,[],0.0,0.0,0.0,0.0
2026-02-23 22:08:48.381210,31.1,1,[0.27561116218566895],0.27561116218566895,0.27561116218566895,0.27561116218566895,
2026-02-23 22:08:48.410086,32.29,1,[0.30356988310813904],0.30356988310813904,0.30356988310813904,0.30356988310813904,
2026-02-23 22:08:48.444302,31.73,1,[0.4772610366344452],0.4772610366344452,0.4772610366344452,0.4772610366344452,
2026-02-23 22:08:48.469939,32.08,1,[0.4707950949668884],0.4707950949668884,0.4707950949668884,0.4707950949668884,
2026-02-23 22:08:48.501425,31.57,1,[0.4712142050266266],0.4712142050266266,0.4712142050266266,0.4712142050266266,
2026-02-23 22:08:48.534738,31.41,3,"[0.7060069441795349, 0.69486004114151, 0.31117352843284607]",0.7060069441795349,0.31117352843284607,0.570680171251297,0.22480844426313723
2026-02-23 22:08:48.568650,31.85,3,"[0.8150810599327087, 0.6977406740188599, 0.3013184666633606]",0.8150810599327087,0.3013184666633606,0.6047134002049764,0.26921841656105894
2026-02-23 22:08:48.603655,30.72,4,"[0.9109312891960144, 0.8778985142707825, 0.5198774337768555, 0.4462074041366577]",0.9109312891960144,0.4462074041366577,0.6887286603450775,0.23978221947498027
2026-02-23 22:08:48.627670,32.17,4,"[0.9043756723403931, 0.8732829689979553, 0.5156132578849792, 0.45312878489494324]",0.9043756723403931,0.45312878489494324,0.6866001710295677,0.23524600502369505
2026-02-23 22:08:48.657760,31.7,5,"[0.9069581031799316, 0.7998021245002747, 0.6964722871780396, 0.5178078413009644, 0.42867013812065125]",0.9069581031799316,0.42867013812065125,0.6699420988559723,0.1969143562677174
2026-02-23 22:08:48.705852,31.86,5,"[0.8282600045204163, 0.7989660501480103, 0.5932349562644958, 0.4449450969696045, 0.4294634759426117]",0.8282600045204163,0.4294634759426117,0.6189739167690277,0.1891167403982629
2026-02-23 22:08:48.740206,31.28,5,"[0.8507234454154968, 0.7896978259086609, 0.652328610420227, 0.41003188490867615, 0.39016538858413696]",0.8507234454154968,0.39016538858413696,0.6185894310474396,0.2121181326938254
2026-02-23 22:08:48.770518,31.69,5,"[0.8405143618583679, 0.8299421668052673, 0.6248751878738403, 0.3461790084838867, 0.33490851521492004]",0.8405143618583679,0.33490851521492004,0.5952838480472564,0.2479549928417315
2026-02-23 22:08:48.799751,31.17,5,"[0.8393698930740356, 0.8312785625457764, 0.6230165958404541, 0.35517990589141846, 0.31838682293891907]",0.8393698930740356,0.31838682293891907,0.5934463560581207,0.25017273613284907
2026-02-23 22:08:48.842799,30.34,4,"[0.8757981061935425, 0.8422628045082092, 0.6399446129798889, 0.5627648830413818]",0.8757981061935425,0.5627648830413818,0.7301926016807556,0.15268424251762946
2026-02-23 22:08:48.887320,29.55,4,"[0.8707346320152283, 0.8316664099693298, 0.6478577852249146, 0.6316062808036804]",0.8707346320152283,0.6316062808036804,0.7454662770032883,0.12330739379370058
2026-02-23 22:08:48.937436,28.6,4,"[0.8410698771476746, 0.8285407423973083, 0.6752252578735352, 0.6602029800415039]",0.8410698771476746,0.6602029800415039,0.7512597143650055,0.09680012064798464
2026-02-23 22:08:48.965981,29.2,4,"[0.816140353679657, 0.7954654693603516, 0.7419116497039795, 0.5928026437759399]",0.816140353679657,0.5928026437759399,0.736580029129982,0.10082609290384413
2026-02-23 22:08:49.010664,27.28,4,"[0.8166108727455139, 0.7779137492179871, 0.7418917417526245, 0.5776463747024536]",0.8166108727455139,0.5776463747024536,0.7285156846046448,0.10510534165986124
2026-02-23 22:08:49.060859,25.96,5,"[0.9187791347503662, 0.7877113819122314, 0.7037720084190369, 0.507290780544281, 0.32937613129615784]",0.9187791347503662,0.32937613129615784,0.6493858873844147,0.23305674078617905
2026-02-23 22:08:49.108037,25.97,6,"[0.8901945948600769, 0.6951680779457092, 0.6105287671089172, 0.5255894660949707, 0.3154751658439636, 0.25989624857902527]",0.8901945948600769,0.25989624857902527,0.5494753867387772,0.23673874720869562
2026-02-23 22:08:49.147476,25.64,5,"[0.8942974209785461, 0.7548129558563232, 0.6228862404823303, 0.5345731377601624, 0.30692431330680847]",0.8942974209785461,0.30692431330680847,0.6226988136768341,0.22287869740094546
2026-02-23 22:08:49.179916,25.39,3,"[0.8527186512947083, 0.7423387169837952, 0.3882627487182617]",0.8527186512947083,0.3882627487182617,0.6611067056655884,0.24264954380057333
2026-02-23 22:08:49.208228,25.53,3,"[0.8401681780815125, 0.732149064540863, 0.38165876269340515]",0.8401681780815125,0.38165876269340515,0.6513253351052603,0.2397020597112082
2026-02-23 22:08:49.241742,26.18,3,"[0.6117904186248779, 0.3873218595981598, 0.27026480436325073]",0.6117904186248779,0.27026480436325073,0.4231256941954295,0.17355509853673826
2026-02-23 22:08:49.277004,26.73,0,[],0.0,0.0,0.0,0.0
2026-02-23 22:08:49.299852,29.11,0,[],0.0,0.0,0.0,0.0
2026-02-23 22:08:49.341211,28.09,1,[0.302418053150177],0.302418053150177,0.302418053150177,0.302418053150177,
2026-02-23 22:08:49.365290,29.97,1,[0.2946450710296631],0.2946450710296631,0.2946450710296631,0.2946450710296631,
2026-02-23 22:08:49.402387,30.68,1,[0.49787166714668274],0.49787166714668274,0.49787166714668274,0.49787166714668274,
2026-02-23 22:08:49.424340,33.1,1,[0.37486889958381653],0.37486889958381653,0.37486889958381653,0.37486889958381653,
2026-02-23 22:08:49.456053,33.73,1,[0.4238978922367096],0.4238978922367096,0.4238978922367096,0.4238978922367096,
2026-02-23 22:08:49.488573,33.72,1,[0.37026074528694153],0.37026074528694153,0.37026074528694153,0.37026074528694153,
2026-02-23 22:08:49.521172,33.28,1,[0.36478090286254883],0.36478090286254883,0.36478090286254883,0.36478090286254883,
2026-02-23 22:08:49.559871,32.9,2,"[0.369989275932312, 0.3028489351272583]",0.369989275932312,0.3028489351272583,0.33641910552978516,0.04747539027442934
2026-02-23 22:08:49.609640,32.11,7,"[0.896503746509552, 0.8818150758743286, 0.7613808512687683, 0.6839998364448547, 0.6063876152038574, 0.4559638202190399, 0.41706812381744385]",0.896503746509552,0.41706812381744385,0.6718741527625492,0.19084199291275172
2026-02-23 22:08:49.653678,29.99,8,"[0.8931109309196472, 0.8521916270256042, 0.7268114686012268, 0.6672171354293823, 0.5835955142974854, 0.46753352880477905, 0.39126044511795044, 0.2644954323768616]",0.8931109309196472,0.2644954323768616,0.6057770103216171,0.22161708464792232
2026-02-23 22:08:49.704688,29.54,9,"[0.8599773049354553, 0.6558429002761841, 0.5851207971572876, 0.5247852206230164, 0.3889976441860199, 0.3772762715816498, 0.3491249978542328, 0.3488764762878418, 0.31287291646003723]",0.8599773049354553,0.31287291646003723,0.48920828104019165,0.18326317951280266
2026-02-23 22:08:49.742465,28.03,9,"[0.8585012555122375, 0.6684513688087463, 0.5863084197044373, 0.5045472383499146, 0.40034958720207214, 0.38646578788757324, 0.35878515243530273, 0.3549034595489502, 0.31172242760658264]",0.8585012555122375,0.31172242760658264,0.4922260774506463,0.1813450562051452
2026-02-23 22:08:49.768260,29.2,7,"[0.840830385684967, 0.667528510093689, 0.6347591280937195, 0.5495284795761108, 0.4828087091445923, 0.40972810983657837, 0.3293689787387848]",0.840830385684967,0.3293689787387848,0.5592217573097774,0.17216911776586874
2026-02-23 22:08:49.810581,27.04,5,"[0.857408881187439, 0.6918703317642212, 0.5088122487068176, 0.48614758253097534, 0.3255779445171356]",0.857408881187439,0.3255779445171356,0.5739633977413178,0.2048749680729943
2026-02-23 22:08:49.860265,25.9,5,"[0.8402096033096313, 0.6801014542579651, 0.5036000609397888, 0.4668847620487213, 0.2897026538848877]",0.8402096033096313,0.2897026538848877,0.5560997068881989,0.21081850941723596
2026-02-23 22:08:49.889824,26.18,8,"[0.7788031101226807, 0.7331847548484802, 0.7329713106155396, 0.6268768906593323, 0.5631207823753357, 0.48889267444610596, 0.4882683753967285, 0.29260119795799255]",0.7788031101226807,0.29260119795799255,0.5880898870527744,0.16373347480685532
2026-02-23 22:08:49.916733,26.83,8,"[0.855889081954956, 0.8247941732406616, 0.7229065895080566, 0.6938915848731995, 0.49405550956726074, 0.49233970046043396, 0.4483722448348999, 0.3050316870212555]",0.855889081954956,0.3050316870212555,0.6046600714325905,0.1973292494657767
2026-02-23 22:08:49.965156,26.28,8,"[0.8550252318382263, 0.8172845840454102, 0.7224503755569458, 0.7109367251396179, 0.5361473560333252, 0.4904592037200928, 0.41958245635032654, 0.3500232398509979]",0.8550252318382263,0.3500232398509979,0.6127386465668678,0.1887434171900982
2026-02-23 22:08:50.011718,26.42,7,"[0.814476490020752, 0.7614667415618896, 0.6120073795318604, 0.5916126370429993, 0.5400278568267822, 0.36552610993385315, 0.32207751274108887]",0.814476490020752,0.32207751274108887,0.5724563896656036,0.18384378202465765
2026-02-23 22:08:50.062796,26.12,7,"[0.8170050978660583, 0.7575767636299133, 0.629185140132904, 0.6032917499542236, 0.5435245037078857, 0.3501535654067993, 0.3086591362953186]",0.8170050978660583,0.3086591362953186,0.5727708509990147,0.19065085562165437
2026-02-23 22:08:50.093720,27.37,9,"[0.8726842999458313, 0.7817786931991577, 0.7425358295440674, 0.6780018210411072, 0.5049420595169067, 0.3908059000968933, 0.2825819253921509, 0.2806904911994934, 0.2627716064453125]",0.8726842999458313,0.2627716064453125,0.532976958486769,0.24046989002922373
2026-02-23 22:08:50.130972,27.43,8,"[0.8671166896820068, 0.8426386713981628, 0.7792422771453857, 0.6965018510818481, 0.5870428681373596, 0.5034458041191101, 0.3202509582042694, 0.25907108187675476]",0.8671166896820068,0.25907108187675476,0.6069137752056122,0.2315369465268688
2026-02-23 22:08:50.159311,27.07,7,"[0.8580427169799805, 0.8539261817932129, 0.7685595154762268, 0.6620660424232483, 0.5979303121566772, 0.5173877477645874, 0.3044217824935913]",0.8580427169799805,0.3044217824935913,0.6517620427267892,0.19948660794100412
2026-02-23 22:08:50.194460,27.54,9,"[0.8389877676963806, 0.7672731876373291, 0.70695561170578, 0.7034603357315063, 0.46927228569984436, 0.3695572316646576, 0.36530473828315735, 0.3089323043823242, 0.25064560770988464]",0.8389877676963806,0.25064560770988464,0.5311543411678739,0.22266169943906403
2026-02-23 22:08:50.240899,27.67,8,"[0.8396319150924683, 0.7681246399879456, 0.7137333750724792, 0.6752141714096069, 0.4727391004562378, 0.38791128993034363, 0.3606313169002533, 0.3280661404132843]",0.8396319150924683,0.3280661404132843,0.5682564936578274,0.20306330746111795
2026-02-23 22:08:50.267153,28.12,8,"[0.8366261720657349, 0.7119638919830322, 0.6924012899398804, 0.6235920190811157, 0.4081477224826813, 0.36237072944641113, 0.28997981548309326, 0.27015480399131775]",0.8366261720657349,0.27015480399131775,0.5244045555591583,0.21715379841090815
2026-02-23 22:08:50.290339,28.7,8,"[0.8344323039054871, 0.7124254703521729, 0.7032450437545776, 0.6886405944824219, 0.6871740221977234, 0.49103665351867676, 0.4703258275985718, 0.34284865856170654]",0.8344323039054871,0.34284865856170654,0.6162660717964172,0.16318811635173042
2026-02-23 22:08:50.314174,30.84,8,"[0.834628164768219, 0.7066061496734619, 0.7050139307975769, 0.6936521530151367, 0.6791368722915649, 0.5146673321723938, 0.47493937611579895, 0.33822867274284363]",0.834628164768219,0.33822867274284363,0.6183590814471245,0.16090198768146385
2026-02-23 22:08:50.351996,31.34,9,"[0.8075422048568726, 0.7227433919906616, 0.6411352157592773, 0.6087373495101929, 0.5935784578323364, 0.537930428981781, 0.5156735181808472, 0.4546286463737488, 0.39002788066864014]",0.8075422048568726,0.39002788066864014,0.5857774549060397,0.1295731318423728
2026-02-23 22:08:50.377050,33.35,9,"[0.8040695786476135, 0.7252484560012817, 0.6743682026863098, 0.6108579635620117, 0.6043604016304016, 0.5411609411239624, 0.5093411207199097, 0.47334548830986023, 0.3506441116333008]",0.8040695786476135,0.3506441116333008,0.5881551404794058,0.13767588390346083
2026-02-23 22:08:50.411898,33.02,9,"[0.8052877187728882, 0.7493307590484619, 0.7106631994247437, 0.6809614896774292, 0.5839127898216248, 0.5628608465194702, 0.5204129815101624, 0.4893330931663513, 0.42827802896499634]",0.8052877187728882,0.42827802896499634,0.6145601007673476,0.1279861657340486
2026-02-23 22:08:50.440210,33.84,9,"[0.8451331853866577, 0.8059654235839844, 0.7831714153289795, 0.751702070236206, 0.6306018829345703, 0.5353499054908752, 0.49522626399993896, 0.44745388627052307, 0.37062305212020874]",0.8451331853866577,0.37062305212020874,0.629469676150216,0.17436990502704652
2026-02-23 22:08:50.474433,33.26,9,"[0.845339834690094, 0.787477970123291, 0.7854759097099304, 0.7362534403800964, 0.6563668847084045, 0.5495672225952148, 0.41422462463378906, 0.4059159457683563, 0.32074546813964844]",0.845339834690094,0.32074546813964844,0.6112630334165361,0.19463078124433977
2026-02-23 22:08:50.508955,33.32,9,"[0.8325297236442566, 0.7987495064735413, 0.7799496650695801, 0.6735327839851379, 0.6327598690986633, 0.6144486665725708, 0.6004695892333984, 0.5753191113471985, 0.41617292165756226]",0.8325297236442566,0.41617292165756226,0.6582146485646566,0.13064437306721013
2026-02-23 22:08:50.556338,33.29,9,"[0.8246715664863586, 0.8016522526741028, 0.7805823087692261, 0.6774742603302002, 0.6267144680023193, 0.6048861145973206, 0.5999148488044739, 0.5442098379135132, 0.4063810706138611]",0.8246715664863586,0.4063810706138611,0.6518318586879306,0.1355141491893937
2026-02-23 22:08:50.604221,31.57,9,"[0.8023488521575928, 0.7908057570457458, 0.7497947812080383, 0.7337071895599365, 0.7148961424827576, 0.5132038593292236, 0.48546770215034485, 0.4678882658481598, 0.4165398180484772]",0.8023488521575928,0.4165398180484772,0.6305169297589196,0.1558243909008843
2026-02-23 22:08:50.653878,29.27,9,"[0.8175519108772278, 0.796671986579895, 0.7689576148986816, 0.7058491706848145, 0.6448308229446411, 0.625286340713501, 0.608532726764679, 0.34298405051231384, 0.28118234872817993]",0.8175519108772278,0.28118234872817993,0.6213163303004371,0.19108043317978174
2026-02-23 22:08:50.691778,27.7,9,"[0.8037090301513672, 0.7968288660049438, 0.7722679972648621, 0.719613790512085, 0.6537894606590271, 0.6080214381217957, 0.4733146131038666, 0.4517291784286499, 0.3551102578639984]",0.8037090301513672,0.3551102578639984,0.6260427369011773,0.16548441582442783
2026-02-23 22:08:50.723843,28.17,9,"[0.8306354284286499, 0.7744941115379333, 0.7311838269233704, 0.6836666464805603, 0.5963447690010071, 0.5941518545150757, 0.5761540532112122, 0.3750600516796112, 0.2844281792640686]",0.8306354284286499,0.2844281792640686,0.6051243245601654,0.1797267428480507
2026-02-23 22:08:50.752318,27.71,9,"[0.8303786516189575, 0.7742363810539246, 0.7310788035392761, 0.6753454804420471, 0.5939885973930359, 0.5917460322380066, 0.5837401151657104, 0.37116578221321106, 0.2900749444961548]",0.8303786516189575,0.2900749444961548,0.6046394209067026,0.1784953794173742
2026-02-23 22:08:50.792848,27.29,9,"[0.8223116397857666, 0.8125555515289307, 0.8005744218826294, 0.7239918112754822, 0.7054785490036011, 0.5279515981674194, 0.45748940110206604, 0.3061387836933136, 0.25181519985198975]",0.8223116397857666,0.25181519985198975,0.6009229951434665,0.2220393448171836
2026-02-23 22:08:50.849357,25.58,9,"[0.8251053690910339, 0.8091573119163513, 0.7932841181755066, 0.7336198091506958, 0.6538928747177124, 0.555530846118927, 0.5353942513465881, 0.3035263121128082, 0.25473594665527344]",0.8251053690910339,0.25473594665527344,0.6071385376983218,0.21369760997334833
2026-02-23 22:08:50.883690,25.5,8,"[0.8125885725021362, 0.7883329391479492, 0.7845470905303955, 0.7215694785118103, 0.6190271973609924, 0.5668937563896179, 0.5483829975128174, 0.26197299361228943]",0.8125885725021362,0.26197299361228943,0.637914378196001,0.1837640540250913
2026-02-23 22:08:50.908644,26.58,8,"[0.8395594954490662, 0.8290399312973022, 0.7485758066177368, 0.6247472763061523, 0.622687041759491, 0.5823755264282227, 0.539370596408844, 0.3263184130191803]",0.8395594954490662,0.3263184130191803,0.6390842609107494,0.16891141547411784
2026-02-23 22:08:50.946016,27.16,8,"[0.8400235772132874, 0.827824592590332, 0.747491717338562, 0.6503837704658508, 0.6434144377708435, 0.5822834372520447, 0.5534833669662476, 0.3372197449207306]",0.8400235772132874,0.3372197449207306,0.6477655805647373,0.1643042638062687
2026-02-23 22:08:51.004814,26.78,9,"[0.8435197472572327, 0.8284816741943359, 0.7861649394035339, 0.6417677402496338, 0.5914686322212219, 0.5656334161758423, 0.4996156692504883, 0.4117126762866974, 0.3855452239513397]",0.8435197472572327,0.3855452239513397,0.617101079887814,0.17249981034653958
2026-02-23 22:08:51.033622,28.2,9,"[0.8679503202438354, 0.8253945112228394, 0.7807904481887817, 0.6105119585990906, 0.5893325805664062, 0.5681678056716919, 0.44184067845344543, 0.38409939408302307, 0.31233927607536316]",0.8679503202438354,0.31233927607536316,0.5978252192338308,0.19712191574789947
2026-02-23 22:08:51.060280,29.3,8,"[0.8635600209236145, 0.8424894213676453, 0.7788916826248169, 0.6635812520980835, 0.6231052279472351, 0.5742758512496948, 0.43798384070396423, 0.4077167809009552]",0.8635600209236145,0.4077167809009552,0.6489505097270012,0.17302281031390676
2026-02-23 22:08:51.103079,28.53,10,"[0.8599874377250671, 0.8300061225891113, 0.7277337908744812, 0.6087592244148254, 0.5868828892707825, 0.5866058468818665, 0.4008975625038147, 0.3715531826019287, 0.37154337763786316, 0.2687232494354248]",0.8599874377250671,0.2687232494354248,0.5612692683935165,0.20439779802377406
2026-02-23 22:08:51.157331,26.85,10,"[0.8620830178260803, 0.8318548202514648, 0.7274113297462463, 0.5977106094360352, 0.5832532048225403, 0.5670551061630249, 0.4230983257293701, 0.3721461892127991, 0.36042332649230957, 0.2641008496284485]",0.8620830178260803,0.2641008496284485,0.5589136779308319,0.20456045014990862
2026-02-23 22:08:51.194522,27.08,9,"[0.8264946937561035, 0.8016639351844788, 0.734298586845398, 0.674375593662262, 0.6163501143455505, 0.595884382724762, 0.5561801791191101, 0.4390278160572052, 0.3616918623447418]",0.8264946937561035,0.3616918623447418,0.6228852404488457,0.15641678061519035
2026-02-23 22:08:51.251071,27.06,9,"[0.8242594003677368, 0.7293437719345093, 0.6800497770309448, 0.5923923850059509, 0.5659283399581909, 0.555516242980957, 0.49498409032821655, 0.4548206925392151, 0.3429795205593109]",0.8242594003677368,0.3429795205593109,0.582252691189448,0.14661079938796795
2026-02-23 22:08:51.295706,26.46,9,"[0.8179238438606262, 0.728687584400177, 0.6868286728858948, 0.5726672410964966, 0.5453344583511353, 0.5333703756332397, 0.5229913592338562, 0.49137917160987854, 0.39603734016418457]",0.8179238438606262,0.39603734016418457,0.5883577830261655,0.13127982199707927
2026-02-23 22:08:51.333026,25.11,10,"[0.8732985258102417, 0.7060754895210266, 0.6558330059051514, 0.6490480899810791, 0.5852521061897278, 0.5459997653961182, 0.49224749207496643, 0.47916021943092346, 0.4117231070995331, 0.29143911600112915]",0.8732985258102417,0.29143911600112915,0.5690076917409896,0.16393301153208456
2026-02-23 22:08:51.364431,25.6,10,"[0.8752816319465637, 0.7042407989501953, 0.6730431318283081, 0.6462467908859253, 0.5847432017326355, 0.5512477159500122, 0.4930376708507538, 0.4795127213001251, 0.4230540990829468, 0.29482904076576233]",0.8752816319465637,0.29482904076576233,0.5725236803293228,0.1631555324397576
2026-02-23 22:08:51.395245,27.21,11,"[0.8871024250984192, 0.7647861242294312, 0.6773064732551575, 0.658643364906311, 0.5801806449890137, 0.49412664771080017, 0.4581434428691864, 0.4124101996421814, 0.3644547462463379, 0.34542542695999146, 0.25559553503990173]",0.8871024250984192,0.25559553503990173,0.5361977300860665,0.19494588557568768
2026-02-23 22:08:51.425242,27.11,9,"[0.8900455236434937, 0.8428428769111633, 0.6824919581413269, 0.6217448115348816, 0.4614715576171875, 0.4415471851825714, 0.3725464642047882, 0.31740230321884155, 0.2915060818195343]",0.8900455236434937,0.2915060818195343,0.5468443069193099,0.22248864293359719
2026-02-23 22:08:51.457764,26.4,8,"[0.8879373669624329, 0.8445636034011841, 0.6779312491416931, 0.6042109727859497, 0.47093692421913147, 0.43006622791290283, 0.3200344443321228, 0.28957048058509827]",0.8879373669624329,0.28957048058509827,0.5656564086675644,0.22667043429106562
2026-02-23 22:08:51.485433,27.66,8,"[0.876079261302948, 0.859165608882904, 0.7216675281524658, 0.6321116089820862, 0.5205872654914856, 0.4856673777103424, 0.40061748027801514, 0.2788981795310974]",0.876079261302948,0.2788981795310974,0.5968492887914181,0.21426932236233465
2026-02-23 22:08:51.518261,28.88,8,"[0.8721493482589722, 0.8522595763206482, 0.7177978157997131, 0.628923237323761, 0.5057723522186279, 0.48344549536705017, 0.4476109445095062, 0.2644352614879608]",0.8721493482589722,0.2644352614879608,0.59654925391078,0.21064787802048385
2026-02-23 22:08:51.551747,29.16,8,"[0.7362356185913086, 0.6899247169494629, 0.6657353043556213, 0.6130232214927673, 0.5935733914375305, 0.4291868507862091, 0.36185967922210693, 0.2869712710380554]",0.7362356185913086,0.2869712710380554,0.5470637567341328,0.16588963499741333
2026-02-23 22:08:51.590906,29.98,6,"[0.6131833791732788, 0.5999219417572021, 0.5726795792579651, 0.5488359332084656, 0.47294139862060547, 0.3851453959941864]",0.6131833791732788,0.3851453959941864,0.5321179380019506,0.08740310944128568
2026-02-23 22:08:51.643806,29.6,6,"[0.5771092772483826, 0.5719636678695679, 0.5663589239120483, 0.49177098274230957, 0.4515489935874939, 0.39675819873809814]",0.5771092772483826,0.39675819873809814,0.5092516740163168,0.07495150746497818
2026-02-23 22:08:51.677381,29.93,5,"[0.38151273131370544, 0.3393091857433319, 0.33923009037971497, 0.3071736991405487, 0.30194342136383057]",0.38151273131370544,0.30194342136383057,0.33383382558822633,0.0318596041936675
2026-02-23 22:08:51.722707,28.97,5,"[0.37293773889541626, 0.36589401960372925, 0.34387022256851196, 0.3353138267993927, 0.30357491970062256]",0.37293773889541626,0.30357491970062256,0.34431814551353457,0.027504037468218383
2026-02-23 22:08:51.762842,28.13,2,"[0.39466768503189087, 0.32037198543548584]",0.39466768503189087,0.32037198543548584,0.35751983523368835,0.05253499299761664
2026-02-23 22:08:51.789026,28.59,1,[0.29185521602630615],0.29185521602630615,0.29185521602630615,0.29185521602630615,
2026-02-23 22:08:51.818328,28.97,1,[0.29678860306739807],0.29678860306739807,0.29678860306739807,0.29678860306739807,
2026-02-23 22:08:51.857363,27.92,1,[0.308750718832016],0.308750718832016,0.308750718832016,0.308750718832016,
2026-02-23 22:08:51.881768,28.95,1,[0.3300836682319641],0.3300836682319641,0.3300836682319641,0.3300836682319641,
2026-02-23 22:08:51.927038,28.21,1,[0.27294448018074036],0.27294448018074036,0.27294448018074036,0.27294448018074036,
2026-02-23 22:08:51.971965,27.86,2,"[0.4174124598503113, 0.2851557433605194]",0.4174124598503113,0.2851557433605194,0.35128410160541534,0.09351962108739852
2026-02-23 22:08:52.010509,28.6,2,"[0.3896050453186035, 0.2683751583099365]",0.3896050453186035,0.2683751583099365,0.32899010181427,0.08572247518630736
2026-02-23 22:08:52.042959,28.6,1,[0.3429184854030609],0.3429184854030609,0.3429184854030609,0.3429184854030609,
2026-02-23 22:08:52.074139,29.6,1,[0.34636637568473816],0.34636637568473816,0.34636637568473816,0.34636637568473816,
2026-02-23 22:08:52.102644,30.63,1,[0.3357373774051666],0.3357373774051666,0.3357373774051666,0.3357373774051666,
2026-02-23 22:08:52.143654,29.27,1,[0.5820505619049072],0.5820505619049072,0.5820505619049072,0.5820505619049072,
2026-02-23 22:08:52.166281,30.34,1,[0.5353370904922485],0.5353370904922485,0.5353370904922485,0.5353370904922485,
2026-02-23 22:08:52.199655,30.78,2,"[0.6681693196296692, 0.25705066323280334]",0.6681693196296692,0.25705066323280334,0.46260999143123627,0.29070478981052605
2026-02-23 22:08:52.231711,29.82,2,"[0.6808595657348633, 0.2695557475090027]",0.6808595657348633,0.2695557475090027,0.475207656621933,0.29083571899542515
2026-02-23 22:08:52.265907,30.52,3,"[0.8215981721878052, 0.7758360505104065, 0.41893789172172546]",0.8215981721878052,0.41893789172172546,0.672124038139979,0.22045625756303283
2026-02-23 22:08:52.297305,31.44,5,"[0.9123110771179199, 0.8693651556968689, 0.589114248752594, 0.38565298914909363, 0.3534048795700073]",0.9123110771179199,0.3534048795700073,0.6219696700572968,0.26198986528243934
2026-02-23 22:08:52.331931,31.75,5,"[0.9134390950202942, 0.8616244196891785, 0.520267128944397, 0.3963615596294403, 0.32042941451072693]",0.9134390950202942,0.32042941451072693,0.6024243235588074,0.27048459934688973
2026-02-23 22:08:52.357131,32.68,6,"[0.8086724877357483, 0.783810555934906, 0.6481621861457825, 0.6135556697845459, 0.5472025275230408, 0.26887747645378113]",0.8086724877357483,0.26887747645378113,0.6117134839296341,0.1956733729629694
2026-02-23 22:08:52.391123,32.43,6,"[0.8208339810371399, 0.776084303855896, 0.650741696357727, 0.6136555671691895, 0.5321502089500427, 0.2744719386100769]",0.8208339810371399,0.2744719386100769,0.611322949330012,0.19613127303809746
2026-02-23 22:08:52.436476,31.14,4,"[0.887008786201477, 0.8289505243301392, 0.654552161693573, 0.3371562361717224]",0.887008786201477,0.3371562361717224,0.6769169270992279,0.2471101736602496
2026-02-23 22:08:52.472620,31.46,4,"[0.8510741591453552, 0.7536092400550842, 0.2844587564468384, 0.25256186723709106]",0.8510741591453552,0.25256186723709106,0.5354260057210922,0.3110382407106723
2026-02-23 22:08:52.499697,30.67,4,"[0.8603938817977905, 0.746101438999176, 0.29284584522247314, 0.2665276527404785]",0.8603938817977905,0.2665276527404785,0.5414672046899796,0.3060466918799616
2026-02-23 22:08:52.528061,31.19,3,"[0.3461630344390869, 0.33818045258522034, 0.2854931354522705]",0.3461630344390869,0.2854931354522705,0.32327887415885925,0.03296592089515124
2026-02-23 22:08:52.560708,31.13,3,"[0.3684979975223541, 0.33918604254722595, 0.32545626163482666]",0.3684979975223541,0.32545626163482666,0.34438010056813556,0.021985937234886056
2026-02-23 22:08:52.594174,31.15,1,[0.43623894453048706],0.43623894453048706,0.43623894453048706,0.43623894453048706,
2026-02-23 22:08:52.620532,31.76,1,[0.2564699351787567],0.2564699351787567,0.2564699351787567,0.2564699351787567,
2026-02-23 22:08:52.655555,31.72,0,[],0.0,0.0,0.0,0.0
2026-02-23 22:08:52.690052,30.71,1,[0.35770246386528015],0.35770246386528015,0.35770246386528015,0.35770246386528015,
2026-02-23 22:08:52.739988,29.74,1,[0.30161669850349426],0.30161669850349426,0.30161669850349426,0.30161669850349426,
2026-02-23 22:08:52.781304,29.96,0,[],0.0,0.0,0.0,0.0
2026-02-23 22:08:52.826218,29.43,0,[],0.0,0.0,0.0,0.0
2026-02-23 22:08:52.850734,29.8,0,[],0.0,0.0,0.0,0.0
2026-02-23 22:08:52.884645,29.23,0,[],0.0,0.0,0.0,0.0
2026-02-23 22:08:52.919510,29.05,0,[],0.0,0.0,0.0,0.0
2026-02-23 22:08:52.943452,30.22,1,[0.25667640566825867],0.25667640566825867,0.25667640566825867,0.25667640566825867,
2026-02-23 22:08:52.988592,28.67,1,[0.28442439436912537],0.28442439436912537,0.28442439436912537,0.28442439436912537,
2026-02-23 22:08:53.039526,27.77,0,[],0.0,0.0,0.0,0.0
2026-02-23 22:08:53.073453,27.78,0,[],0.0,0.0,0.0,0.0
2026-02-23 22:08:53.115469,28.2,2,"[0.2866910398006439, 0.26652130484580994]",0.2866910398006439,0.26652130484580994,0.27660617232322693,0.014262156361298453
2026-02-23 22:08:53.166426,27.74,2,"[0.33467674255371094, 0.3167363107204437]",0.33467674255371094,0.3167363107204437,0.32570652663707733,0.01268580100671825
2026-02-23 22:08:53.197196,28.74,3,"[0.5198826789855957, 0.36335673928260803, 0.26703354716300964]",0.5198826789855957,0.26703354716300964,0.3834243218104045,0.1276134858361032
2026-02-23 22:08:53.230157,27.7,3,"[0.5219335556030273, 0.36307263374328613, 0.2603648602962494]",0.5219335556030273,0.2603648602962494,0.3817903498808543,0.13178509120601406
2026-02-23 22:08:53.261177,27.97,2,"[0.4157220721244812, 0.3036178648471832]",0.4157220721244812,0.3036178648471832,0.3596699684858322,0.0792696451653197
2026-02-23 22:08:53.293136,28.21,2,"[0.37637215852737427, 0.3028610348701477]",0.37637215852737427,0.3028610348701477,0.339616596698761,0.05198021403066774
2026-02-23 22:08:53.335693,26.42,1,[0.32515695691108704],0.32515695691108704,0.32515695691108704,0.32515695691108704,
2026-02-23 22:08:53.376124,26.67,1,[0.3331710994243622],0.3331710994243622,0.3331710994243622,0.3331710994243622,
2026-02-23 22:08:53.406836,27.96,4,"[0.3236086368560791, 0.32039329409599304, 0.3106745779514313, 0.2904607355594635]",0.3236086368560791,0.2904607355594635,0.31128431111574173,0.014931573363939677
2026-02-23 22:08:53.434684,28.65,4,"[0.33725759387016296, 0.30968165397644043, 0.2949152886867523, 0.271205335855484]",0.33725759387016296,0.271205335855484,0.30326496809720993,0.027653870315894176
2026-02-23 22:08:53.465451,29.46,1,[0.6082618832588196],0.6082618832588196,0.6082618832588196,0.6082618832588196,
2026-02-23 22:08:53.498175,30.57,2,"[0.6223002076148987, 0.2719041705131531]",0.6223002076148987,0.2719041705131531,0.4471021890640259,0.24776741393553742
2026-02-23 22:08:53.528301,30.67,1,[0.5506196022033691],0.5506196022033691,0.5506196022033691,0.5506196022033691,
2026-02-23 22:08:53.563606,30.48,1,[0.5210839509963989],0.5210839509963989,0.5210839509963989,0.5210839509963989,
2026-02-23 22:08:53.588499,31.26,0,[],0.0,0.0,0.0,0.0
2026-02-23 22:08:53.623586,31.0,0,[],0.0,0.0,0.0,0.0
2026-02-23 22:08:53.652536,32.11,2,"[0.3793821930885315, 0.3096604347229004]",0.3793821930885315,0.3096604347229004,0.34452131390571594,0.04930072813658765
2026-02-23 22:08:53.682926,32.92,2,"[0.3287585973739624, 0.28205421566963196]",0.3287585973739624,0.28205421566963196,0.3054064065217972,0.033024985014256984
2026-02-23 22:08:53.714354,32.83,1,[0.39113083481788635],0.39113083481788635,0.39113083481788635,0.39113083481788635,
2026-02-23 22:08:53.748027,32.19,1,[0.43034276366233826],0.43034276366233826,0.43034276366233826,0.43034276366233826,
2026-02-23 22:08:53.781580,31.98,2,"[0.5243680477142334, 0.31072235107421875]",0.5243680477142334,0.31072235107421875,0.4175451993942261,0.15107032086547834
2026-02-23 22:08:53.808938,32.56,2,"[0.5295005440711975, 0.3021541237831116]",0.5295005440711975,0.3021541237831116,0.41582733392715454,0.16075819546419245
2026-02-23 22:08:53.846145,31.92,0,[],0.0,0.0,0.0,0.0
2026-02-23 22:08:53.892906,31.24,0,[],0.0,0.0,0.0,0.0
2026-02-23 22:08:53.916820,31.35,1,[0.2591675817966461],0.2591675817966461,0.2591675817966461,0.2591675817966461,
2026-02-23 22:08:53.947042,31.83,0,[],0.0,0.0,0.0,0.0
2026-02-23 22:08:53.978396,31.6,2,"[0.6185543537139893, 0.30060821771621704]",0.6185543537139893,0.30060821771621704,0.45958128571510315,0.224821868816085
2026-02-23 22:08:54.018422,30.8,2,"[0.6375051736831665, 0.293098121881485]",0.6375051736831665,0.293098121881485,0.46530164778232574,0.24353256181743554
2026-02-23 22:08:54.056124,30.25,1,[0.3837518095970154],0.3837518095970154,0.3837518095970154,0.3837518095970154,
2026-02-23 22:08:54.086776,30.56,1,[0.3042606711387634],0.3042606711387634,0.3042606711387634,0.3042606711387634,
2026-02-23 22:08:54.118817,30.69,2,"[0.7157642245292664, 0.44856002926826477]",0.7157642245292664,0.44856002926826477,0.5821621268987656,0.18894189843054857
2026-02-23 22:08:54.149262,30.3,2,"[0.7560037970542908, 0.4476067125797272]",0.7560037970542908,0.4476067125797272,0.601805254817009,0.21806966973012445
2026-02-23 22:08:54.180522,30.83,5,"[0.9256148934364319, 0.4766938090324402, 0.40941473841667175, 0.25763189792633057, 0.2555803656578064]",0.9256148934364319,0.2555803656578064,0.46498714089393617,0.2748866396850257
2026-02-23 22:08:54.214897,31.62,4,"[0.9332417845726013, 0.518497884273529, 0.41239333152770996, 0.26071956753730774]",0.9332417845726013,0.26071956753730774,0.531213141977787,0.2881397973288279
2026-02-23 22:08:54.243051,31.03,3,"[0.9265549778938293, 0.5555249452590942, 0.3522289991378784]",0.9265549778938293,0.3522289991378784,0.6114363074302673,0.29121665952237746
2026-02-23 22:08:54.273715,30.94,3,"[0.9270769953727722, 0.546057403087616, 0.4213155210018158]",0.9270769953727722,0.4213155210018158,0.6314833064874014,0.2634802762413593
2026-02-23 22:08:54.326040,29.64,4,"[0.9599562883377075, 0.7036749720573425, 0.5357056856155396, 0.5127528309822083]",0.9599562883377075,0.5127528309822083,0.6780224442481995,0.20632728813132706
2026-02-23 22:08:54.356212,30.45,5,"[0.9593269228935242, 0.7024925947189331, 0.5507994294166565, 0.5066869854927063, 0.26248979568481445]",0.9593269228935242,0.26248979568481445,0.5963591456413269,0.25719420834511714
2026-02-23 22:08:54.393219,30.56,5,"[0.9630770087242126, 0.7679951786994934, 0.6399162411689758, 0.5308336615562439, 0.35904043912887573]",0.9630770087242126,0.35904043912887573,0.6521725058555603,0.2296063158713929
2026-02-23 22:08:54.438215,29.5,6,"[0.9631298780441284, 0.7664448022842407, 0.6377548575401306, 0.5675246715545654, 0.38376230001449585, 0.26149627566337585]",0.9631298780441284,0.26149627566337585,0.5966854641834894,0.2542930805822331
2026-02-23 22:08:54.469227,29.6,5,"[0.9638246297836304, 0.7311661839485168, 0.40515515208244324, 0.362190842628479, 0.34828636050224304]",0.9638246297836304,0.34828636050224304,0.5621246337890625,0.2739879918079094
2026-02-23 22:08:54.493561,30.37,5,"[0.9634367227554321, 0.731191873550415, 0.4013408422470093, 0.370154470205307, 0.35248231887817383]",0.9634367227554321,0.35248231887817383,0.5637212455272674,0.27215631996890577
2026-02-23 22:08:54.525669,30.28,5,"[0.9636335372924805, 0.5863438248634338, 0.5846683979034424, 0.49094152450561523, 0.2817837595939636]",0.9636335372924805,0.2817837595939636,0.5814742088317871,0.24702742794542068
2026-02-23 22:08:54.566994,29.77,6,"[0.9639065861701965, 0.5849559903144836, 0.5745024681091309, 0.4786606431007385, 0.2758826017379761, 0.26589760184288025]",0.9639065861701965,0.26589760184288025,0.5239676485459009,0.25691192220500825
2026-02-23 22:08:54.622894,28.06,5,"[0.959404706954956, 0.6619128584861755, 0.545088529586792, 0.5160738825798035, 0.2550480365753174]",0.959404706954956,0.2550480365753174,0.5875056028366089,0.2555753878328453
2026-02-23 22:08:54.653427,28.0,5,"[0.9597315788269043, 0.6594312787055969, 0.5327059626579285, 0.5322396755218506, 0.26459676027297974]",0.9597315788269043,0.26459676027297974,0.589741051197052,0.25200592145609063
2026-02-23 22:08:54.691653,28.7,7,"[0.9612951874732971, 0.6310775876045227, 0.46142441034317017, 0.45684516429901123, 0.29507654905319214, 0.2906748056411743, 0.27055415511131287]",0.9612951874732971,0.27055415511131287,0.4809925513608115,0.24807662514889417
2026-02-23 22:08:54.741704,27.4,7,"[0.9614665508270264, 0.6279754638671875, 0.43618595600128174, 0.43471550941467285, 0.3001258373260498, 0.2828977406024933, 0.26199254393577576]",0.9614665508270264,0.26199254393577576,0.4721942288534982,0.2503270822096521
2026-02-23 22:08:54.765299,28.86,7,"[0.961937665939331, 0.624846339225769, 0.45055675506591797, 0.4001169800758362, 0.3157135248184204, 0.2864599823951721, 0.28482478857040405]",0.961937665939331,0.28482478857040405,0.47492229087012156,0.24591775148451847
2026-02-23 22:08:54.793402,30.23,6,"[0.9535143971443176, 0.514165461063385, 0.3713209331035614, 0.3357018828392029, 0.3099183738231659, 0.29147300124168396]",0.9535143971443176,0.29147300124168396,0.4626823415358861,0.2532536397708622
2026-02-23 22:08:54.827894,29.87,5,"[0.9560767412185669, 0.5102086067199707, 0.47653988003730774, 0.32110562920570374, 0.319149374961853]",0.9560767412185669,0.319149374961853,0.5166160464286804,0.2607634302602408
2026-02-23 22:08:54.862411,28.72,2,"[0.8791025280952454, 0.2887455224990845]",0.8791025280952454,0.2887455224990845,0.5839240252971649,0.41744544197802996
2026-02-23 22:08:54.886075,29.82,3,"[0.8712645173072815, 0.29934754967689514, 0.26043960452079773]",0.8712645173072815,0.26043960452079773,0.47701722383499146,0.3419819488755758
2026-02-23 22:08:54.926823,29.87,3,"[0.8738996982574463, 0.2880777418613434, 0.2635260820388794]",0.8738996982574463,0.2635260820388794,0.475167840719223,0.3455300517493681
2026-02-23 22:08:54.981450,29.88,2,"[0.615329921245575, 0.26440325379371643]",0.615329921245575,0.26440325379371643,0.4398665875196457,0.24814262625440564
2026-02-23 22:08:55.011973,29.96,2,"[0.6540493369102478, 0.2913038432598114]",0.6540493369102478,0.2913038432598114,0.4726765900850296,0.2564997984050853
2026-02-23 22:08:55.056504,29.58,1,[0.44663235545158386],0.44663235545158386,0.44663235545158386,0.44663235545158386,
2026-02-23 22:08:55.080387,31.72,1,[0.4465324282646179],0.4465324282646179,0.4465324282646179,0.4465324282646179,
2026-02-23 22:08:55.108149,31.13,1,[0.4668935239315033],0.4668935239315033,0.4668935239315033,0.4668935239315033,
2026-02-23 22:08:55.138114,30.9,0,[],0.0,0.0,0.0,0.0
2026-02-23 22:08:55.187229,30.06,0,[],0.0,0.0,0.0,0.0
2026-02-23 22:08:55.227048,29.66,0,[],0.0,0.0,0.0,0.0
2026-02-23 22:08:55.266209,28.02,0,[],0.0,0.0,0.0,0.0
2026-02-23 22:08:55.293384,29.16,0,[],0.0,0.0,0.0,0.0
2026-02-23 22:08:55.330713,30.04,0,[],0.0,0.0,0.0,0.0
2026-02-23 22:08:55.357402,30.47,0,[],0.0,0.0,0.0,0.0
2026-02-23 22:08:55.400498,30.57,1,[0.26953697204589844],0.26953697204589844,0.26953697204589844,0.26953697204589844,
2026-02-23 22:08:55.448757,28.49,1,[0.2735395133495331],0.2735395133495331,0.2735395133495331,0.2735395133495331,
2026-02-23 22:08:55.481449,27.95,1,[0.2745644450187683],0.2745644450187683,0.2745644450187683,0.2745644450187683,
2026-02-23 22:08:55.507050,28.5,2,"[0.3714718818664551, 0.34155866503715515]",0.3714718818664551,0.34155866503715515,0.3565152734518051,0.021151838467101534
2026-02-23 22:08:55.535376,30.0,2,"[0.4019889831542969, 0.3607839345932007]",0.4019889831542969,0.3607839345932007,0.3813864588737488,0.02913636925667211
2026-02-23 22:08:55.566754,30.71,5,"[0.665523886680603, 0.5260130167007446, 0.39817237854003906, 0.35015246272087097, 0.3187926113605499]",0.665523886680603,0.3187926113605499,0.45173087120056155,0.14325201285041703
2026-02-23 22:08:55.600333,31.13,5,"[0.6449378132820129, 0.5063406229019165, 0.37249359488487244, 0.33988049626350403, 0.33481794595718384]",0.6449378132820129,0.33481794595718384,0.43969409465789794,0.13420545063643252
2026-02-23 22:08:55.630939,30.74,5,"[0.6441805362701416, 0.5350274443626404, 0.3883475363254547, 0.328625351190567, 0.327688068151474]",0.6441805362701416,0.327688068151474,0.44477378726005556,0.13990373546322724
2026-02-23 22:08:55.655788,32.04,4,"[0.7428814172744751, 0.7045642137527466, 0.5036186575889587, 0.2852017879486084]",0.7428814172744751,0.2852017879486084,0.5590665191411972,0.2105816169999399
2026-02-23 22:08:55.693427,31.0,4,"[0.7559173703193665, 0.7107298374176025, 0.5041652917861938, 0.32309845089912415]",0.7559173703193665,0.32309845089912415,0.5734777376055717,0.19968004477551052
2026-02-23 22:08:55.717653,32.77,3,"[0.8306430578231812, 0.8102407455444336, 0.6088762283325195]",0.8306430578231812,0.6088762283325195,0.7499200105667114,0.12257273337400326
2026-02-23 22:08:55.747710,34.05,3,"[0.8296590447425842, 0.8049763441085815, 0.613659679889679]",0.8296590447425842,0.613659679889679,0.7494316895802816,0.11822790655854382
2026-02-23 22:08:55.780022,34.07,3,"[0.8229828476905823, 0.7859098315238953, 0.6184920072555542]",0.8229828476905823,0.6184920072555542,0.7424615621566772,0.1089492544201693
2026-02-23 22:08:55.816174,32.96,4,"[0.820942759513855, 0.6156792640686035, 0.47871896624565125, 0.4409109652042389]",0.820942759513855,0.4409109652042389,0.5890629887580872,0.17185408499119015
2026-02-23 22:08:55.842993,33.11,4,"[0.8190076351165771, 0.6306622624397278, 0.4597805142402649, 0.45045074820518494]",0.8190076351165771,0.45045074820518494,0.5899752900004387,0.17371338677458614
2026-02-23 22:08:55.883767,32.39,5,"[0.8108518719673157, 0.7162416577339172, 0.7017316222190857, 0.5122622847557068, 0.3222707509994507]",0.8108518719673157,0.3222707509994507,0.6126716375350952,0.19515926079856605
2026-02-23 22:08:55.924983,31.8,4,"[0.809368371963501, 0.7346917390823364, 0.7193229794502258, 0.5140625238418579]",0.809368371963501,0.5140625238418579,0.6943614035844803,0.12646989766112815
2026-02-23 22:08:55.957006,31.72,4,"[0.8076415061950684, 0.7286733984947205, 0.7227432131767273, 0.5153912305831909]",0.8076415061950684,0.5153912305831909,0.6936123371124268,0.12495772642472534
2026-02-23 22:08:55.985742,31.2,4,"[0.8358405828475952, 0.749809980392456, 0.7394139766693115, 0.47455671429634094]",0.8358405828475952,0.47455671429634094,0.6999053135514259,0.15632423448154986
2026-02-23 22:08:56.035140,30.58,4,"[0.8359686136245728, 0.7520533204078674, 0.7518606781959534, 0.4592435956001282]",0.8359686136245728,0.4592435956001282,0.6997815519571304,0.16517667044791928
2026-02-23 22:08:56.073633,29.07,5,"[0.8478543162345886, 0.8070876002311707, 0.7321715950965881, 0.3382856845855713, 0.3322005867958069]",0.8478543162345886,0.3322005867958069,0.6115199565887451,0.2556040533727495
2026-02-23 22:08:56.124909,27.66,5,"[0.8474750518798828, 0.7844980359077454, 0.7303605079650879, 0.33040833473205566, 0.33016446232795715]",0.8474750518798828,0.33016446232795715,0.6045812785625457,0.2538026947256706
2026-02-23 22:08:56.165964,27.01,4,"[0.8509140014648438, 0.7697951197624207, 0.4160005450248718, 0.28517282009124756]",0.8509140014648438,0.28517282009124756,0.580470621585846,0.2727847655702836
2026-02-23 22:08:56.214423,26.29,4,"[0.8511303663253784, 0.7803460359573364, 0.41654542088508606, 0.2812224328517914]",0.8511303663253784,0.2812224328517914,0.5823110640048981,0.276655188315015
2026-02-23 22:08:56.237362,26.96,3,"[0.8700961470603943, 0.6589329838752747, 0.5773674249649048]",0.8700961470603943,0.5773674249649048,0.7021321853001913,0.1510700315672419
2026-02-23 22:08:56.290386,26.37,3,"[0.8703966736793518, 0.6842389106750488, 0.57996666431427]",0.8703966736793518,0.57996666431427,0.7115340828895569,0.14712636542990898
2026-02-23 22:08:56.322363,27.08,4,"[0.8678093552589417, 0.4948729872703552, 0.47108379006385803, 0.32633495330810547]",0.8678093552589417,0.32633495330810547,0.5400252714753151,0.2308662053285456
2026-02-23 22:08:56.347578,27.88,4,"[0.8645032644271851, 0.49885156750679016, 0.45532727241516113, 0.298900306224823]",0.8645032644271851,0.298900306224823,0.5293956026434898,0.23933538691030018
2026-02-23 22:08:56.386133,27.03,2,"[0.857190728187561, 0.3570311963558197]",0.857190728187561,0.3570311963558197,0.6071109622716904,0.35366619663331317
2026-02-23 22:08:56.412376,28.73,2,"[0.8588142395019531, 0.3339054584503174]",0.8588142395019531,0.3339054584503174,0.5963598489761353,0.37116655858597636
2026-02-23 22:08:56.443420,29.34,3,"[0.7366026639938354, 0.6429307460784912, 0.47537511587142944]",0.7366026639938354,0.47537511587142944,0.6183028419812521,0.13234371242971119
2026-02-23 22:08:56.475982,30.51,3,"[0.7420743703842163, 0.6457984447479248, 0.4866574704647064]",0.7420743703842163,0.4866574704647064,0.6248434285322825,0.1289914056035192
2026-02-23 22:08:56.513823,30.7,4,"[0.8129587173461914, 0.5194053649902344, 0.4623914659023285, 0.3079129755496979]",0.8129587173461914,0.3079129755496979,0.525667130947113,0.21134201925496598
2026-02-23 22:08:56.561251,30.76,4,"[0.8039353489875793, 0.5413070321083069, 0.4870455861091614, 0.2852482795715332]",0.8039353489875793,0.2852482795715332,0.5293840616941452,0.21363160908868217
2026-02-23 22:08:56.612174,28.37,3,"[0.7705674767494202, 0.5827097296714783, 0.25982508063316345]",0.7705674767494202,0.25982508063316345,0.537700762351354,0.25832886821271417
2026-02-23 22:08:56.654055,28.82,2,"[0.7696787714958191, 0.5759046077728271]",0.7696787714958191,0.5759046077728271,0.6727916896343231,0.1370190251872799
2026-02-23 22:08:56.679807,29.59,3,"[0.864326536655426, 0.5338550209999084, 0.26130110025405884]",0.864326536655426,0.26130110025405884,0.5531608859697977,0.30197592048612343
2026-02-23 22:08:56.713633,28.61,3,"[0.863875687122345, 0.5190637707710266, 0.25421324372291565]",0.863875687122345,0.25421324372291565,0.5457175672054291,0.3057039292701609
2026-02-23 22:08:56.746151,29.04,3,"[0.8519545793533325, 0.5720911622047424, 0.3743583858013153]",0.8519545793533325,0.3743583858013153,0.5994680424531301,0.23997218839470733
2026-02-23 22:08:56.778215,28.44,3,"[0.8471430540084839, 0.5765456557273865, 0.35798975825309753]",0.8471430540084839,0.35798975825309753,0.5938928226629893,0.24503760902687544
2026-02-23 22:08:56.819749,27.63,3,"[0.8119449615478516, 0.527989387512207, 0.40460553765296936]",0.8119449615478516,0.40460553765296936,0.5815132955710093,0.20887785453505828
2026-02-23 22:08:56.856071,27.27,3,"[0.8084349632263184, 0.53155916929245, 0.39965561032295227]",0.8084349632263184,0.39965561032295227,0.5798832476139069,0.20863018058094424
2026-02-23 22:08:56.881428,28.59,2,"[0.7631803154945374, 0.5483173131942749]",0.7631803154945374,0.5483173131942749,0.6557488143444061,0.15193108595261634
2026-02-23 22:08:56.925222,28.76,2,"[0.7643826007843018, 0.5521482825279236]",0.7643826007843018,0.5521482825279236,0.6582654416561127,0.1500723256395889
2026-02-23 22:08:56.974280,28.82,2,"[0.8120912909507751, 0.5364295840263367]",0.8120912909507751,0.5364295840263367,0.6742604374885559,0.1949222622797291
2026-02-23 22:08:57.011985,29.1,2,"[0.8102715015411377, 0.5371150970458984]",0.8102715015411377,0.5371150970458984,0.6736932992935181,0.1931507459431192
2026-02-23 22:08:57.045553,28.22,3,"[0.8182578086853027, 0.6964927911758423, 0.3267667591571808]",0.8182578086853027,0.3267667591571808,0.6138391196727753,0.25595817041318764
2026-02-23 22:08:57.077994,28.37,3,"[0.825191855430603, 0.6977986097335815, 0.3313419818878174]",0.825191855430603,0.3313419818878174,0.6181108156840006,0.25638746613265373
2026-02-23 22:08:57.129272,27.25,2,"[0.7424195408821106, 0.34943193197250366]",0.7424195408821106,0.34943193197250366,0.5459257364273071,0.2778842031822699
2026-02-23 22:08:57.165956,26.81,2,"[0.7136179804801941, 0.36179912090301514]",0.7136179804801941,0.36179912090301514,0.5377085506916046,0.24877350135634096
2026-02-23 22:08:57.196697,27.66,3,"[0.7433610558509827, 0.3273431658744812, 0.32333481311798096]",0.7433610558509827,0.32333481311798096,0.46467967828114826,0.24135347392594247
2026-02-23 22:08:57.239640,27.26,3,"[0.7344643473625183, 0.33127501606941223, 0.32916319370269775]",0.7344643473625183,0.32916319370269775,0.4649675190448761,0.23339348813404945
2026-02-23 22:08:57.280055,25.76,2,"[0.5128350257873535, 0.28555968403816223]",0.5128350257873535,0.28555968403816223,0.3991973549127579,0.1607079353473432
2026-02-23 22:08:57.308722,26.97,2,"[0.5021169185638428, 0.29576200246810913]",0.5021169185638428,0.29576200246810913,0.39893946051597595,0.1459149605024743
2026-02-23 22:08:57.347650,27.51,2,"[0.474461168050766, 0.25497427582740784]",0.474461168050766,0.25497427582740784,0.3647177219390869,0.15520066987269746
2026-02-23 22:08:57.397418,26.89,1,[0.46268242597579956],0.46268242597579956,0.46268242597579956,0.46268242597579956,
2026-02-23 22:08:57.425311,27.44,1,[0.5603675246238708],0.5603675246238708,0.5603675246238708,0.5603675246238708,
2026-02-23 22:08:57.474579,26.35,1,[0.5607168674468994],0.5607168674468994,0.5607168674468994,0.5607168674468994,
2026-02-23 22:08:57.514178,26.96,2,"[0.49226388335227966, 0.3363838195800781]",0.49226388335227966,0.3363838195800781,0.4143238514661789,0.11022385014511518
2026-02-23 22:08:57.542853,27.74,2,"[0.4758146107196808, 0.2885679304599762]",0.4758146107196808,0.2885679304599762,0.3821912705898285,0.13240339736630635
2026-02-23 22:08:57.571830,27.91,3,"[0.6104192137718201, 0.3727174401283264, 0.2801389992237091]",0.6104192137718201,0.2801389992237091,0.42109188437461853,0.17037112482046296
2026-02-23 22:08:57.608017,28.34,3,"[0.6069788336753845, 0.36785000562667847, 0.267193466424942]",0.6069788336753845,0.267193466424942,0.414007435242335,0.17453196034229015
2026-02-23 22:08:57.639072,29.15,3,"[0.774694561958313, 0.618304967880249, 0.2560098171234131]",0.774694561958313,0.2560098171234131,0.5496697823206583,0.2660668292999165
2026-02-23 22:08:57.665028,29.45,3,"[0.7695877552032471, 0.5991075038909912, 0.28237685561180115]",0.7695877552032471,0.28237685561180115,0.5503573715686798,0.24723682314990753
2026-02-23 22:08:57.697206,29.98,4,"[0.799517810344696, 0.5009434223175049, 0.32344114780426025, 0.2846734821796417]",0.799517810344696,0.2846734821796417,0.4771439656615257,0.23463500243423654
2026-02-23 22:08:57.727248,31.3,4,"[0.7990343570709229, 0.5043922662734985, 0.3228849172592163, 0.27668023109436035]",0.7990343570709229,0.27668023109436035,0.4757479429244995,0.2368752564400421
2026-02-23 22:08:57.760528,30.75,4,"[0.8093320727348328, 0.7904247045516968, 0.49688586592674255, 0.3272345960140228]",0.8093320727348328,0.3272345960140228,0.6059693098068237,0.23450120425994547
2026-02-23 22:08:57.794698,31.66,4,"[0.8018323183059692, 0.7848039269447327, 0.49495020508766174, 0.3533371090888977]",0.8018323183059692,0.3533371090888977,0.6087308898568153,0.2209539194341477
2026-02-23 22:08:57.820966,32.89,2,"[0.8596757650375366, 0.6001183390617371]",0.8596757650375366,0.6001183390617371,0.7298970520496368,0.1835348160148132
2026-02-23 22:08:57.854007,32.45,2,"[0.8607608675956726, 0.5804259181022644]",0.8607608675956726,0.5804259181022644,0.7205933928489685,0.19822674379037725
2026-02-23 22:08:57.886169,32.11,3,"[0.8656293749809265, 0.7577894330024719, 0.3889545798301697]",0.8656293749809265,0.3889545798301697,0.6707911292711893,0.24996248462938267
2026-02-23 22:08:57.919666,32.37,3,"[0.8643726110458374, 0.7512381076812744, 0.37644490599632263]",0.8643726110458374,0.37644490599632263,0.6640185415744781,0.2553895081490524
2026-02-23 22:08:57.953633,32.07,3,"[0.8691519498825073, 0.7959898710250854, 0.26853567361831665]",0.8691519498825073,0.26853567361831665,0.6445591648419698,0.3276940980696837
2026-02-23 22:08:57.996966,30.57,3,"[0.8685643076896667, 0.798480212688446, 0.26439324021339417]",0.8685643076896667,0.26439324021339417,0.6438125868638357,0.3304500348804959
2026-02-23 22:08:58.025690,30.9,2,"[0.8753030896186829, 0.7592021822929382]",0.8753030896186829,0.7592021822929382,0.8172526359558105,0.08209573887194493
2026-02-23 22:08:58.058827,30.64,2,"[0.8757383227348328, 0.769681453704834]",0.8757383227348328,0.769681453704834,0.8227098882198334,0.07499353128252567
2026-02-23 22:08:58.094524,30.42,4,"[0.8272498250007629, 0.5647291541099548, 0.3243190050125122, 0.28164729475975037]",0.8272498250007629,0.28164729475975037,0.4994863197207451,0.25154388071178363
2026-02-23 22:08:58.144109,29.5,4,"[0.8276961445808411, 0.5615581274032593, 0.35315757989883423, 0.2585637867450714]",0.8276961445808411,0.2585637867450714,0.5002439096570015,0.25234108508584624
2026-02-23 22:08:58.173847,29.04,3,"[0.8726925849914551, 0.508279025554657, 0.2521093785762787]",0.8726925849914551,0.2521093785762787,0.5443603297074636,0.3118609857022209
2026-02-23 22:08:58.223793,28.02,2,"[0.8681954145431519, 0.5118750333786011]",0.8681954145431519,0.5118750333786011,0.6900352239608765,0.2519565577964292
2026-02-23 22:08:58.249773,28.78,4,"[0.8552139401435852, 0.508417546749115, 0.4508046507835388, 0.39538583159446716]",0.8552139401435852,0.39538583159446716,0.5524554923176765,0.2070473297615431
2026-02-23 22:08:58.275172,29.64,4,"[0.8530882000923157, 0.4854215085506439, 0.45625099539756775, 0.3738081753253937]",0.8530882000923157,0.3738081753253937,0.5421422198414803,0.21261725761181735
2026-02-23 22:08:58.307800,29.75,3,"[0.8516704440116882, 0.621691882610321, 0.3038185238838196]",0.8516704440116882,0.3038185238838196,0.5923936168352762,0.27509856938925914
2026-02-23 22:08:58.338006,30.76,3,"[0.8464089035987854, 0.6441127061843872, 0.3366900384426117]",0.8464089035987854,0.3366900384426117,0.6090705494085947,0.25665988182349186
2026-02-23 22:08:58.370281,30.44,3,"[0.8722168803215027, 0.5297889113426208, 0.4012024998664856]",0.8722168803215027,0.4012024998664856,0.601069430510203,0.24346318193611113
2026-02-23 22:08:58.395977,31.24,3,"[0.8735868334770203, 0.5361077785491943, 0.44961869716644287]",0.8735868334770203,0.44961869716644287,0.6197711030642191,0.22402434924209877
2026-02-23 22:08:58.436874,30.93,3,"[0.8861416578292847, 0.49945831298828125, 0.36752474308013916]",0.8861416578292847,0.36752474308013916,0.5843749046325684,0.2695347783094838
2026-02-23 22:08:58.467345,32.19,3,"[0.8841638565063477, 0.5071771144866943, 0.38423997163772583]",0.8841638565063477,0.38423997163772583,0.591860314210256,0.26049837984544016
2026-02-23 22:08:58.497238,32.18,3,"[0.8826853036880493, 0.4963434934616089, 0.419967383146286]",0.8826853036880493,0.419967383146286,0.5996653934319814,0.2480595286574155
2026-02-23 22:08:58.532582,33.02,3,"[0.8817815184593201, 0.5173806548118591, 0.42753514647483826]",0.8817815184593201,0.42753514647483826,0.6088991065820059,0.2405549040781949
2026-02-23 22:08:58.557623,33.12,3,"[0.8817244172096252, 0.4936903715133667, 0.418988436460495]",0.8817244172096252,0.418988436460495,0.5981344083944956,0.24842013726746232
2026-02-23 22:08:58.589444,32.39,13,"[0.9543707966804504, 0.9416126012802124, 0.836154580116272, 0.7764124274253845, 0.7751339673995972, 0.7579776644706726, 0.7224322557449341, 0.48815682530403137, 0.46874290704727173, 0.3973385691642761, 0.3331662714481354, 0.25257232785224915, 0.25215253233909607]",0.9543707966804504,0.25215253233909607,0.6120172097132757,0.25521597988728967
2026-02-23 22:08:58.625763,32.06,13,"[0.9390802979469299, 0.9349617958068848, 0.8316195607185364, 0.8251331448554993, 0.7952321171760559, 0.7601999044418335, 0.7088108062744141, 0.4547613561153412, 0.41456204652786255, 0.36082616448402405, 0.3052408695220947, 0.28349149227142334, 0.2614985704421997]",0.9390802979469299,0.2614985704421997,0.6058013943525461,0.2615687731892485
2026-02-23 22:08:58.654200,32.28,13,"[0.9362194538116455, 0.9323241710662842, 0.8351633548736572, 0.8257638812065125, 0.797802746295929, 0.7480032444000244, 0.7432474493980408, 0.43666404485702515, 0.4249700605869293, 0.32333076000213623, 0.31839385628700256, 0.290953129529953, 0.25068914890289307]",0.9362194538116455,0.25068914890289307,0.6048865616321564,0.2648402582842107
2026-02-23 22:08:58.687264,32.2,15,"[0.9324226975440979, 0.9233659505844116, 0.8396706581115723, 0.7990532517433167, 0.7614886164665222, 0.7465299963951111, 0.6965414881706238, 0.6122483611106873, 0.5969073176383972, 0.47553983330726624, 0.3349776864051819, 0.26664698123931885, 0.2639365494251251, 0.2583768665790558, 0.2554638981819153]",0.9324226975440979,0.2554638981819153,0.5842113435268402,0.255038704578709
2026-02-23 22:08:58.717305,31.65,15,"[0.9324707984924316, 0.9223647713661194, 0.8428369760513306, 0.797469437122345, 0.7664791345596313, 0.750465989112854, 0.685782253742218, 0.6151919364929199, 0.5722334384918213, 0.4851003885269165, 0.31505057215690613, 0.2826300859451294, 0.28214412927627563, 0.2636783719062805, 0.2509945333003998]",0.9324707984924316,0.2509945333003998,0.5843261877695719,0.25333795648783014
2026-02-23 22:08:58.754679,31.87,14,"[0.9371654987335205, 0.9328464865684509, 0.8485667705535889, 0.8220005631446838, 0.7731563448905945, 0.7378128170967102, 0.7270750403404236, 0.6872264742851257, 0.5875342488288879, 0.4388800859451294, 0.3997059166431427, 0.3947215676307678, 0.3781212866306305, 0.2572479546070099]",0.9371654987335205,0.2572479546070099,0.6372900754213333,0.22598203993348398
2026-02-23 22:08:58.782275,32.2,14,"[0.9370443224906921, 0.9323922395706177, 0.850532054901123, 0.8184229135513306, 0.7742997407913208, 0.7349973917007446, 0.7313029170036316, 0.6751681566238403, 0.5974152088165283, 0.44025471806526184, 0.4079461991786957, 0.40226104855537415, 0.3861224055290222, 0.26034924387931824]",0.9370443224906921,0.26034924387931824,0.6391791829041072,0.22312130109647688
2026-02-23 22:08:58.821840,31.42,15,"[0.9329209923744202, 0.9215804934501648, 0.8471253514289856, 0.8036304712295532, 0.784312903881073, 0.7639558911323547, 0.7635618448257446, 0.7172403931617737, 0.6420570015907288, 0.5868937969207764, 0.540359377861023, 0.4986342787742615, 0.4347234070301056, 0.32736730575561523, 0.25311902165412903]",0.9329209923744202,0.25311902165412903,0.654498835404714,0.20896502771062236
2026-02-23 22:08:58.852540,31.8,15,"[0.9331129789352417, 0.9210262894630432, 0.8480046391487122, 0.8019752502441406, 0.7871037721633911, 0.7659443616867065, 0.7401251196861267, 0.7193082571029663, 0.661218523979187, 0.5880865454673767, 0.5474360585212708, 0.504045307636261, 0.43225109577178955, 0.3194047212600708, 0.26011231541633606]",0.9331129789352417,0.26011231541633606,0.655277015765508,0.20790812282391521
2026-02-23 22:08:58.895879,30.15,16,"[0.9150103330612183, 0.9107204675674438, 0.8598375916481018, 0.8414302468299866, 0.8285356163978577, 0.8251721858978271, 0.8009498119354248, 0.7109246253967285, 0.6815671920776367, 0.675906777381897, 0.6313677430152893, 0.5103986263275146, 0.48948895931243896, 0.3765358030796051, 0.29570499062538147, 0.28187137842178345]",0.9150103330612183,0.28187137842178345,0.6647138968110085,0.2140981674886884
2026-02-23 22:08:58.927630,30.15,16,"[0.9155601859092712, 0.9094809293746948, 0.8588851094245911, 0.8412814736366272, 0.829890251159668, 0.8291687965393066, 0.8009370565414429, 0.7135253548622131, 0.6788020730018616, 0.6764535903930664, 0.6383049488067627, 0.5308560729026794, 0.48420682549476624, 0.36798128485679626, 0.3016475439071655, 0.27012112736701965]",0.9155601859092712,0.27012112736701965,0.6654439140111208,0.21510897636806464
2026-02-23 22:08:58.958454,30.67,16,"[0.9125828742980957, 0.8755054473876953, 0.8670048117637634, 0.7845567464828491, 0.7717354893684387, 0.7683676481246948, 0.6681954860687256, 0.6505770683288574, 0.6499640941619873, 0.6326464414596558, 0.5841049551963806, 0.5577278137207031, 0.5225173234939575, 0.41687190532684326, 0.3912868797779083, 0.3762842118740082]",0.9125828742980957,0.3762842118740082,0.6518705748021603,0.1712144358392168
2026-02-23 22:08:59.011354,29.03,16,"[0.9127316474914551, 0.8749313950538635, 0.868993878364563, 0.7831965088844299, 0.7700210213661194, 0.7621504068374634, 0.671417236328125, 0.6587346792221069, 0.6542908549308777, 0.6311032772064209, 0.5877193212509155, 0.5527646541595459, 0.5166749954223633, 0.4289878308773041, 0.3946458399295807, 0.35016050934791565]",0.9127316474914551,0.35016050934791565,0.6511577535420656,0.1728696004583131
2026-02-23 22:08:59.055988,28.23,16,"[0.9127323627471924, 0.87452232837677, 0.8724469542503357, 0.7846107482910156, 0.7714091539382935, 0.759687602519989, 0.6786221861839294, 0.659423291683197, 0.6564185619354248, 0.6444884538650513, 0.598195493221283, 0.5540972352027893, 0.5164126753807068, 0.43916037678718567, 0.3968718945980072, 0.37659022212028503]",0.9127323627471924,0.37659022212028503,0.655980596318841,0.16876548982520967
2026-02-23 22:08:59.097952,27.3,16,"[0.9130088090896606, 0.8747910857200623, 0.872940182685852, 0.7842153906822205, 0.7719329595565796, 0.7615472078323364, 0.6792356371879578, 0.6626425385475159, 0.6597484350204468, 0.6419199109077454, 0.5915296673774719, 0.5558680891990662, 0.5164056420326233, 0.44794806838035583, 0.3960508108139038, 0.377690851688385]",0.9130088090896606,0.377690851688385,0.6567172054201365,0.16828123794471836
2026-02-23 22:08:59.129445,27.8,16,"[0.9126104712486267, 0.874309241771698, 0.8728880882263184, 0.7862359285354614, 0.775309145450592, 0.7612805366516113, 0.6843223571777344, 0.6694568991661072, 0.6609392166137695, 0.6287221312522888, 0.5919954180717468, 0.5564095973968506, 0.5129091739654541, 0.45319026708602905, 0.40862011909484863, 0.38212859630584717]",0.9126104712486267,0.38212859630584717,0.6582079492509365,0.16659852783916865
2026-02-23 22:08:59.157711,27.71,16,"[0.9132726788520813, 0.8756168484687805, 0.8662042021751404, 0.790808379650116, 0.7881402969360352, 0.7591342926025391, 0.6846339702606201, 0.6638942360877991, 0.6598188281059265, 0.6455829739570618, 0.5919963121414185, 0.5693682432174683, 0.5183302164077759, 0.4712371826171875, 0.42265865206718445, 0.36845073103904724]",0.9132726788520813,0.36845073103904724,0.6618217527866364,0.16475542316278863
2026-02-23 22:08:59.190510,28.21,19,"[0.9230683445930481, 0.8690963983535767, 0.8206855058670044, 0.8101104497909546, 0.7682209610939026, 0.7659072279930115, 0.7365549206733704, 0.6280115842819214, 0.5755872130393982, 0.541363000869751, 0.5220394730567932, 0.48499712347984314, 0.4732785224914551, 0.3760263919830322, 0.3431873619556427, 0.3263165056705475, 0.3099081814289093, 0.29922735691070557, 0.29679715633392334]",0.9230683445930481,0.29679715633392334,0.5721254568350943,0.2143584998841634
2026-02-23 22:08:59.223198,28.06,19,"[0.9194592237472534, 0.869700014591217, 0.8187660574913025, 0.8006026148796082, 0.7681994438171387, 0.7642438411712646, 0.7454469799995422, 0.6309808492660522, 0.5908164381980896, 0.575116753578186, 0.553902268409729, 0.4790442883968353, 0.4704490005970001, 0.3999525010585785, 0.3426697850227356, 0.3295041024684906, 0.29646357893943787, 0.29527851939201355, 0.28721457719802856]",0.9194592237472534,0.28721457719802856,0.5756742546432897,0.21415250491350404
2026-02-23 22:08:59.251756,29.24,20,"[0.93830806016922, 0.8729852437973022, 0.8578659892082214, 0.8280797004699707, 0.7922678589820862, 0.7716954946517944, 0.7270439863204956, 0.7221058011054993, 0.7009999752044678, 0.6979023814201355, 0.6805378794670105, 0.6652600169181824, 0.47833627462387085, 0.45436006784439087, 0.3874809443950653, 0.3469831645488739, 0.34149089455604553, 0.3176265358924866, 0.26428648829460144, 0.26305511593818665]",0.93830806016922,0.26305511593818665,0.6054335936903954,0.22394988379345596
2026-02-23 22:08:59.286185,28.97,19,"[0.938446581363678, 0.8733950257301331, 0.8588523268699646, 0.8282691240310669, 0.7924516797065735, 0.7784110903739929, 0.7277278900146484, 0.7235008478164673, 0.705941379070282, 0.6921852827072144, 0.6777383089065552, 0.6736676692962646, 0.4777181148529053, 0.47478410601615906, 0.3877866566181183, 0.37235376238822937, 0.356413871049881, 0.319468230009079, 0.2635764479637146]",0.938446581363678,0.2635764479637146,0.6275099155149961,0.21139120153748717
2026-02-23 22:08:59.321549,28.56,17,"[0.9226716756820679, 0.8695362210273743, 0.8695287108421326, 0.8366649150848389, 0.7995678186416626, 0.7824689745903015, 0.7768154144287109, 0.7713415622711182, 0.6797738671302795, 0.6332283020019531, 0.4823092520236969, 0.3830491006374359, 0.37103137373924255, 0.33084267377853394, 0.325183629989624, 0.30957889556884766, 0.25050023198127747]",0.9226716756820679,0.25050023198127747,0.6114172129070058,0.23877660774574297
2026-02-23 22:08:59.362015,29.13,16,"[0.9222645163536072, 0.8697710037231445, 0.8694290518760681, 0.8401530385017395, 0.8041496276855469, 0.7833360433578491, 0.7784644961357117, 0.770852267742157, 0.6469919681549072, 0.6240694522857666, 0.5308296084403992, 0.3868812918663025, 0.35923781991004944, 0.3373851478099823, 0.32659897208213806, 0.31953731179237366]",0.9222645163536072,0.31953731179237366,0.6356219761073589,0.22453728642331477
2026-02-23 22:08:59.392508,30.18,16,"[0.9210213422775269, 0.91404789686203, 0.8782097101211548, 0.8747910857200623, 0.8133772611618042, 0.7734079957008362, 0.7664093375205994, 0.7490260004997253, 0.7470079660415649, 0.7321974039077759, 0.6376765370368958, 0.5264405012130737, 0.2914162874221802, 0.26773110032081604, 0.26449933648109436, 0.2634091377258301]",0.9210213422775269,0.2634091377258301,0.6512918062508106,0.24703544040350697
2026-02-23 22:08:59.423945,30.98,16,"[0.9208497405052185, 0.9146419763565063, 0.8774923086166382, 0.8765761256217957, 0.8170564770698547, 0.7721841931343079, 0.7699045538902283, 0.7531953454017639, 0.7485962510108948, 0.7014414072036743, 0.5792832970619202, 0.4955461919307709, 0.3480430245399475, 0.3120691478252411, 0.27307289838790894, 0.26629000902175903]",0.9208497405052185,0.26629000902175903,0.6516401842236519,0.23807723864471395
2026-02-23 22:08:59.455284,30.98,15,"[0.9288874864578247, 0.9179790019989014, 0.8754440546035767, 0.8747633695602417, 0.7925301790237427, 0.7801564335823059, 0.7721917033195496, 0.7456973791122437, 0.6833645105361938, 0.6797425150871277, 0.5642478466033936, 0.507916271686554, 0.3561185598373413, 0.33314749598503113, 0.2812528908252716]",0.9288874864578247,0.2812528908252716,0.6728959798812866,0.21657905142710043
2026-02-23 22:08:59.490726,30.27,15,"[0.928811252117157, 0.9173550009727478, 0.8759620189666748, 0.874560534954071, 0.7936661243438721, 0.7794300317764282, 0.7718788385391235, 0.7450731992721558, 0.6815136075019836, 0.6569297313690186, 0.5623598098754883, 0.4894171953201294, 0.34759873151779175, 0.3296036720275879, 0.27915477752685547]",0.928811252117157,0.27915477752685547,0.6688876350720724,0.21921455116067678
2026-02-23 22:08:59.515476,31.28,14,"[0.9304429888725281, 0.9263476729393005, 0.8767641186714172, 0.8717581629753113, 0.8246386647224426, 0.8143928647041321, 0.7389010787010193, 0.7356777787208557, 0.722273051738739, 0.6898671984672546, 0.5471169352531433, 0.4854472577571869, 0.44978341460227966, 0.30456265807151794]",0.9304429888725281,0.30456265807151794,0.7084267032997948,0.19304845067673196
2026-02-23 22:08:59.547488,31.33,14,"[0.9307199716567993, 0.9265159964561462, 0.8773026466369629, 0.8706038594245911, 0.8239985704421997, 0.8147488236427307, 0.7408364415168762, 0.7381970882415771, 0.7251590490341187, 0.6920782923698425, 0.5536202788352966, 0.4865338206291199, 0.4421387314796448, 0.3050156235694885]",0.9307199716567993,0.3050156235694885,0.7091049424239567,0.19330878711591123
2026-02-23 22:08:59.587151,30.38,18,"[0.9289276003837585, 0.9268339276313782, 0.8808392286300659, 0.8677486777305603, 0.8015300035476685, 0.7784085869789124, 0.7476614713668823, 0.7415655255317688, 0.6676828265190125, 0.6654891967773438, 0.516928493976593, 0.4926563799381256, 0.35968297719955444, 0.35655778646469116, 0.3104995787143707, 0.29185059666633606, 0.26942601799964905, 0.26673296093940735]",0.9289276003837585,0.26673296093940735,0.6039456576108932,0.24530947944556725
2026-02-23 22:08:59.628458,29.88,18,"[0.9289016723632812, 0.9270355105400085, 0.8822836875915527, 0.8678404092788696, 0.8025637865066528, 0.7783317565917969, 0.7536418437957764, 0.7420771718025208, 0.6705788969993591, 0.6495040059089661, 0.5117733478546143, 0.49379852414131165, 0.36831381916999817, 0.35763081908226013, 0.3260188698768616, 0.29349368810653687, 0.27544060349464417, 0.26525232195854187]",0.9289016723632812,0.26525232195854187,0.605248929725753,0.24350429847970748
2026-02-23 22:08:59.659381,30.3,13,"[0.9331455230712891, 0.9220815896987915, 0.8765448927879333, 0.8643714189529419, 0.8188415765762329, 0.7968137264251709, 0.7894677519798279, 0.7390992641448975, 0.6914098262786865, 0.679067850112915, 0.4623512029647827, 0.4098833203315735, 0.3965795040130615]",0.9331455230712891,0.3965795040130615,0.7215121113337003,0.18754935767640446
2026-02-23 22:08:59.698848,30.37,13,"[0.9335058927536011, 0.922173261642456, 0.8767365217208862, 0.8644458651542664, 0.8186885714530945, 0.7963771224021912, 0.7889443635940552, 0.7445734143257141, 0.6870036721229553, 0.6833814978599548, 0.4552435576915741, 0.405637264251709, 0.3976140320301056]",0.9335058927536011,0.3976140320301056,0.7211019259232742,0.18887524961983665
2026-02-23 22:08:59.750440,29.02,15,"[0.9316202998161316, 0.9283912181854248, 0.8814113736152649, 0.8684739470481873, 0.7802888751029968, 0.7777730226516724, 0.7764490246772766, 0.7458789348602295, 0.73862224817276, 0.479031503200531, 0.4587467312812805, 0.45557206869125366, 0.36017319560050964, 0.3438458740711212, 0.29172593355178833]",0.9316202998161316,0.29172593355178833,0.6545336167017619,0.22894526875376012
2026-02-23 22:08:59.796379,28.01,15,"[0.9320695400238037, 0.928443193435669, 0.881475567817688, 0.8687623739242554, 0.7814852595329285, 0.7772171497344971, 0.7715269923210144, 0.7473899722099304, 0.7408037185668945, 0.4818413257598877, 0.45797795057296753, 0.4465554356575012, 0.3466544449329376, 0.3355787396430969, 0.2910444140434265]",0.9320695400238037,0.2910444140434265,0.6525884052117665,0.23155848202932747
2026-02-23 22:08:59.832913,27.57,14,"[0.9419459700584412, 0.9298136830329895, 0.9136254191398621, 0.8703149557113647, 0.7888036370277405, 0.7660195231437683, 0.7437675595283508, 0.7242335677146912, 0.7067042589187622, 0.6102979183197021, 0.5277866721153259, 0.4594123065471649, 0.29769161343574524, 0.29653826355934143]",0.9419459700584412,0.29653826355934143,0.6840682391609464,0.21793681323973293
2026-02-23 22:08:59.860650,28.34,14,"[0.9419695138931274, 0.9299022555351257, 0.9139785766601562, 0.8712435960769653, 0.7925131320953369, 0.7676069140434265, 0.7418144941329956, 0.7191879153251648, 0.6935982704162598, 0.6091129183769226, 0.5169729590415955, 0.45336148142814636, 0.29915159940719604, 0.29712098836898804]",0.9419695138931274,0.29712098836898804,0.6819667582001004,0.21888362993881735
2026-02-23 22:08:59.906696,26.48,15,"[0.9411360025405884, 0.9324870705604553, 0.8750566244125366, 0.8705598711967468, 0.7868210077285767, 0.7630836963653564, 0.7480081915855408, 0.7246779203414917, 0.6162964105606079, 0.6091450452804565, 0.4508315324783325, 0.36680909991264343, 0.3641088902950287, 0.35065239667892456, 0.27512791752815247]",0.9411360025405884,0.27512791752815247,0.6449867784976959,0.23063756293812435
2026-02-23 22:08:59.935248,26.83,15,"[0.9417099356651306, 0.9332082271575928, 0.8763152956962585, 0.8729323148727417, 0.7857292890548706, 0.7670242190361023, 0.7461110353469849, 0.7314278483390808, 0.6104499697685242, 0.6100106835365295, 0.4581712484359741, 0.38930365443229675, 0.3679876923561096, 0.34636160731315613, 0.2540048360824585]",0.9417099356651306,0.2540048360824585,0.6460498571395874,0.23152190352402785
2026-02-23 22:08:59.982596,26.42,13,"[0.9371928572654724, 0.9363591074943542, 0.892451822757721, 0.8780897259712219, 0.796578586101532, 0.7929846048355103, 0.7359210252761841, 0.7058209776878357, 0.7057308554649353, 0.561636745929718, 0.5488723516464233, 0.2791687846183777, 0.259275883436203]",0.9371928572654724,0.259275883436203,0.6946217944988837,0.22604478337485023
2026-02-23 22:09:00.016121,27.04,13,"[0.937541127204895, 0.9364932179450989, 0.8903309106826782, 0.8777243494987488, 0.795717716217041, 0.7938954830169678, 0.7382775545120239, 0.7137528657913208, 0.7136195302009583, 0.5799924731254578, 0.5652559995651245, 0.28226110339164734, 0.2602444887161255]",0.937541127204895,0.2602444887161255,0.6988543707590836,0.22368431285028142
2026-02-23 22:09:00.073440,25.52,13,"[0.942206859588623, 0.927876353263855, 0.8866585493087769, 0.8769634366035461, 0.8107917308807373, 0.7660290598869324, 0.7607870101928711, 0.7478270530700684, 0.6500791311264038, 0.45894211530685425, 0.4252972900867462, 0.3618466556072235, 0.31750357151031494]",0.942206859588623,0.31750357151031494,0.6871391397256118,0.22247283627516581
2026-02-23 22:09:00.122068,25.06,13,"[0.9419727325439453, 0.9287621974945068, 0.8860334157943726, 0.8767879009246826, 0.8099661469459534, 0.7632673978805542, 0.7516638040542603, 0.7409709095954895, 0.6618147492408752, 0.4640902578830719, 0.43254905939102173, 0.3423806130886078, 0.3172229826450348]",0.9419727325439453,0.3172229826450348,0.6859601667294135,0.22317356802878
2026-02-23 22:09:00.161058,25.64,11,"[0.9462167620658875, 0.9359381794929504, 0.8777502179145813, 0.871961772441864, 0.8174645900726318, 0.792427122592926, 0.7862991690635681, 0.7728099822998047, 0.5702634453773499, 0.3320021629333496, 0.2699669897556305]",0.9462167620658875,0.2699669897556305,0.7248273085464131,0.23301224784861882
2026-02-23 22:09:00.191523,26.75,12,"[0.9464921951293945, 0.9357821941375732, 0.8807357549667358, 0.8720289468765259, 0.8170222640037537, 0.7936984300613403, 0.7834595441818237, 0.7704159021377563, 0.6127097606658936, 0.3150786757469177, 0.27348798513412476, 0.2591519057750702]",0.9464921951293945,0.2591519057750702,0.6883386299014091,0.25996856803010415
2026-02-23 22:09:00.220602,27.43,11,"[0.9406201839447021, 0.9388325810432434, 0.8856481909751892, 0.863057017326355, 0.8104064464569092, 0.8004140853881836, 0.7946897149085999, 0.6170117259025574, 0.4274563193321228, 0.34198135137557983, 0.3154821991920471]",0.9406201839447021,0.3154821991920471,0.7032363468950446,0.2375529036933411
2026-02-23 22:09:00.255474,26.73,11,"[0.9409555196762085, 0.9386027455329895, 0.8851566910743713, 0.8641478419303894, 0.8125202655792236, 0.8008427023887634, 0.7925139665603638, 0.6183290481567383, 0.42669472098350525, 0.324281245470047, 0.3210010826587677]",0.9409555196762085,0.3210010826587677,0.7022768936373971,0.23952471621354318
2026-02-23 22:09:00.287273,27.66,11,"[0.9422913193702698, 0.9324173331260681, 0.8960422873497009, 0.8736459016799927, 0.8131409287452698, 0.7985618710517883, 0.7497657537460327, 0.7068720459938049, 0.5499104261398315, 0.40495914220809937, 0.2918391525745392]",0.9422913193702698,0.2918391525745392,0.7235860147259452,0.21826578053964477
2026-02-23 22:09:00.318821,27.36,11,"[0.9425046443939209, 0.9321867823600769, 0.8958789110183716, 0.8755337595939636, 0.8127707839012146, 0.7974359393119812, 0.753212034702301, 0.6902175545692444, 0.5612612962722778, 0.4035661816596985, 0.2977006733417511]",0.9425046443939209,0.2977006733417511,0.7238425964658911,0.21673742251173445
2026-02-23 22:09:00.348222,28.67,10,"[0.9455006122589111, 0.9309170246124268, 0.9068787693977356, 0.8687251210212708, 0.8208980560302734, 0.7881456017494202, 0.7737360596656799, 0.3606540560722351, 0.34152951836586, 0.3372688591480255]",0.9455006122589111,0.3372688591480255,0.7074253678321838,0.2554652582715588
2026-02-23 22:09:00.384642,28.38,10,"[0.9454553127288818, 0.9310107827186584, 0.9068583250045776, 0.8694198727607727, 0.8203970193862915, 0.7872691750526428, 0.7737904191017151, 0.38033562898635864, 0.3795851767063141, 0.3230874240398407]",0.9454553127288818,0.3230874240398407,0.7117209136486053,0.24904359059833237
2026-02-23 22:09:00.409795,30.58,12,"[0.9395846724510193, 0.9373569488525391, 0.8773822784423828, 0.8760653734207153, 0.827601432800293, 0.8112449645996094, 0.7979879379272461, 0.4844931960105896, 0.3367258310317993, 0.3202721178531647, 0.2866126298904419, 0.26561930775642395]",0.9395846724510193,0.26561930775642395,0.646745557586352,0.2800340358290166
2026-02-23 22:09:00.443191,31.52,12,"[0.9396591782569885, 0.9364678263664246, 0.8775535225868225, 0.8758084177970886, 0.8260121941566467, 0.8107355833053589, 0.7964925169944763, 0.48470425605773926, 0.35082852840423584, 0.3107673227787018, 0.27879607677459717, 0.25188252329826355]",0.9396591782569885,0.25188252329826355,0.6449756622314453,0.2820226605916479
2026-02-23 22:09:00.476712,31.98,13,"[0.9403983354568481, 0.9389492273330688, 0.8897788524627686, 0.8756919503211975, 0.7653136849403381, 0.7373170256614685, 0.7147679328918457, 0.6752439737319946, 0.6691032648086548, 0.41655871272087097, 0.2714487314224243, 0.265920490026474, 0.255715936422348]",0.9403983354568481,0.255715936422348,0.6474006244769464,0.25869177980164976
2026-02-23 22:09:00.508089,31.88,14,"[0.94032222032547, 0.9395488500595093, 0.8894561529159546, 0.8759098649024963, 0.7647548913955688, 0.7394406795501709, 0.7083827257156372, 0.6713915467262268, 0.6612125635147095, 0.42203348875045776, 0.2739991247653961, 0.2651146352291107, 0.2649804949760437, 0.2636466920375824]",0.94032222032547,0.2636466920375824,0.6200138522045953,0.26718804824400844
2026-02-23 22:09:00.538300,31.77,13,"[0.9439677596092224, 0.9327371716499329, 0.8819113969802856, 0.8704556226730347, 0.7408801317214966, 0.7088744640350342, 0.6508944034576416, 0.5231420993804932, 0.5044800043106079, 0.42390501499176025, 0.3753798305988312, 0.3217126727104187, 0.2829301655292511]",0.9439677596092224,0.2829301655292511,0.6277900567421546,0.23811262710478018
2026-02-23 22:09:00.578236,31.38,13,"[0.9444766044616699, 0.9328938722610474, 0.8818773627281189, 0.8698645234107971, 0.7357165813446045, 0.7041653394699097, 0.6623443365097046, 0.5602653622627258, 0.5101983547210693, 0.4338916540145874, 0.3625117838382721, 0.30832335352897644, 0.26969605684280396]",0.9444766044616699,0.26969605684280396,0.6289403988764837,0.24011179009299768
2026-02-23 22:09:00.624035,30.44,12,"[0.942963182926178, 0.9367007613182068, 0.8903752565383911, 0.7514580488204956, 0.7475476861000061, 0.6905542016029358, 0.6743467450141907, 0.46039465069770813, 0.3737806975841522, 0.34668028354644775, 0.34139540791511536, 0.291899174451828]",0.942963182926178,0.291899174451828,0.620674674709638,0.2459222256980442
2026-02-23 22:09:00.647653,31.5,13,"[0.9427423477172852, 0.9364261031150818, 0.8912178874015808, 0.7570227980613708, 0.7458823919296265, 0.6905279755592346, 0.6730413436889648, 0.4768574833869934, 0.46891626715660095, 0.38102802634239197, 0.3798200786113739, 0.33855289220809937, 0.28200188279151917]",0.9427423477172852,0.28200188279151917,0.6126182675361633,0.23648702443853867
2026-02-23 22:09:00.679366,31.27,9,"[0.9502020478248596, 0.9381130933761597, 0.8879523873329163, 0.7912537455558777, 0.7231410145759583, 0.6837894916534424, 0.5143852829933167, 0.4944116771221161, 0.4222535789012909]",0.9502020478248596,0.4222535789012909,0.7117224799262153,0.19886435401337768
2026-02-23 22:09:00.724750,30.71,9,"[0.9501221776008606, 0.9381550550460815, 0.887361466884613, 0.7917580008506775, 0.7184332609176636, 0.6834518909454346, 0.5015952587127686, 0.499428391456604, 0.42341285943984985]",0.9501221776008606,0.42341285943984985,0.7104131513171725,0.19954146290476688
2026-02-23 22:09:00.761746,29.47,10,"[0.9406819939613342, 0.9304158687591553, 0.8901506662368774, 0.8190516233444214, 0.7907078862190247, 0.6116864681243896, 0.6008157730102539, 0.5392218232154846, 0.477557897567749, 0.26826030015945435]",0.9406819939613342,0.26826030015945435,0.6868550300598144,0.22291402135215105
2026-02-23 22:09:00.793754,29.6,11,"[0.9408559799194336, 0.9306346774101257, 0.8895799517631531, 0.8080183863639832, 0.7842669486999512, 0.6139903664588928, 0.6122837066650391, 0.5388251543045044, 0.4776524007320404, 0.2727753221988678, 0.250969797372818]",0.9408559799194336,0.250969797372818,0.6472593356262554,0.2469762520418066
2026-02-23 22:09:00.824335,29.88,12,"[0.946437656879425, 0.934043288230896, 0.8705193400382996, 0.85618656873703, 0.7574993968009949, 0.7155938744544983, 0.6217486262321472, 0.5677059292793274, 0.4172653257846832, 0.3030911386013031, 0.28501003980636597, 0.2527095079421997]",0.946437656879425,0.2527095079421997,0.6273175577322642,0.2598113581238442
2026-02-23 22:09:00.856373,29.81,13,"[0.9467551708221436, 0.934272050857544, 0.8714854717254639, 0.8565648198127747, 0.7593235969543457, 0.7243287563323975, 0.6245005130767822, 0.5665282011032104, 0.41715288162231445, 0.33112648129463196, 0.27147936820983887, 0.26315978169441223, 0.25129568576812744]",0.9467551708221436,0.25129568576812744,0.6013825214826144,0.26813431525550613
2026-02-23 22:09:00.885176,29.97,11,"[0.9340271353721619, 0.9338833093643188, 0.8859835267066956, 0.7898321151733398, 0.7140843272209167, 0.696591317653656, 0.6618738770484924, 0.6278582215309143, 0.6118057370185852, 0.3699183762073517, 0.2648400366306305]",0.9340271353721619,0.2648400366306305,0.680972543629733,0.2147350980873861
2026-02-23 22:09:00.920956,30.27,11,"[0.9342430830001831, 0.9339913725852966, 0.8858646154403687, 0.7854719758033752, 0.7165237069129944, 0.6976578831672668, 0.6588461399078369, 0.6218542456626892, 0.605907678604126, 0.37914028763771057, 0.25665417313575745]",0.9342430830001831,0.25665417313575745,0.6796504692597822,0.21525717655101415
2026-02-23 22:09:00.958571,30.76,12,"[0.938279390335083, 0.9280027747154236, 0.869046688079834, 0.7717365622520447, 0.722830057144165, 0.7063794732093811, 0.7009506225585938, 0.6608853340148926, 0.4164339005947113, 0.34997954964637756, 0.2853710949420929, 0.2813928723335266]",0.938279390335083,0.2813928723335266,0.6359406933188438,0.2422260378593882
2026-02-23 22:09:00.995191,29.26,12,"[0.9383516907691956, 0.9280788898468018, 0.8697348833084106, 0.7768384218215942, 0.7231017351150513, 0.7060250639915466, 0.7021089196205139, 0.6575157046318054, 0.4100116789340973, 0.351148396730423, 0.28372684121131897, 0.2832368314266205]",0.9383516907691956,0.2832368314266205,0.6358232547839483,0.2429490462795656
2026-02-23 22:09:01.026481,29.26,10,"[0.9414034485816956, 0.934403657913208, 0.8394001722335815, 0.8158764243125916, 0.7075102925300598, 0.643468976020813, 0.5582839250564575, 0.44957730174064636, 0.43009671568870544, 0.4229528307914734]",0.9414034485816956,0.4229528307914734,0.6742973744869232,0.20415796054721938
2026-02-23 22:09:01.058423,30.18,10,"[0.9415302276611328, 0.9345195293426514, 0.8402023315429688, 0.8163468241691589, 0.7035690546035767, 0.634748637676239, 0.5578711628913879, 0.44974249601364136, 0.43753764033317566, 0.4104407727718353]",0.9415302276611328,0.4104407727718353,0.6726508677005768,0.2051776267844809
2026-02-23 22:09:01.094155,30.3,10,"[0.9374803304672241, 0.9290778636932373, 0.8554174304008484, 0.7950091361999512, 0.7572474479675293, 0.7082104086875916, 0.6716290712356567, 0.5964345335960388, 0.3340473771095276, 0.2847481369972229]",0.9374803304672241,0.2847481369972229,0.6869301736354828,0.22646498711051308
2026-02-23 22:09:01.126250,30.27,10,"[0.9365090131759644, 0.9290943741798401, 0.8561125993728638, 0.7836399674415588, 0.7539477348327637, 0.706544816493988, 0.6743592023849487, 0.6285655498504639, 0.33180537819862366, 0.28079745173454285]",0.9365090131759644,0.28079745173454285,0.6881376087665558,0.22568216344030914
2026-02-23 22:09:01.158315,30.13,12,"[0.9354946613311768, 0.9258064031600952, 0.8761900067329407, 0.8271782994270325, 0.7754716277122498, 0.6947956085205078, 0.45039159059524536, 0.42382127046585083, 0.3065495491027832, 0.2918410301208496, 0.2633032202720642, 0.2517954707145691]",0.9354946613311768,0.2517954707145691,0.5852198948462805,0.27844704336498766
2026-02-23 22:09:01.202549,29.3,12,"[0.9354516267776489, 0.9265791177749634, 0.8758867383003235, 0.8214858770370483, 0.7782213091850281, 0.6961571574211121, 0.46020209789276123, 0.41585126519203186, 0.31040504574775696, 0.30960214138031006, 0.26481664180755615, 0.258425772190094]",0.9354516267776489,0.258425772190094,0.5877570658922195,0.27538943688277795
2026-02-23 22:09:01.236280,28.75,10,"[0.9360955953598022, 0.9322397112846375, 0.8481369614601135, 0.838608980178833, 0.732984721660614, 0.6264197826385498, 0.5970510840415955, 0.47984081506729126, 0.3557356595993042, 0.27775833010673523]",0.9360955953598022,0.27775833010673523,0.6624871641397476,0.23549896059288217
2026-02-23 22:09:01.262927,29.68,10,"[0.9357373118400574, 0.9318705201148987, 0.8478349447250366, 0.8383252620697021, 0.7301700115203857, 0.626351535320282, 0.5893645286560059, 0.4809473156929016, 0.3737355172634125, 0.2615226209163666]",0.9357373118400574,0.2615226209163666,0.6615859568119049,0.23589974725382498
2026-02-23 22:09:01.299787,29.74,10,"[0.928964376449585, 0.9216240048408508, 0.8389073610305786, 0.8252401947975159, 0.7299740314483643, 0.6353431344032288, 0.5450822114944458, 0.47375112771987915, 0.34335097670555115, 0.32498034834861755]",0.928964376449585,0.32498034834861755,0.6567217767238617,0.22752228013532708
2026-02-23 22:09:01.328246,30.53,10,"[0.9288376569747925, 0.9214426279067993, 0.8381277918815613, 0.8251922130584717, 0.7093138694763184, 0.6353846192359924, 0.5535734295845032, 0.47002944350242615, 0.33876553177833557, 0.3193713426589966]",0.9288376569747925,0.3193713426589966,0.6540038526058197,0.22826812714909914
2026-02-23 22:09:01.364097,30.13,13,"[0.933322548866272, 0.9293051362037659, 0.8530471324920654, 0.8179082274436951, 0.6833275556564331, 0.6305723190307617, 0.5525889992713928, 0.5499327182769775, 0.47520479559898376, 0.3507108986377716, 0.2903285622596741, 0.2849903106689453, 0.27776214480400085]",0.933322548866272,0.27776214480400085,0.5868462576315954,0.24463062138361313
2026-02-23 22:09:01.410251,29.2,12,"[0.9332628846168518, 0.9292738437652588, 0.8532175421714783, 0.8076037764549255, 0.6810892224311829, 0.6363722085952759, 0.5654658079147339, 0.5524963140487671, 0.47526639699935913, 0.3507132828235626, 0.2843996286392212, 0.27676668763160706]",0.9332628846168518,0.27676668763160706,0.6121606330076853,0.23703904780578233
2026-02-23 22:09:01.448957,28.98,14,"[0.9367823004722595, 0.9152681231498718, 0.8658239245414734, 0.83565753698349, 0.7063442468643188, 0.7050938010215759, 0.6929686665534973, 0.626873791217804, 0.5105289220809937, 0.40693721175193787, 0.2851346433162689, 0.27558547258377075, 0.26101788878440857, 0.2587665915489197]",0.9367823004722595,0.2587665915489197,0.5916273657764707,0.2558189428231438
2026-02-23 22:09:01.485120,28.58,13,"[0.9368644952774048, 0.9156360626220703, 0.865272581577301, 0.8361078500747681, 0.7228620648384094, 0.7061330676078796, 0.685503363609314, 0.6260249614715576, 0.5135182738304138, 0.38687244057655334, 0.28961658477783203, 0.28252026438713074, 0.2604083716869354]",0.9368644952774048,0.2604083716869354,0.6174877217182746,0.24747865423599857
2026-02-23 22:09:01.516069,28.68,15,"[0.9466985464096069, 0.9212191700935364, 0.8529093861579895, 0.8462418913841248, 0.8008545637130737, 0.6837414503097534, 0.5227457880973816, 0.4878242313861847, 0.48361149430274963, 0.3988783061504364, 0.39208585023880005, 0.3692876398563385, 0.3572855293750763, 0.26207202672958374, 0.2500708997249603]",0.9466985464096069,0.2500708997249603,0.5717017849286398,0.2460957338861026
2026-02-23 22:09:01.549240,29.42,15,"[0.9461176991462708, 0.9211652278900146, 0.8536375164985657, 0.8457468748092651, 0.8027290105819702, 0.6823923587799072, 0.5201731324195862, 0.49200698733329773, 0.483505517244339, 0.4006413519382477, 0.36914873123168945, 0.36398524045944214, 0.3488631248474121, 0.26798996329307556, 0.2503291666507721]",0.9461176991462708,0.2503291666507721,0.569895460208257,0.2475416848278092
2026-02-23 22:09:01.585763,29.26,14,"[0.9342652559280396, 0.9192050099372864, 0.8685947060585022, 0.8668340444564819, 0.7543732523918152, 0.7097821831703186, 0.6346852779388428, 0.6070765256881714, 0.3993711769580841, 0.3881400227546692, 0.3853633403778076, 0.3845251202583313, 0.3526952862739563, 0.31481918692588806]",0.9342652559280396,0.31481918692588806,0.6085521706512996,0.2342260010716834
2026-02-23 22:09:01.616724,28.74,14,"[0.9373988509178162, 0.9179797172546387, 0.8689515590667725, 0.864858090877533, 0.7516136169433594, 0.7084282636642456, 0.6353989839553833, 0.6119223833084106, 0.4377502501010895, 0.39825788140296936, 0.390722393989563, 0.3855983018875122, 0.3446377217769623, 0.32198306918144226]",0.9373988509178162,0.32198306918144226,0.6125357917376927,0.2304954151577847
2026-02-23 22:09:01.658472,28.43,13,"[0.9372177720069885, 0.9218915104866028, 0.841825544834137, 0.835527777671814, 0.7772480249404907, 0.5922126173973083, 0.5531411170959473, 0.4055843949317932, 0.40388330817222595, 0.38789305090904236, 0.37118324637413025, 0.32808053493499756, 0.28443893790245056]",0.9372177720069885,0.28443893790245056,0.5877021413583022,0.2432616393396186
2026-02-23 22:09:01.704741,27.06,14,"[0.9369953274726868, 0.9217773675918579, 0.8418674468994141, 0.837968111038208, 0.7769007682800293, 0.5806443095207214, 0.5550359487533569, 0.4055147171020508, 0.40139421820640564, 0.3775847852230072, 0.3753736913204193, 0.3193700909614563, 0.3059314787387848, 0.2579023241996765]",0.9369953274726868,0.2579023241996765,0.5638757560934339,0.24916948113116863
2026-02-23 22:09:01.738525,27.23,12,"[0.9267767071723938, 0.9002038240432739, 0.8407891392707825, 0.8296687602996826, 0.7063505053520203, 0.6915239095687866, 0.46422064304351807, 0.454420268535614, 0.37972381711006165, 0.37453991174697876, 0.3509024679660797, 0.2518845796585083]",0.9267767071723938,0.2518845796585083,0.5975837111473083,0.2429864871730802
2026-02-23 22:09:01.771681,28.07,11,"[0.9267794489860535, 0.9005977511405945, 0.840063750743866, 0.827741265296936, 0.7157121300697327, 0.7080926299095154, 0.4622332453727722, 0.4521634578704834, 0.3891705870628357, 0.3736979067325592, 0.34840717911720276]",0.9267794489860535,0.34840717911720276,0.631332668391141,0.22819085636126005
2026-02-23 22:09:01.803439,28.63,15,"[0.9311525225639343, 0.9013949632644653, 0.8808598518371582, 0.835159182548523, 0.7098507881164551, 0.6843467354774475, 0.5668058395385742, 0.5518250465393066, 0.46404436230659485, 0.4379259943962097, 0.43027734756469727, 0.3722210228443146, 0.35503819584846497, 0.3467402160167694, 0.25292858481407166]",0.9311525225639343,0.25292858481407166,0.5813713769117991,0.22711359764564842
2026-02-23 22:09:01.836777,28.92,15,"[0.9307814240455627, 0.8994513750076294, 0.8809082508087158, 0.8362287878990173, 0.708653450012207, 0.6809900999069214, 0.5686213374137878, 0.5494862198829651, 0.467481404542923, 0.44006186723709106, 0.4259772300720215, 0.3756607472896576, 0.35018372535705566, 0.34965577721595764, 0.25082963705062866]",0.9307814240455627,0.25082963705062866,0.5809980889161428,0.22694238667606545
2026-02-23 22:09:01.863049,29.48,15,"[0.9342758655548096, 0.9125646352767944, 0.876177191734314, 0.8209718465805054, 0.7391459345817566, 0.6894382834434509, 0.6471542119979858, 0.6116207838058472, 0.4623779058456421, 0.4287588596343994, 0.41059863567352295, 0.367403507232666, 0.34517067670822144, 0.31945177912712097, 0.29262420535087585]",0.9342758655548096,0.29262420535087585,0.5905156215031941,0.22979369688186457
2026-02-23 22:09:01.895292,29.56,15,"[0.9344478249549866, 0.911946177482605, 0.8769572973251343, 0.820699155330658, 0.7372170090675354, 0.705230712890625, 0.650408148765564, 0.6033956408500671, 0.46504855155944824, 0.43440520763397217, 0.4083370268344879, 0.35793861746788025, 0.33413320779800415, 0.3093698024749756, 0.29820719361305237]",0.9344478249549866,0.29820719361305237,0.5898494382699331,0.23186821049831038
2026-02-23 22:09:01.935190,29.32,18,"[0.9295849204063416, 0.8573792576789856, 0.8543641567230225, 0.8127985596656799, 0.7722079157829285, 0.7321733236312866, 0.4469625651836395, 0.4178692102432251, 0.4113057255744934, 0.40287667512893677, 0.4007750153541565, 0.3871195316314697, 0.3691857159137726, 0.36334824562072754, 0.35954156517982483, 0.31746408343315125, 0.2959591746330261, 0.28342872858047485]",0.9295849204063416,0.28342872858047485,0.5230191316869524,0.22764255006542586
2026-02-23 22:09:01.982566,28.19,18,"[0.9295984506607056, 0.853550910949707, 0.8490431904792786, 0.8141707181930542, 0.7733423709869385, 0.7292339205741882, 0.4362901449203491, 0.4215336740016937, 0.41171684861183167, 0.4091409146785736, 0.392754465341568, 0.3883323669433594, 0.3850248157978058, 0.36925044655799866, 0.34700852632522583, 0.3404044806957245, 0.3187195360660553, 0.2909920811653137]",0.9295984506607056,0.2909920811653137,0.5255615479416318,0.22381266808655448
2026-02-23 22:09:02.036830,27.64,17,"[0.9203764200210571, 0.8369927406311035, 0.8144391775131226, 0.758743405342102, 0.7492222189903259, 0.6607204079627991, 0.644325852394104, 0.5675618052482605, 0.5436009764671326, 0.5291956663131714, 0.4589943289756775, 0.4036549925804138, 0.3585016131401062, 0.3509849011898041, 0.3509821891784668, 0.33348754048347473, 0.2726019620895386]",0.9203764200210571,0.2726019620895386,0.5620227175600389,0.20335147055085706
2026-02-23 22:09:02.078042,27.9,17,"[0.9200189113616943, 0.8357548713684082, 0.8105299472808838, 0.7599607110023499, 0.7424991130828857, 0.6608030796051025, 0.6490800380706787, 0.5598165392875671, 0.5416727066040039, 0.5376457571983337, 0.4589671194553375, 0.4174828827381134, 0.36622533202171326, 0.34886598587036133, 0.33547958731651306, 0.3322669267654419, 0.28562551736831665]",0.9200189113616943,0.28562551736831665,0.5625114721410415,0.2016700345121824
2026-02-23 22:09:02.119409,27.35,19,"[0.9346405267715454, 0.8271068930625916, 0.8058857321739197, 0.7960245013237, 0.7849031090736389, 0.7153212428092957, 0.6081396341323853, 0.5851079821586609, 0.562634289264679, 0.5476097464561462, 0.5460935831069946, 0.5039185285568237, 0.4467952251434326, 0.42592689394950867, 0.40663033723831177, 0.38610172271728516, 0.36115801334381104, 0.29719647765159607, 0.2636701166629791]",0.9346405267715454,0.2636701166629791,0.5686770818735424,0.19558464373779383
2026-02-23 22:09:02.151032,27.5,20,"[0.9340853095054626, 0.8269540071487427, 0.8112712502479553, 0.7982047200202942, 0.7849429845809937, 0.7125908136367798, 0.6209116578102112, 0.5872408747673035, 0.5555442571640015, 0.5486510396003723, 0.5463434457778931, 0.5037552714347839, 0.482634037733078, 0.4752178490161896, 0.42865461111068726, 0.3977248966693878, 0.35168465971946716, 0.30238866806030273, 0.2635035216808319, 0.2622468173503876]",0.9340853095054626,0.2622468173503876,0.5597275346517563,0.19947299668443538
2026-02-23 22:09:02.182950,27.51,17,"[0.9098073840141296, 0.840999186038971, 0.8149005174636841, 0.8086233735084534, 0.7740845680236816, 0.7434954643249512, 0.6959167122840881, 0.5462900400161743, 0.5154697299003601, 0.47770240902900696, 0.4717733860015869, 0.4664411246776581, 0.4176405668258667, 0.3742881417274475, 0.3282092213630676, 0.323138952255249, 0.3116988241672516]",0.9098073840141296,0.3116988241672516,0.5776752706836251,0.20501499695827735
2026-02-23 22:09:02.238848,26.28,19,"[0.9112305641174316, 0.8414165377616882, 0.818183422088623, 0.8094213604927063, 0.7858796119689941, 0.7441560626029968, 0.7091027498245239, 0.5734726786613464, 0.5149841904640198, 0.49178817868232727, 0.47263652086257935, 0.4539763629436493, 0.41779854893684387, 0.3583007752895355, 0.32239991426467896, 0.31109973788261414, 0.28786221146583557, 0.2669413685798645, 0.2564241886138916]",0.9112305641174316,0.2564241886138916,0.5445828939739027,0.22251370239511495
2026-02-23 22:09:02.279305,25.0,17,"[0.9141044616699219, 0.835824728012085, 0.8235589861869812, 0.8009876012802124, 0.7759279012680054, 0.7592160701751709, 0.5211271643638611, 0.5069199204444885, 0.4950578510761261, 0.4880632162094116, 0.45597729086875916, 0.40860825777053833, 0.37073585391044617, 0.3681063950061798, 0.36400535702705383, 0.2753368020057678, 0.25194424390792847]",0.9141044616699219,0.25194424390792847,0.5538530647754669,0.21638042167250837
2026-02-23 22:09:02.336386,23.65,18,"[0.9144549369812012, 0.8318092823028564, 0.8270416855812073, 0.7938290238380432, 0.7762646675109863, 0.7576351165771484, 0.5184006094932556, 0.49163275957107544, 0.47921222448349, 0.4688003659248352, 0.44589120149612427, 0.41139405965805054, 0.40950003266334534, 0.3700607419013977, 0.362408846616745, 0.29228806495666504, 0.25340452790260315, 0.2517470121383667]",0.9144549369812012,0.2517470121383667,0.5364319533109665,0.21910925579981855
2026-02-23 22:09:02.377042,23.58,10,"[0.910916268825531, 0.822374165058136, 0.819579541683197, 0.8149394989013672, 0.7990007400512695, 0.4609726071357727, 0.4302908480167389, 0.41245943307876587, 0.32073402404785156, 0.25635918974876404]",0.910916268825531,0.25635918974876404,0.6047626316547394,0.24928511009304274
2026-02-23 22:09:02.426292,23.51,10,"[0.9102888107299805, 0.8368313908576965, 0.8231935501098633, 0.8150666952133179, 0.7998666763305664, 0.4606362581253052, 0.454693466424942, 0.3921869993209839, 0.38339194655418396, 0.26261481642723083]",0.9102888107299805,0.26261481642723083,0.6138770610094071,0.24288281432672368
2026-02-23 22:09:02.462326,24.4,13,"[0.9267102479934692, 0.8593719601631165, 0.8118439316749573, 0.7230286002159119, 0.7202256321907043, 0.56732177734375, 0.42677363753318787, 0.4059453010559082, 0.3785174489021301, 0.3509773313999176, 0.33587685227394104, 0.31798163056373596, 0.2676483988761902]",0.9267102479934692,0.2676483988761902,0.5455555961682246,0.23264766629109715
2026-02-23 22:09:02.496030,24.98,13,"[0.9266720414161682, 0.8610595464706421, 0.808497965335846, 0.7250756025314331, 0.6848046183586121, 0.5639676451683044, 0.42339980602264404, 0.4086155593395233, 0.3526431620121002, 0.35170531272888184, 0.33467087149620056, 0.3067171275615692, 0.279095858335495]",0.9266720414161682,0.279095858335495,0.5405327012905707,0.2321179017458079
2026-02-23 22:09:02.528138,25.69,14,"[0.9416270852088928, 0.8436474800109863, 0.817350447177887, 0.7451821565628052, 0.7194592952728271, 0.6979138255119324, 0.4855397343635559, 0.376914918422699, 0.36089634895324707, 0.35187244415283203, 0.3274877667427063, 0.30586758255958557, 0.27305787801742554, 0.2600533068180084]",0.9416270852088928,0.2600533068180084,0.5362050192696708,0.24433746043021567
2026-02-23 22:09:02.562464,25.47,14,"[0.941161572933197, 0.8441103100776672, 0.8166357278823853, 0.7420355081558228, 0.7198231816291809, 0.691244900226593, 0.4866316020488739, 0.3900007903575897, 0.3549119532108307, 0.3529024124145508, 0.3284884989261627, 0.3206806182861328, 0.2868918776512146, 0.252205491065979]",0.941161572933197,0.252205491065979,0.5376946032047272,0.24182557250345318
2026-02-23 22:09:02.605821,24.61,13,"[0.9488336443901062, 0.8497321605682373, 0.8302412629127502, 0.7826699614524841, 0.7810640931129456, 0.5398910641670227, 0.46560201048851013, 0.33073627948760986, 0.3245616555213928, 0.31782540678977966, 0.2651502192020416, 0.2623981535434723, 0.2547593116760254]",0.9488336443901062,0.2547593116760254,0.5348819402547983,0.26505472296606475
2026-02-23 22:09:02.646995,25.27,12,"[0.9488042593002319, 0.8479553461074829, 0.8295700550079346, 0.781614363193512, 0.775661289691925, 0.532001793384552, 0.4935285747051239, 0.33494922518730164, 0.3225487172603607, 0.32017257809638977, 0.2715579569339752, 0.26922547817230225]",0.9488042593002319,0.26922547817230225,0.5606324697534243,0.25934745130989395
2026-02-23 22:09:02.695788,24.84,15,"[0.9471558332443237, 0.8605084419250488, 0.8587601780891418, 0.7968676090240479, 0.6645607352256775, 0.6175401210784912, 0.49888846278190613, 0.45255225896835327, 0.4459138512611389, 0.44470205903053284, 0.4226650595664978, 0.3164907693862915, 0.2940516173839569, 0.2757863700389862, 0.2716977894306183]",0.9471558332443237,0.2716977894306183,0.5445427437623341,0.2315459549477534
2026-02-23 22:09:02.766500,24.49,14,"[0.9467447400093079, 0.8607480525970459, 0.8575506806373596, 0.7940720915794373, 0.6816275119781494, 0.6179220080375671, 0.49659183621406555, 0.4548380970954895, 0.4522530138492584, 0.45078352093696594, 0.44568583369255066, 0.3036053478717804, 0.29405251145362854, 0.27917030453681946]",0.9467447400093079,0.27917030453681946,0.566831825034959,0.22665772532541262
2026-02-23 22:09:02.796664,25.39,12,"[0.944808840751648, 0.855696976184845, 0.79989093542099, 0.7245439887046814, 0.6972732543945312, 0.6160439848899841, 0.5312192440032959, 0.3705624043941498, 0.3425622880458832, 0.3235466480255127, 0.3114994764328003, 0.2809496521949768]",0.944808840751648,0.2809496521949768,0.5665498077869415,0.23762707475046851
2026-02-23 22:09:02.837339,25.79,12,"[0.9450662136077881, 0.8583877682685852, 0.7976037263870239, 0.7208718061447144, 0.6835589408874512, 0.6132405400276184, 0.5004818439483643, 0.37386053800582886, 0.33737504482269287, 0.32439884543418884, 0.29205167293548584, 0.2796477973461151]",0.9450662136077881,0.2796477973461151,0.560545394817988,0.23958260368069745
2026-02-23 22:09:02.877412,25.52,14,"[0.9416159391403198, 0.8281212449073792, 0.8221912980079651, 0.7948262095451355, 0.7306443452835083, 0.46848049759864807, 0.46327584981918335, 0.37655961513519287, 0.3603055775165558, 0.3405974209308624, 0.3163263499736786, 0.2907774746417999, 0.28038254380226135, 0.25300878286361694]",0.9416159391403198,0.25300878286361694,0.5190795106547219,0.24663399996849938
2026-02-23 22:09:02.905272,26.14,13,"[0.9415014982223511, 0.8329151272773743, 0.8247021436691284, 0.797235369682312, 0.7304650545120239, 0.5304458737373352, 0.4469786286354065, 0.3666754364967346, 0.35581228137016296, 0.3396693170070648, 0.3302312195301056, 0.2890505790710449, 0.2811518907546997]",0.9415014982223511,0.2811518907546997,0.5436026476896726,0.2444654604375004
2026-02-23 22:09:02.940254,25.88,13,"[0.9498123526573181, 0.8403115272521973, 0.8374612331390381, 0.7652970552444458, 0.6226810812950134, 0.48108741641044617, 0.45423054695129395, 0.380134254693985, 0.35631105303764343, 0.30402040481567383, 0.294818639755249, 0.27992939949035645, 0.26447343826293945]",0.9498123526573181,0.26447343826293945,0.5254283386927384,0.24680096633591223
2026-02-23 22:09:02.968775,26.41,13,"[0.9498913288116455, 0.8421743512153625, 0.8394809365272522, 0.7670564651489258, 0.6192241311073303, 0.5053216218948364, 0.47110071778297424, 0.36072400212287903, 0.34258419275283813, 0.30096474289894104, 0.2956213653087616, 0.27223676443099976, 0.25481870770454407]",0.9498913288116455,0.25481870770454407,0.5247076405928686,0.2501244553030419
2026-02-23 22:09:03.001339,27.18,14,"[0.9495474696159363, 0.8490332961082458, 0.8257941007614136, 0.6833572387695312, 0.6466982960700989, 0.44884759187698364, 0.4266234338283539, 0.423110693693161, 0.3518405556678772, 0.3182308077812195, 0.30780789256095886, 0.2716071903705597, 0.2596636414527893, 0.25003719329833984]",0.9495474696159363,0.25003719329833984,0.5008713858468192,0.24233425240759046
2026-02-23 22:09:03.042650,27.17,14,"[0.9496406316757202, 0.8549699783325195, 0.8213731646537781, 0.6422463059425354, 0.6289577484130859, 0.42077508568763733, 0.4185444116592407, 0.3968229293823242, 0.3630061447620392, 0.31634676456451416, 0.302341490983963, 0.28999847173690796, 0.26727592945098877, 0.2613489627838135]",0.9496406316757202,0.2613489627838135,0.49526057285921915,0.23831911539305578
2026-02-23 22:09:03.091447,27.16,13,"[0.9307471513748169, 0.861965537071228, 0.8363089561462402, 0.7903823256492615, 0.7262305617332458, 0.6985102295875549, 0.5456856489181519, 0.447877436876297, 0.4232444167137146, 0.388703316450119, 0.33675897121429443, 0.318415105342865, 0.29883354902267456]",0.9307471513748169,0.29883354902267456,0.5848971697000357,0.22986362318692088
2026-02-23 22:09:03.130882,28.29,13,"[0.9300119280815125, 0.8636000752449036, 0.8354464173316956, 0.7889568209648132, 0.7270351648330688, 0.6981370449066162, 0.5253663063049316, 0.44789689779281616, 0.4279246926307678, 0.3866160809993744, 0.3354959487915039, 0.2984905540943146, 0.28291401267051697]",0.9300119280815125,0.28291401267051697,0.5806070726651412,0.23375098575986442
2026-02-23 22:09:03.169970,27.53,17,"[0.9282916784286499, 0.872638463973999, 0.8160504102706909, 0.7988006472587585, 0.7460102438926697, 0.6496579051017761, 0.5727133750915527, 0.540377140045166, 0.5010805130004883, 0.3772725462913513, 0.3656977713108063, 0.3550392687320709, 0.31512725353240967, 0.2736164927482605, 0.2613241970539093, 0.2588558495044708, 0.2580821216106415]",0.9282916784286499,0.2580821216106415,0.5229785810498631,0.23789505519937024
2026-02-23 22:09:03.211003,27.53,17,"[0.9294334650039673, 0.8737912178039551, 0.8155912756919861, 0.8122549057006836, 0.7465027570724487, 0.6494673490524292, 0.547285795211792, 0.5451613664627075, 0.49985888600349426, 0.3822397291660309, 0.3629074692726135, 0.3550126552581787, 0.3274616003036499, 0.27735090255737305, 0.2731516659259796, 0.2649818956851959, 0.26345503330230713]",0.9294334650039673,0.26345503330230713,0.5250534099691054,0.23632811031940923
2026-02-23 22:09:03.247426,27.76,17,"[0.9309603571891785, 0.8492348790168762, 0.801388144493103, 0.7664528489112854, 0.7286598682403564, 0.7140477895736694, 0.5020021200180054, 0.49503934383392334, 0.48704126477241516, 0.44536110758781433, 0.4107127785682678, 0.3504798710346222, 0.3067777752876282, 0.2920270264148712, 0.28468748927116394, 0.27754029631614685, 0.2508203983306885]",0.9309603571891785,0.2508203983306885,0.5231313740505892,0.22783845919621667
2026-02-23 22:09:03.287280,26.7,16,"[0.9312707185745239, 0.8479657769203186, 0.7912467122077942, 0.7586625814437866, 0.7228469848632812, 0.7123839259147644, 0.5034179091453552, 0.4858715832233429, 0.48349860310554504, 0.44692298769950867, 0.40458622574806213, 0.3552655279636383, 0.30721479654312134, 0.29358550906181335, 0.2890681028366089, 0.2761850357055664]",0.9312707185745239,0.2761850357055664,0.5381245613098145,0.2218150407286482
2026-02-23 22:09:03.319479,26.92,17,"[0.9267741441726685, 0.8630867600440979, 0.833893895149231, 0.8289951086044312, 0.7995511293411255, 0.7182614207267761, 0.6695242524147034, 0.5250954627990723, 0.4701395630836487, 0.4638177454471588, 0.37084031105041504, 0.3287123739719391, 0.3233409821987152, 0.3092546761035919, 0.29959794878959656, 0.2781848907470703, 0.27557480335235596]",0.9267741441726685,0.27557480335235596,0.5461556157645058,0.23975987009020244
2026-02-23 22:09:03.367387,25.51,16,"[0.9266831278800964, 0.8655768036842346, 0.8340552449226379, 0.8268848657608032, 0.7959219217300415, 0.7258648872375488, 0.6555279493331909, 0.5403916835784912, 0.4662291705608368, 0.45918577909469604, 0.40945446491241455, 0.3298085629940033, 0.32508790493011475, 0.3182850182056427, 0.2960566580295563, 0.2846061885356903]",0.9266831278800964,0.2846061885356903,0.566226264461875,0.23380245660221768
2026-02-23 22:09:03.418879,24.4,18,"[0.924812376499176, 0.9155134558677673, 0.8755459785461426, 0.8054852485656738, 0.7328748106956482, 0.6312028765678406, 0.607027530670166, 0.6040827035903931, 0.46502745151519775, 0.4371193051338196, 0.37399372458457947, 0.37233278155326843, 0.35479557514190674, 0.3514614701271057, 0.27351897954940796, 0.268339604139328, 0.26361653208732605, 0.26042747497558594]",0.924812376499176,0.26042747497558594,0.5287321044339074,0.23826335928736433
2026-02-23 22:09:03.464926,24.13,19,"[0.9246315360069275, 0.915723443031311, 0.8752418756484985, 0.7993581891059875, 0.7286650538444519, 0.6239922046661377, 0.6066585779190063, 0.6012853980064392, 0.46337616443634033, 0.4279402494430542, 0.38006123900413513, 0.3757537007331848, 0.3612099289894104, 0.3443993031978607, 0.26883062720298767, 0.2652478516101837, 0.2648220956325531, 0.2547363042831421, 0.25267818570137024]",0.9246315360069275,0.25267818570137024,0.5123479962348938,0.23978795767221223
2026-02-23 22:09:03.514612,24.1,18,"[0.9282479286193848, 0.8887853026390076, 0.8745152354240417, 0.7285290956497192, 0.7174050211906433, 0.6966164112091064, 0.6443097591400146, 0.49719297885894775, 0.46056827902793884, 0.43038323521614075, 0.4062434136867523, 0.39637523889541626, 0.37024009227752686, 0.3357713222503662, 0.3319843113422394, 0.29739969968795776, 0.2713142931461334, 0.25171640515327454]",0.9282479286193848,0.25171640515327454,0.5293110013008118,0.2263892677955694
2026-02-23 22:09:03.558767,23.83,18,"[0.9282679557800293, 0.8850768804550171, 0.8752854466438293, 0.7389025092124939, 0.7150670886039734, 0.6520841717720032, 0.6187540292739868, 0.4689173102378845, 0.4612523317337036, 0.4525623023509979, 0.4169149100780487, 0.4035876393318176, 0.3582138121128082, 0.35169488191604614, 0.26831430196762085, 0.265310138463974, 0.2602721154689789, 0.2559099495410919]",0.9282679557800293,0.2559099495410919,0.5209104319413503,0.22932738220282242
2026-02-23 22:09:03.599922,23.67,18,"[0.9258122444152832, 0.8566992282867432, 0.7978107333183289, 0.7606711387634277, 0.6345341205596924, 0.6166501045227051, 0.5603015422821045, 0.502286434173584, 0.4641014039516449, 0.432721346616745, 0.4134386479854584, 0.39334362745285034, 0.38076063990592957, 0.34527286887168884, 0.3268947899341583, 0.31714263558387756, 0.2692681849002838, 0.25118353962898254]",0.9258122444152832,0.25118353962898254,0.5138274017307494,0.20842389397843383
2026-02-23 22:09:03.634194,24.16,18,"[0.9263878464698792, 0.8567253947257996, 0.79630047082901, 0.7599532008171082, 0.6205715537071228, 0.6177107095718384, 0.5609801411628723, 0.496952086687088, 0.44648081064224243, 0.4306181073188782, 0.4156797230243683, 0.3972746431827545, 0.3888433873653412, 0.3489724397659302, 0.34744107723236084, 0.31694626808166504, 0.2640841603279114, 0.25339052081108093]",0.9263878464698792,0.25339052081108093,0.5136284745401807,0.20679177767926946
2026-02-23 22:09:03.661871,25.03,16,"[0.9334894418716431, 0.8462357521057129, 0.8375162482261658, 0.7805461287498474, 0.6743953227996826, 0.578355610370636, 0.5747435092926025, 0.5567208528518677, 0.5417208075523376, 0.5326505303382874, 0.393317312002182, 0.3898754119873047, 0.36508920788764954, 0.28290724754333496, 0.28046929836273193, 0.259457528591156]",0.9334894418716431,0.259457528591156,0.5517181381583214,0.2161290452853218
2026-02-23 22:09:03.693938,25.63,18,"[0.9335829615592957, 0.8481506705284119, 0.8285317420959473, 0.783481776714325, 0.67904132604599, 0.6216570734977722, 0.5817373394966125, 0.5739041566848755, 0.5419885516166687, 0.5325039625167847, 0.39803120493888855, 0.3940578103065491, 0.3503224849700928, 0.2873894274234772, 0.28223520517349243, 0.2651177644729614, 0.2603919506072998, 0.25540250539779663]",0.9335829615592957,0.25540250539779663,0.5231959952248467,0.22474702690207807
2026-02-23 22:09:03.721632,26.14,19,"[0.938843309879303, 0.851970911026001, 0.7722133994102478, 0.7474718689918518, 0.7198952436447144, 0.7105908393859863, 0.6728207468986511, 0.6451036334037781, 0.6375612020492554, 0.6366119384765625, 0.41561996936798096, 0.4051126539707184, 0.3838726878166199, 0.34563806653022766, 0.3247697055339813, 0.3241620659828186, 0.3207595944404602, 0.310320645570755, 0.2563869059085846]",0.938843309879303,0.2563869059085846,0.5484065993836051,0.21486600067114348
2026-02-23 22:09:03.752902,27.26,19,"[0.9391511678695679, 0.8545000553131104, 0.7713615894317627, 0.7475525140762329, 0.7264317274093628, 0.6913354992866516, 0.6713805198669434, 0.6485937237739563, 0.6412456631660461, 0.617351770401001, 0.41097593307495117, 0.4083723723888397, 0.3757379949092865, 0.34970542788505554, 0.3418729603290558, 0.32703328132629395, 0.32488298416137695, 0.3189829885959625, 0.2686602771282196]",0.9391511678695679,0.2686602771282196,0.5492172868628251,0.21169893681977303
2026-02-23 22:09:03.785595,28.36,16,"[0.9464852809906006, 0.8744759559631348, 0.7882519960403442, 0.7309516072273254, 0.6971699595451355, 0.677466094493866, 0.6442223787307739, 0.624581515789032, 0.593536913394928, 0.5885125994682312, 0.5019044876098633, 0.47374069690704346, 0.3274683356285095, 0.3166537582874298, 0.2684427499771118, 0.2534222900867462]",0.9464852809906006,0.2534222900867462,0.5817054137587547,0.21149733284563427
2026-02-23 22:09:03.815125,29.58,15,"[0.9467979669570923, 0.8748796582221985, 0.7874926328659058, 0.7315511703491211, 0.6962668895721436, 0.6829262971878052, 0.6496809720993042, 0.6178306341171265, 0.5947275757789612, 0.5924646854400635, 0.4921974539756775, 0.47147035598754883, 0.327699214220047, 0.32224586606025696, 0.2579331398010254]",0.9467979669570923,0.2579331398010254,0.6030776341756184,0.20064283181949372
2026-02-23 22:09:03.849465,30.49,18,"[0.9445427656173706, 0.879755973815918, 0.7635816335678101, 0.7562580704689026, 0.7255779504776001, 0.7217938303947449, 0.7212408185005188, 0.7114748358726501, 0.6043481230735779, 0.5879530310630798, 0.5769392848014832, 0.41924911737442017, 0.3976466655731201, 0.3639419972896576, 0.3153296113014221, 0.312187522649765, 0.28418123722076416, 0.26429206132888794]",0.9445427656173706,0.26429206132888794,0.5750163627995385,0.2170652440467744
2026-02-23 22:09:03.878873,31.62,18,"[0.9448443651199341, 0.8782923221588135, 0.7632020711898804, 0.7508044838905334, 0.7274960279464722, 0.7226021885871887, 0.7208471298217773, 0.710375189781189, 0.6059523224830627, 0.5752119421958923, 0.5728864073753357, 0.42300862073898315, 0.39607977867126465, 0.368097186088562, 0.316222608089447, 0.3116559684276581, 0.2920484244823456, 0.2656075954437256]",0.9448443651199341,0.2656075954437256,0.5747352573606703,0.21566894060396938
2026-02-23 22:09:03.911441,32.28,21,"[0.9295743107795715, 0.8801411986351013, 0.7767999172210693, 0.7701883316040039, 0.6781891584396362, 0.6600635647773743, 0.6283553242683411, 0.5868194103240967, 0.5537340044975281, 0.5272906422615051, 0.45386672019958496, 0.4113417863845825, 0.3488157093524933, 0.3366476595401764, 0.33486127853393555, 0.326714426279068, 0.3157353699207306, 0.30882295966148376, 0.28514569997787476, 0.28440651297569275, 0.28062954545021057]",0.9295743107795715,0.28062954545021057,0.5084830252897172,0.21098140322175526
2026-02-23 22:09:03.941501,32.67,21,"[0.9320069551467896, 0.8809168338775635, 0.772085428237915, 0.7706927061080933, 0.6699255704879761, 0.6556243896484375, 0.6302580833435059, 0.5808483362197876, 0.5650373101234436, 0.5261362791061401, 0.4806768596172333, 0.39800190925598145, 0.3358641564846039, 0.3344886004924774, 0.3311581611633301, 0.329952210187912, 0.3245123326778412, 0.31678852438926697, 0.2807587683200836, 0.27703994512557983, 0.2724094092845917]",0.9320069551467896,0.2724094092845917,0.507865846157074,0.2116266463014871
2026-02-23 22:09:03.980155,31.68,21,"[0.93308025598526, 0.8809366226196289, 0.7759190201759338, 0.7750855088233948, 0.6675341725349426, 0.6577625870704651, 0.6377197504043579, 0.5559133291244507, 0.5301026105880737, 0.5233580470085144, 0.45507535338401794, 0.3949511647224426, 0.3553487956523895, 0.3537359833717346, 0.3446909189224243, 0.3362075984477997, 0.3330799341201782, 0.31898972392082214, 0.2779838442802429, 0.26981213688850403, 0.26516202092170715]",0.93308025598526,0.26516202092170715,0.5067833037603469,0.21028347767042466
