timestamp,FPS,num_objects,confidences,conf_max,conf_min,conf_mean,conf_std
2026-02-23 22:06:54.128934,0.0,0,[],0.0,0.0,0.0,0.0
2026-02-23 22:06:54.279674,3.33,0,[],0.0,0.0,0.0,0.0
2026-02-23 22:06:54.317546,10.86,1,[0.3990752100944519],0.3990752100944519,0.3990752100944519,0.3990752100944519,
2026-02-23 22:06:54.339360,19.61,1,[0.37446895241737366],0.37446895241737366,0.37446895241737366,0.37446895241737366,
2026-02-23 22:06:54.371253,21.96,1,[0.6535977125167847],0.6535977125167847,0.6535977125167847,0.6535977125167847,
2026-02-23 22:06:54.412751,22.33,1,[0.7138511538505554],0.7138511538505554,0.7138511538505554,0.7138511538505554,
2026-02-23 22:06:54.463055,21.97,1,[0.7417765259742737],0.7417765259742737,0.7417765259742737,0.7417765259742737,
2026-02-23 22:06:54.496718,22.94,0,[],0.0,0.0,0.0,0.0
2026-02-23 22:06:54.532087,23.54,0,[],0.0,0.0,0.0,0.0
2026-02-23 22:06:54.565449,24.19,1,[0.2608073353767395],0.2608073353767395,0.2608073353767395,0.2608073353767395,
2026-02-23 22:06:54.602736,26.87,0,[],0.0,0.0,0.0,0.0
2026-02-23 22:06:54.626400,30.4,1,[0.2729622721672058],0.2729622721672058,0.2729622721672058,0.2729622721672058,
2026-02-23 22:06:54.661877,30.65,1,[0.287200927734375],0.287200927734375,0.287200927734375,0.287200927734375,
2026-02-23 22:06:54.709078,28.18,1,[0.42234015464782715],0.42234015464782715,0.42234015464782715,0.42234015464782715,
2026-02-23 22:06:54.747504,27.67,0,[],0.0,0.0,0.0,0.0
2026-02-23 22:06:54.782571,28.05,0,[],0.0,0.0,0.0,0.0
2026-02-23 22:06:54.800365,31.67,0,[],0.0,0.0,0.0,0.0
2026-02-23 22:06:54.844507,31.0,1,[0.2810751795768738],0.2810751795768738,0.2810751795768738,0.2810751795768738,
2026-02-23 22:06:54.867994,32.33,0,[],0.0,0.0,0.0,0.0
2026-02-23 22:06:54.888288,34.24,1,[0.3031206429004669],0.3031206429004669,0.3031206429004669,0.3031206429004669,
2026-02-23 22:06:54.909437,36.29,1,[0.28541824221611023],0.28541824221611023,0.28541824221611023,0.28541824221611023,
2026-02-23 22:06:54.936706,35.77,2,"[0.5814244747161865, 0.4745788276195526]",0.5814244747161865,0.4745788276195526,0.5280016511678696,0.07555128160229459
2026-02-23 22:06:54.968138,36.11,2,"[0.6373497843742371, 0.4581432342529297]",0.6373497843742371,0.4581432342529297,0.5477465093135834,0.12671816682382336
2026-02-23 22:06:54.989449,38.67,0,[],0.0,0.0,0.0,0.0
2026-02-23 22:06:55.034567,38.31,0,[],0.0,0.0,0.0,0.0
2026-02-23 22:06:55.067242,38.49,0,[],0.0,0.0,0.0,0.0
2026-02-23 22:06:55.086230,38.29,0,[],0.0,0.0,0.0,0.0
2026-02-23 22:06:55.125290,38.54,0,[],0.0,0.0,0.0,0.0
2026-02-23 22:06:55.158432,37.39,1,[0.26578834652900696],0.26578834652900696,0.26578834652900696,0.26578834652900696,
2026-02-23 22:06:55.206952,34.54,0,[],0.0,0.0,0.0,0.0
2026-02-23 22:06:55.226299,34.93,0,[],0.0,0.0,0.0,0.0
2026-02-23 22:06:55.272654,33.41,0,[],0.0,0.0,0.0,0.0
2026-02-23 22:06:55.323745,32.2,0,[],0.0,0.0,0.0,0.0
2026-02-23 22:06:55.346675,31.84,0,[],0.0,0.0,0.0,0.0
2026-02-23 22:06:55.377067,32.88,1,[0.25285273790359497],0.25285273790359497,0.25285273790359497,0.25285273790359497,
2026-02-23 22:06:55.406818,33.24,0,[],0.0,0.0,0.0,0.0
2026-02-23 22:06:55.452257,30.05,0,[],0.0,0.0,0.0,0.0
2026-02-23 22:06:55.486017,30.46,0,[],0.0,0.0,0.0,0.0
2026-02-23 22:06:55.516149,30.76,0,[],0.0,0.0,0.0,0.0
2026-02-23 22:06:55.547420,31.9,0,[],0.0,0.0,0.0,0.0
2026-02-23 22:06:55.576898,30.2,1,[0.37622666358947754],0.37622666358947754,0.37622666358947754,0.37622666358947754,
2026-02-23 22:06:55.618260,30.45,0,[],0.0,0.0,0.0,0.0
2026-02-23 22:06:55.636249,34.04,0,[],0.0,0.0,0.0,0.0
2026-02-23 22:06:55.653178,35.65,0,[],0.0,0.0,0.0,0.0
2026-02-23 22:06:55.707703,34.2,0,[],0.0,0.0,0.0,0.0
2026-02-23 22:06:55.739664,33.94,0,[],0.0,0.0,0.0,0.0
2026-02-23 22:06:55.771599,34.88,0,[],0.0,0.0,0.0,0.0
2026-02-23 22:06:55.799226,35.52,0,[],0.0,0.0,0.0,0.0
2026-02-23 22:06:55.832948,35.17,0,[],0.0,0.0,0.0,0.0
2026-02-23 22:06:55.857972,35.99,0,[],0.0,0.0,0.0,0.0
2026-02-23 22:06:55.911903,34.43,2,"[0.5255231857299805, 0.2655031383037567]",0.5255231857299805,0.2655031383037567,0.3955131620168686,0.1838619387795305
2026-02-23 22:06:55.959755,34.13,2,"[0.524031937122345, 0.2899501621723175]",0.524031937122345,0.2899501621723175,0.40699104964733124,0.16552081041934774
2026-02-23 22:06:56.034077,29.9,1,[0.448634535074234],0.448634535074234,0.448634535074234,0.448634535074234,
2026-02-23 22:06:56.059695,27.84,1,[0.4935823678970337],0.4935823678970337,0.4935823678970337,0.4935823678970337,
2026-02-23 22:06:56.075419,32.33,1,[0.3520601689815521],0.3520601689815521,0.3520601689815521,0.3520601689815521,
2026-02-23 22:06:56.119896,31.5,0,[],0.0,0.0,0.0,0.0
2026-02-23 22:06:56.139739,33.4,0,[],0.0,0.0,0.0,0.0
2026-02-23 22:06:56.179593,32.29,1,[0.3532569408416748],0.3532569408416748,0.3532569408416748,0.3532569408416748,
2026-02-23 22:06:56.213900,32.25,1,[0.347162663936615],0.347162663936615,0.347162663936615,0.347162663936615,
2026-02-23 22:06:56.231299,33.87,1,[0.4926780164241791],0.4926780164241791,0.4926780164241791,0.4926780164241791,
2026-02-23 22:06:56.246210,38.86,0,[],0.0,0.0,0.0,0.0
2026-02-23 22:06:56.302642,38.54,0,[],0.0,0.0,0.0,0.0
2026-02-23 22:06:56.342657,39.68,0,[],0.0,0.0,0.0,0.0
2026-02-23 22:06:56.394109,37.76,0,[],0.0,0.0,0.0,0.0
2026-02-23 22:06:56.431969,34.07,0,[],0.0,0.0,0.0,0.0
2026-02-23 22:06:56.463047,35.02,0,[],0.0,0.0,0.0,0.0
2026-02-23 22:06:56.492695,33.32,0,[],0.0,0.0,0.0,0.0
2026-02-23 22:06:56.524900,33.92,0,[],0.0,0.0,0.0,0.0
2026-02-23 22:06:56.551869,34.72,0,[],0.0,0.0,0.0,0.0
2026-02-23 22:06:56.585946,32.02,0,[],0.0,0.0,0.0,0.0
2026-02-23 22:06:56.615386,28.54,0,[],0.0,0.0,0.0,0.0
2026-02-23 22:06:56.652879,29.43,1,[0.4329793155193329],0.4329793155193329,0.4329793155193329,0.4329793155193329,
2026-02-23 22:06:56.687268,29.86,1,[0.2914292812347412],0.2914292812347412,0.2914292812347412,0.2914292812347412,
2026-02-23 22:06:56.707425,32.87,1,[0.30179694294929504],0.30179694294929504,0.30179694294929504,0.30179694294929504,
2026-02-23 22:06:56.726006,35.65,2,"[0.3154389560222626, 0.2815122604370117]",0.3154389560222626,0.2815122604370117,0.29847560822963715,0.023989796511582583
2026-02-23 22:06:56.766279,34.91,2,"[0.29121071100234985, 0.29054346680641174]",0.29121071100234985,0.29054346680641174,0.2908770889043808,0.0004718128956552032
2026-02-23 22:06:56.788907,35.98,0,[],0.0,0.0,0.0,0.0
2026-02-23 22:06:56.820228,36.08,1,[0.33098310232162476],0.33098310232162476,0.33098310232162476,0.33098310232162476,
2026-02-23 22:06:56.838652,37.77,1,[0.2517520785331726],0.2517520785331726,0.2517520785331726,0.2517520785331726,
2026-02-23 22:06:56.857263,40.19,1,[0.5911123156547546],0.5911123156547546,0.5911123156547546,0.5911123156547546,
2026-02-23 22:06:56.874057,42.77,1,[0.599446177482605],0.599446177482605,0.599446177482605,0.599446177482605,
2026-02-23 22:06:56.912245,42.72,1,[0.29764124751091003],0.29764124751091003,0.29764124751091003,0.29764124751091003,
2026-02-23 22:06:56.937721,43.75,1,[0.30820608139038086],0.30820608139038086,0.30820608139038086,0.30820608139038086,
2026-02-23 22:06:56.961207,43.03,0,[],0.0,0.0,0.0,0.0
2026-02-23 22:06:56.994383,40.63,0,[],0.0,0.0,0.0,0.0
2026-02-23 22:06:57.026275,41.29,1,[0.25352713465690613],0.25352713465690613,0.25352713465690613,0.25352713465690613,
2026-02-23 22:06:57.071946,39.07,1,[0.6053252220153809],0.6053252220153809,0.6053252220153809,0.6053252220153809,
2026-02-23 22:06:57.106770,38.75,1,[0.6231972575187683],0.6231972575187683,0.6231972575187683,0.6231972575187683,
2026-02-23 22:06:57.157016,35.33,1,[0.5666420459747314],0.5666420459747314,0.5666420459747314,0.5666420459747314,
2026-02-23 22:06:57.171806,36.71,1,[0.5747393369674683],0.5747393369674683,0.5747393369674683,0.5747393369674683,
2026-02-23 22:06:57.199073,34.43,1,[0.3625536262989044],0.3625536262989044,0.3625536262989044,0.3625536262989044,
2026-02-23 22:06:57.241928,34.17,2,"[0.5642656683921814, 0.33838725090026855]",0.5642656683921814,0.33838725090026855,0.451326459646225,0.15972016073221765
2026-02-23 22:06:57.282754,32.66,3,"[0.43162301182746887, 0.32033979892730713, 0.2598080039024353]",0.43162301182746887,0.2598080039024353,0.33725693821907043,0.0871478137329476
2026-02-23 22:06:57.315694,31.48,0,[],0.0,0.0,0.0,0.0
2026-02-23 22:06:57.348964,31.44,0,[],0.0,0.0,0.0,0.0
2026-02-23 22:06:57.399241,30.28,0,[],0.0,0.0,0.0,0.0
2026-02-23 22:06:57.427057,31.67,0,[],0.0,0.0,0.0,0.0
2026-02-23 22:06:57.442198,35.42,0,[],0.0,0.0,0.0,0.0
2026-02-23 22:06:57.466057,37.65,0,[],0.0,0.0,0.0,0.0
2026-02-23 22:06:57.498288,34.03,0,[],0.0,0.0,0.0,0.0
2026-02-23 22:06:57.536517,32.97,0,[],0.0,0.0,0.0,0.0
2026-02-23 22:06:57.585718,32.64,0,[],0.0,0.0,0.0,0.0
2026-02-23 22:06:57.603476,35.77,0,[],0.0,0.0,0.0,0.0
2026-02-23 22:06:57.649935,34.88,0,[],0.0,0.0,0.0,0.0
2026-02-23 22:06:57.681550,35.03,0,[],0.0,0.0,0.0,0.0
2026-02-23 22:06:57.729001,35.16,0,[],0.0,0.0,0.0,0.0
2026-02-23 22:06:57.761199,34.67,0,[],0.0,0.0,0.0,0.0
2026-02-23 22:06:57.806605,30.26,0,[],0.0,0.0,0.0,0.0
2026-02-23 22:06:57.836606,29.35,0,[],0.0,0.0,0.0,0.0
2026-02-23 22:06:57.880964,28.48,0,[],0.0,0.0,0.0,0.0
2026-02-23 22:06:57.913251,28.97,0,[],0.0,0.0,0.0,0.0
2026-02-23 22:06:57.954555,29.36,0,[],0.0,0.0,0.0,0.0
2026-02-23 22:06:57.990248,26.62,0,[],0.0,0.0,0.0,0.0
2026-02-23 22:06:58.027880,27.09,1,[0.25146958231925964],0.25146958231925964,0.25146958231925964,0.25146958231925964,
2026-02-23 22:06:58.074864,26.1,1,[0.27515843510627747],0.27515843510627747,0.27515843510627747,0.27515843510627747,
2026-02-23 22:06:58.114978,26.46,1,[0.25934815406799316],0.25934815406799316,0.25934815406799316,0.25934815406799316,
2026-02-23 22:06:58.144057,26.82,1,[0.26340267062187195],0.26340267062187195,0.26340267062187195,0.26340267062187195,
2026-02-23 22:06:58.167401,28.9,0,[],0.0,0.0,0.0,0.0
2026-02-23 22:06:58.211394,27.86,0,[],0.0,0.0,0.0,0.0
2026-02-23 22:06:58.260928,27.63,1,[0.3617114722728729],0.3617114722728729,0.3617114722728729,0.3617114722728729,
2026-02-23 22:06:58.295239,27.42,1,[0.4971018135547638],0.4971018135547638,0.4971018135547638,0.4971018135547638,
2026-02-23 22:06:58.336123,27.46,1,[0.507330596446991],0.507330596446991,0.507330596446991,0.507330596446991,
2026-02-23 22:06:58.391296,26.46,1,[0.34560850262641907],0.34560850262641907,0.34560850262641907,0.34560850262641907,
2026-02-23 22:06:58.425325,26.75,1,[0.33477145433425903],0.33477145433425903,0.33477145433425903,0.33477145433425903,
2026-02-23 22:06:58.459171,27.57,1,[0.38058534264564514],0.38058534264564514,0.38058534264564514,0.38058534264564514,
2026-02-23 22:06:58.509912,27.06,1,[0.3870912492275238],0.3870912492275238,0.3870912492275238,0.3870912492275238,
2026-02-23 22:06:58.540778,26.86,1,[0.6038275361061096],0.6038275361061096,0.6038275361061096,0.6038275361061096,
2026-02-23 22:06:58.584619,24.84,2,"[0.5987380146980286, 0.25661325454711914]",0.5987380146980286,0.25661325454711914,0.42767563462257385,0.24191873791452917
2026-02-23 22:06:58.634631,24.58,2,"[0.6340032815933228, 0.25476184487342834]",0.6340032815933228,0.25476184487342834,0.44438256323337555,0.2681641916115663
2026-02-23 22:06:58.670592,25.31,1,[0.7462599873542786],0.7462599873542786,0.7462599873542786,0.7462599873542786,
2026-02-23 22:06:58.699770,25.85,1,[0.740940272808075],0.740940272808075,0.740940272808075,0.740940272808075,
2026-02-23 22:06:58.742289,25.75,0,[],0.0,0.0,0.0,0.0
2026-02-23 22:06:58.774281,27.05,0,[],0.0,0.0,0.0,0.0
2026-02-23 22:06:58.817070,26.45,1,[0.3662332594394684],0.3662332594394684,0.3662332594394684,0.3662332594394684,
2026-02-23 22:06:58.834113,29.33,1,[0.32462817430496216],0.32462817430496216,0.32462817430496216,0.32462817430496216,
2026-02-23 22:06:58.849186,34.04,1,[0.3021497130393982],0.3021497130393982,0.3021497130393982,0.3021497130393982,
2026-02-23 22:06:58.877270,34.39,0,[],0.0,0.0,0.0,0.0
2026-02-23 22:06:58.912079,34.98,0,[],0.0,0.0,0.0,0.0
2026-02-23 22:06:58.953079,35.42,0,[],0.0,0.0,0.0,0.0
2026-02-23 22:06:58.988941,35.43,1,[0.46052366495132446],0.46052366495132446,0.46052366495132446,0.46052366495132446,
2026-02-23 22:06:59.033161,34.25,1,[0.5107079148292542],0.5107079148292542,0.5107079148292542,0.5107079148292542,
2026-02-23 22:06:59.075478,34.29,1,[0.28580379486083984],0.28580379486083984,0.28580379486083984,0.28580379486083984,
2026-02-23 22:06:59.120841,33.37,1,[0.27230915427207947],0.27230915427207947,0.27230915427207947,0.27230915427207947,
2026-02-23 22:06:59.159471,33.6,0,[],0.0,0.0,0.0,0.0
2026-02-23 22:06:59.181613,32.28,0,[],0.0,0.0,0.0,0.0
2026-02-23 22:06:59.209498,29.18,0,[],0.0,0.0,0.0,0.0
2026-02-23 22:06:59.240322,28.83,1,[0.2726970911026001],0.2726970911026001,0.2726970911026001,0.2726970911026001,
2026-02-23 22:06:59.270115,29.32,0,[],0.0,0.0,0.0,0.0
2026-02-23 22:06:59.284412,33.87,0,[],0.0,0.0,0.0,0.0
2026-02-23 22:06:59.300377,37.4,0,[],0.0,0.0,0.0,0.0
2026-02-23 22:06:59.326984,38.89,0,[],0.0,0.0,0.0,0.0
2026-02-23 22:06:59.358755,39.67,1,[0.2653499245643616],0.2653499245643616,0.2653499245643616,0.2653499245643616,
2026-02-23 22:06:59.394407,40.28,1,[0.282596617937088],0.282596617937088,0.282596617937088,0.282596617937088,
2026-02-23 22:06:59.424214,41.08,1,[0.282129168510437],0.282129168510437,0.282129168510437,0.282129168510437,
2026-02-23 22:06:59.448300,40.66,1,[0.28099384903907776],0.28099384903907776,0.28099384903907776,0.28099384903907776,
2026-02-23 22:06:59.489887,39.5,0,[],0.0,0.0,0.0,0.0
2026-02-23 22:06:59.541877,38.19,1,[0.2739297151565552],0.2739297151565552,0.2739297151565552,0.2739297151565552,
2026-02-23 22:06:59.585033,37.14,1,[0.5223416090011597],0.5223416090011597,0.5223416090011597,0.5223416090011597,
2026-02-23 22:06:59.630962,32.33,0,[],0.0,0.0,0.0,0.0
2026-02-23 22:06:59.676611,28.21,0,[],0.0,0.0,0.0,0.0
2026-02-23 22:06:59.717406,26.91,1,[0.3658267557621002],0.3658267557621002,0.3658267557621002,0.3658267557621002,
2026-02-23 22:06:59.746745,27.16,1,[0.3529319167137146],0.3529319167137146,0.3529319167137146,0.3529319167137146,
2026-02-23 22:06:59.771808,28.33,0,[],0.0,0.0,0.0,0.0
2026-02-23 22:06:59.815142,27.26,0,[],0.0,0.0,0.0,0.0
2026-02-23 22:06:59.844585,26.56,0,[],0.0,0.0,0.0,0.0
2026-02-23 22:06:59.880785,26.92,0,[],0.0,0.0,0.0,0.0
2026-02-23 22:06:59.924812,27.25,0,[],0.0,0.0,0.0,0.0
2026-02-23 22:06:59.950714,28.79,0,[],0.0,0.0,0.0,0.0
2026-02-23 22:06:59.974235,30.86,0,[],0.0,0.0,0.0,0.0
2026-02-23 22:06:59.994226,33.72,0,[],0.0,0.0,0.0,0.0
2026-02-23 22:07:00.051504,33.02,0,[],0.0,0.0,0.0,0.0
2026-02-23 22:07:00.092628,32.04,0,[],0.0,0.0,0.0,0.0
2026-02-23 22:07:00.125816,31.04,0,[],0.0,0.0,0.0,0.0
2026-02-23 22:07:00.156461,31.99,0,[],0.0,0.0,0.0,0.0
2026-02-23 22:07:00.192347,31.42,0,[],0.0,0.0,0.0,0.0
2026-02-23 22:07:00.217201,32.59,0,[],0.0,0.0,0.0,0.0
2026-02-23 22:07:00.258332,32.77,0,[],0.0,0.0,0.0,0.0
2026-02-23 22:07:00.290545,32.04,0,[],0.0,0.0,0.0,0.0
2026-02-23 22:07:00.339990,29.81,0,[],0.0,0.0,0.0,0.0
2026-02-23 22:07:00.372362,27.84,0,[],0.0,0.0,0.0,0.0
2026-02-23 22:07:00.417479,28.31,0,[],0.0,0.0,0.0,0.0
2026-02-23 22:07:00.438650,30.53,0,[],0.0,0.0,0.0,0.0
2026-02-23 22:07:00.482011,29.86,0,[],0.0,0.0,0.0,0.0
2026-02-23 22:07:00.524690,28.96,0,[],0.0,0.0,0.0,0.0
2026-02-23 22:07:00.556075,29.32,0,[],0.0,0.0,0.0,0.0
2026-02-23 22:07:00.588721,28.41,0,[],0.0,0.0,0.0,0.0
2026-02-23 22:07:00.632448,28.27,0,[],0.0,0.0,0.0,0.0
2026-02-23 22:07:00.680653,27.23,0,[],0.0,0.0,0.0,0.0
2026-02-23 22:07:00.726574,27.37,0,[],0.0,0.0,0.0,0.0
2026-02-23 22:07:00.772300,26.5,0,[],0.0,0.0,0.0,0.0
2026-02-23 22:07:00.806586,27.2,2,"[0.3427508771419525, 0.33034440875053406]",0.3427508771419525,0.33034440875053406,0.3365476429462433,0.00877269793014855
2026-02-23 22:07:00.852395,24.73,2,"[0.35676413774490356, 0.3310905992984772]",0.35676413774490356,0.3310905992984772,0.34392736852169037,0.01815393313252164
2026-02-23 22:07:00.888260,25.22,1,[0.3009471595287323],0.3009471595287323,0.3009471595287323,0.3009471595287323,
2026-02-23 22:07:00.934186,25.05,1,[0.30746543407440186],0.30746543407440186,0.30746543407440186,0.30746543407440186,
2026-02-23 22:07:00.986469,23.75,2,"[0.8096954226493835, 0.6171591281890869]",0.8096954226493835,0.6171591281890869,0.7134272754192352,0.13614371943740566
2026-02-23 22:07:01.016265,24.09,2,"[0.8361779451370239, 0.6182685494422913]",0.8361779451370239,0.6182685494422913,0.7272232472896576,0.15408521138000814
2026-02-23 22:07:01.057861,24.21,2,"[0.9200547933578491, 0.6889899969100952]",0.9200547933578491,0.6889899969100952,0.8045223951339722,0.16338748446169607
2026-02-23 22:07:01.106202,24.21,2,"[0.9186760187149048, 0.6841201782226562]",0.9186760187149048,0.6841201782226562,0.8013980984687805,0.16585602537897912
2026-02-23 22:07:01.150865,24.26,2,"[0.9053223133087158, 0.6220578551292419]",0.9053223133087158,0.6220578551292419,0.7636900842189789,0.20029821924783917
2026-02-23 22:07:01.182211,25.25,2,"[0.9071973562240601, 0.6042746305465698]",0.9071973562240601,0.6042746305465698,0.7557359933853149,0.21419871350206565
2026-02-23 22:07:01.221582,24.87,2,"[0.9141896367073059, 0.6945340037345886]",0.9141896367073059,0.6945340037345886,0.8043618202209473,0.1553199876008318
2026-02-23 22:07:01.266423,24.95,2,"[0.919730007648468, 0.6915779113769531]",0.919730007648468,0.6915779113769531,0.8056539595127106,0.1613278944155142
2026-02-23 22:07:01.317561,24.11,3,"[0.8495332598686218, 0.7691611647605896, 0.3233536183834076]",0.8495332598686218,0.3233536183834076,0.647349347670873,0.2834516587804719
2026-02-23 22:07:01.346434,25.3,3,"[0.7573168873786926, 0.6706521511077881, 0.4681297540664673]",0.7573168873786926,0.4681297540664673,0.6320329308509827,0.14841119448433948
2026-02-23 22:07:01.369064,27.82,3,"[0.7931474447250366, 0.6330731511116028, 0.4561942219734192]",0.7931474447250366,0.4561942219734192,0.6274716059366862,0.16854643740505243
2026-02-23 22:07:01.385451,30.58,3,"[0.9263797998428345, 0.7887950539588928, 0.3979438841342926]",0.9263797998428345,0.3979438841342926,0.70437291264534,0.27414677220542905
2026-02-23 22:07:01.436778,30.15,4,"[0.9263697862625122, 0.7919943928718567, 0.41410401463508606, 0.2515178620815277]",0.9263697862625122,0.2515178620815277,0.5959965139627457,0.3158649977973133
2026-02-23 22:07:01.479646,30.36,3,"[0.7846792340278625, 0.7190142273902893, 0.6521435976028442]",0.7846792340278625,0.6521435976028442,0.7186123530069987,0.06626873212844138
2026-02-23 22:07:01.526742,30.29,4,"[0.8302669525146484, 0.7727588415145874, 0.6425413489341736, 0.3886699080467224]",0.8302669525146484,0.3886699080467224,0.658559262752533,0.19631769478703373
2026-02-23 22:07:01.563090,29.82,5,"[0.8317686319351196, 0.7977373600006104, 0.631217896938324, 0.35329923033714294, 0.2681235671043396]",0.8317686319351196,0.2681235671043396,0.5764293372631073,0.25593782210375426
2026-02-23 22:07:01.598009,30.13,6,"[0.8277994990348816, 0.7817949056625366, 0.7569752931594849, 0.29995599389076233, 0.26493796706199646, 0.2630290687084198]",0.8277994990348816,0.2630290687084198,0.532415454586347,0.2821416656679484
2026-02-23 22:07:01.638043,30.41,6,"[0.8305873274803162, 0.7856482863426208, 0.7546427845954895, 0.31387102603912354, 0.26274630427360535, 0.26093071699142456]",0.8305873274803162,0.26093071699142456,0.5347377409537634,0.2816284934483617
2026-02-23 22:07:01.674081,31.19,7,"[0.8129923343658447, 0.7817754149436951, 0.7794633507728577, 0.4359859228134155, 0.328134685754776, 0.3023083806037903, 0.2584332525730133]",0.8129923343658447,0.2584332525730133,0.5284419059753418,0.25194930519045006
2026-02-23 22:07:01.714657,30.29,7,"[0.8113105297088623, 0.782119631767273, 0.7760834693908691, 0.426474392414093, 0.3256453573703766, 0.30781134963035583, 0.254645973443985]",0.8113105297088623,0.254645973443985,0.5262986719608307,0.2519348810156522
2026-02-23 22:07:01.752008,28.56,8,"[0.8198111057281494, 0.7151419520378113, 0.7125822901725769, 0.5859091281890869, 0.3839389979839325, 0.27744314074516296, 0.27575600147247314, 0.2535284161567688]",0.8198111057281494,0.2535284161567688,0.5030138790607452,0.23148571935192308
2026-02-23 22:07:01.791158,25.0,6,"[0.8239152431488037, 0.7709186673164368, 0.7380041480064392, 0.5836001634597778, 0.4030621647834778, 0.38944947719573975]",0.8239152431488037,0.38944947719573975,0.6181583106517792,0.1896328107557878
2026-02-23 22:07:01.817584,26.71,6,"[0.8267748951911926, 0.7655854821205139, 0.7341974973678589, 0.5647650361061096, 0.4121280610561371, 0.3829825520515442]",0.8267748951911926,0.3829825520515442,0.6144055873155594,0.18933736474325913
2026-02-23 22:07:01.862331,26.67,6,"[0.8630058765411377, 0.8191524147987366, 0.7390921115875244, 0.4343433976173401, 0.42554134130477905, 0.29517653584480286]",0.8630058765411377,0.29517653584480286,0.5960519462823868,0.23968656305704752
2026-02-23 22:07:01.901330,27.1,6,"[0.8638919591903687, 0.8148114681243896, 0.7376514077186584, 0.4374648928642273, 0.43168410658836365, 0.28973954916000366]",0.8638919591903687,0.28973954916000366,0.5958738972743353,0.2390138669825795
2026-02-23 22:07:01.923621,28.74,5,"[0.8297207355499268, 0.8066540360450745, 0.7373961210250854, 0.31427615880966187, 0.2830132842063904]",0.8297207355499268,0.2830132842063904,0.5942120671272277,0.27217016350416695
2026-02-23 22:07:01.957396,28.85,5,"[0.7905906438827515, 0.7779402136802673, 0.7678651213645935, 0.5665502548217773, 0.25951433181762695]",0.7905906438827515,0.25951433181762695,0.6324921131134034,0.22800049384167176
2026-02-23 22:07:01.985377,29.88,5,"[0.788874626159668, 0.7768227458000183, 0.7693326473236084, 0.5350728034973145, 0.2622576057910919]",0.788874626159668,0.2622576057910919,0.6264720857143402,0.22934420767165709
2026-02-23 22:07:02.036423,29.12,8,"[0.820398211479187, 0.7694091796875, 0.7591474056243896, 0.4331373870372772, 0.31773772835731506, 0.29676052927970886, 0.261860728263855, 0.2537716031074524]",0.820398211479187,0.2537716031074524,0.48902784660458565,0.2500759187510464
2026-02-23 22:07:02.073825,29.31,7,"[0.8188727498054504, 0.7718766927719116, 0.7583605051040649, 0.44820478558540344, 0.30947983264923096, 0.29436787962913513, 0.262643963098526]",0.8188727498054504,0.262643963098526,0.5234009155205318,0.25037200086195965
2026-02-23 22:07:02.106093,29.72,5,"[0.7888835072517395, 0.7603145241737366, 0.7156231999397278, 0.6118871569633484, 0.3637625575065613]",0.7888835072517395,0.3637625575065613,0.6480941891670227,0.17257652571788043
2026-02-23 22:07:02.124776,32.38,5,"[0.7832484841346741, 0.7638624310493469, 0.7215543389320374, 0.6224151849746704, 0.3682175278663635]",0.7832484841346741,0.3682175278663635,0.6518595933914184,0.17028272690768936
2026-02-23 22:07:02.141312,34.77,7,"[0.8083566427230835, 0.802567183971405, 0.745922327041626, 0.37073320150375366, 0.3567044138908386, 0.33727705478668213, 0.27424561977386475]",0.8083566427230835,0.27424561977386475,0.5279723490987506,0.24369334279948007
2026-02-23 22:07:02.175439,35.46,6,"[0.8351306319236755, 0.8167382478713989, 0.7639968991279602, 0.5484486818313599, 0.44832438230514526, 0.3533042073249817]",0.8351306319236755,0.3533042073249817,0.6276571750640869,0.2054698005154138
2026-02-23 22:07:02.197732,37.32,5,"[0.8210610747337341, 0.811134934425354, 0.7589749693870544, 0.4920339584350586, 0.4195002615451813]",0.8210610747337341,0.4195002615451813,0.6605410397052764,0.19015108102462125
2026-02-23 22:07:02.229867,36.12,7,"[0.7688113451004028, 0.7676111459732056, 0.7289411425590515, 0.4064261317253113, 0.40032345056533813, 0.3527091443538666, 0.3249410390853882]",0.7688113451004028,0.3249410390853882,0.5356804856232235,0.20752885396350063
2026-02-23 22:07:02.264842,36.01,7,"[0.771000862121582, 0.755179226398468, 0.7325512766838074, 0.3944198489189148, 0.3743675649166107, 0.33502888679504395, 0.3300931751728058]",0.771000862121582,0.3300931751728058,0.5275201201438904,0.21226986613597912
2026-02-23 22:07:02.298680,35.37,7,"[0.8173349499702454, 0.7460000514984131, 0.7409322261810303, 0.5620584487915039, 0.4260874092578888, 0.39080342650413513, 0.3596845269203186]",0.8173349499702454,0.3596845269203186,0.5775572913033622,0.19065087864454242
2026-02-23 22:07:02.323460,37.43,7,"[0.8147838711738586, 0.7482951879501343, 0.7413376569747925, 0.5587130784988403, 0.42807039618492126, 0.3979198932647705, 0.3179852366447449]",0.8147838711738586,0.3179852366447449,0.5724436172417232,0.19766028204690364
2026-02-23 22:07:02.346613,39.09,7,"[0.852753758430481, 0.7708278298377991, 0.7583156228065491, 0.4828096330165863, 0.45907923579216003, 0.39254146814346313, 0.2566744089126587]",0.852753758430481,0.2566744089126587,0.5675717081342425,0.22556338182179417
2026-02-23 22:07:02.391788,38.21,7,"[0.7824219465255737, 0.7810826897621155, 0.7538540363311768, 0.4759663939476013, 0.46415337920188904, 0.41296011209487915, 0.31168705224990845]",0.7824219465255737,0.31168705224990845,0.5688750871590206,0.1978658491360925
2026-02-23 22:07:02.410798,38.16,8,"[0.789458692073822, 0.7817584872245789, 0.756373941898346, 0.46362853050231934, 0.46189677715301514, 0.3420901596546173, 0.32634374499320984, 0.2600887417793274]",0.789458692073822,0.2600887417793274,0.5227048844099045,0.22045467535553226
2026-02-23 22:07:02.447645,34.8,9,"[0.846500813961029, 0.7803265452384949, 0.7776961922645569, 0.628920316696167, 0.4783065915107727, 0.4769565165042877, 0.285288542509079, 0.2769473195075989, 0.26457226276397705]",0.846500813961029,0.26457226276397705,0.5350572334395515,0.2328093792581859
2026-02-23 22:07:02.486611,34.43,9,"[0.8475397825241089, 0.7792086601257324, 0.7731088399887085, 0.6406986713409424, 0.492526113986969, 0.4772786796092987, 0.2907959520816803, 0.2763923108577728, 0.2734680771827698]",0.8475397825241089,0.2734680771827698,0.5390018986331092,0.2305133292748361
2026-02-23 22:07:02.519130,33.09,8,"[0.866462230682373, 0.8284926414489746, 0.7310401797294617, 0.653396487236023, 0.5152512192726135, 0.44422048330307007, 0.41915586590766907, 0.32943195104599]",0.866462230682373,0.32943195104599,0.5984313823282719,0.2002053660781934
2026-02-23 22:07:02.567019,32.02,8,"[0.8489376306533813, 0.8348668217658997, 0.7169046401977539, 0.5382646322250366, 0.4671420454978943, 0.4552000164985657, 0.3783005177974701, 0.36495569348335266]",0.8489376306533813,0.36495569348335266,0.5755714997649193,0.19743029988804675
2026-02-23 22:07:02.605220,31.8,8,"[0.8511621356010437, 0.8318373560905457, 0.6844446659088135, 0.4837058186531067, 0.4687511920928955, 0.4659942090511322, 0.3890318274497986, 0.3455304205417633]",0.8511621356010437,0.3455304205417633,0.5650572031736374,0.19718170088149306
2026-02-23 22:07:02.648743,31.15,7,"[0.8260619044303894, 0.7793136239051819, 0.6742457151412964, 0.6261723637580872, 0.5305516719818115, 0.4423711597919464, 0.3214743435382843]",0.8260619044303894,0.3214743435382843,0.600027254649571,0.18106225302908383
2026-02-23 22:07:02.697920,29.14,8,"[0.8277884721755981, 0.773798406124115, 0.6729916930198669, 0.5642122030258179, 0.5641716122627258, 0.43481844663619995, 0.2689552903175354, 0.26165950298309326]",0.8277884721755981,0.26165950298309326,0.546049453318119,0.21315663136404864
2026-02-23 22:07:02.743285,27.03,8,"[0.7921600937843323, 0.7603548169136047, 0.7568389773368835, 0.5405579209327698, 0.5362313389778137, 0.40975627303123474, 0.39514443278312683, 0.2787325978279114]",0.7921600937843323,0.2787325978279114,0.5587220564484596,0.19367782911446307
2026-02-23 22:07:02.790224,26.94,8,"[0.7931428551673889, 0.7581503987312317, 0.7515032291412354, 0.542064905166626, 0.534201979637146, 0.4004047214984894, 0.3903965950012207, 0.27638450264930725]",0.7931428551673889,0.27638450264930725,0.5557811483740807,0.19486669152382696
2026-02-23 22:07:02.824262,24.68,8,"[0.7562582492828369, 0.7525253295898438, 0.7085655927658081, 0.6460010409355164, 0.6187138557434082, 0.4389200210571289, 0.4073069095611572, 0.35354915261268616]",0.7562582492828369,0.35354915261268616,0.5852300189435482,0.16213028134617297
2026-02-23 22:07:02.862755,24.55,7,"[0.8208755850791931, 0.7983928322792053, 0.7870669960975647, 0.6349731087684631, 0.46666043996810913, 0.3646290600299835, 0.3225780725479126]",0.8208755850791931,0.3225780725479126,0.5993108706814902,0.2138930568213599
2026-02-23 22:07:02.884424,26.72,6,"[0.8233240842819214, 0.797514021396637, 0.7843538522720337, 0.6660985350608826, 0.5281177163124084, 0.383823961019516]",0.8233240842819214,0.383823961019516,0.6638720283905665,0.17587616150373908
2026-02-23 22:07:02.923371,26.15,6,"[0.833620011806488, 0.8157146573066711, 0.8138660788536072, 0.6776100397109985, 0.626809298992157, 0.34157004952430725]",0.833620011806488,0.34157004952430725,0.6848650226990382,0.1882368118039766
2026-02-23 22:07:02.957002,27.04,6,"[0.8329134583473206, 0.8161872625350952, 0.8148046135902405, 0.6826425790786743, 0.6170387864112854, 0.33933931589126587]",0.8329134583473206,0.33933931589126587,0.6838210026423136,0.18975509428565066
2026-02-23 22:07:02.991332,27.34,7,"[0.8197062611579895, 0.7799788117408752, 0.7571277022361755, 0.655414879322052, 0.5701644420623779, 0.3898718059062958, 0.2521054148674011]",0.8197062611579895,0.2521054148674011,0.6034813310418811,0.21385858283077686
2026-02-23 22:07:03.042986,26.99,7,"[0.8191664218902588, 0.7781187295913696, 0.6873288154602051, 0.6450441479682922, 0.6304998993873596, 0.41356226801872253, 0.2798749804496765]",0.8191664218902588,0.2798749804496765,0.607656466109412,0.1945826513290085
2026-02-23 22:07:03.099324,26.73,7,"[0.824249267578125, 0.7802263498306274, 0.7416930198669434, 0.6670776009559631, 0.612504780292511, 0.3989487588405609, 0.2826925218105316]",0.824249267578125,0.2826925218105316,0.6153417570250375,0.20287927767853575
2026-02-23 22:07:03.133311,27.44,7,"[0.8133416175842285, 0.7755719423294067, 0.7573160529136658, 0.6562250852584839, 0.6009947657585144, 0.4030461013317108, 0.29238829016685486]",0.8133416175842285,0.29238829016685486,0.6141262650489807,0.19843961536607743
2026-02-23 22:07:03.154945,29.94,7,"[0.8137352466583252, 0.7758642435073853, 0.7579763531684875, 0.6677930355072021, 0.598426103591919, 0.405579537153244, 0.2997893989086151]",0.8137352466583252,0.2997893989086151,0.6170234169278827,0.19666512701205768
2026-02-23 22:07:03.195768,29.49,8,"[0.8128967881202698, 0.8033125996589661, 0.746075451374054, 0.745161235332489, 0.6226003170013428, 0.4174628257751465, 0.2627241313457489, 0.2503255009651184]",0.8128967881202698,0.2503255009651184,0.5825698561966419,0.2379970765605826
2026-02-23 22:07:03.224349,30.37,7,"[0.8158905506134033, 0.8019201755523682, 0.74636310338974, 0.7420893311500549, 0.6349229216575623, 0.4175495505332947, 0.2637791931629181]",0.8158905506134033,0.2637791931629181,0.6317878322941917,0.2119241087213137
2026-02-23 22:07:03.248958,29.69,8,"[0.8066520690917969, 0.7405479550361633, 0.7203054428100586, 0.5687887072563171, 0.46907252073287964, 0.38114532828330994, 0.36209598183631897, 0.2625874876976013]",0.8066520690917969,0.2625874876976013,0.5388994365930557,0.201254996877153
2026-02-23 22:07:03.287668,29.75,8,"[0.8171053528785706, 0.8005560636520386, 0.7996848821640015, 0.575096607208252, 0.48979824781417847, 0.4842672049999237, 0.4203495383262634, 0.2735713720321655]",0.8171053528785706,0.2735713720321655,0.5825536586344242,0.20346468454433186
2026-02-23 22:07:03.323243,29.58,9,"[0.8188297748565674, 0.801844596862793, 0.7929120063781738, 0.5784870386123657, 0.5085736513137817, 0.4253287613391876, 0.4176553189754486, 0.2998120188713074, 0.2815471887588501]",0.8188297748565674,0.2815471887588501,0.5472211506631639,0.21356454453863807
2026-02-23 22:07:03.379620,28.44,8,"[0.8583256602287292, 0.850019097328186, 0.7888154983520508, 0.5992096662521362, 0.4000437259674072, 0.3742487132549286, 0.3619459867477417, 0.3145748972892761]",0.8583256602287292,0.3145748972892761,0.568397905677557,0.234821339793605
2026-02-23 22:07:03.429171,28.54,8,"[0.8606324791908264, 0.8520117998123169, 0.7900968194007874, 0.5828458666801453, 0.4111018776893616, 0.37797197699546814, 0.3624923825263977, 0.33162981271743774]",0.8606324791908264,0.33162981271743774,0.5710978768765926,0.23133124336993985
2026-02-23 22:07:03.460598,29.92,7,"[0.8441274166107178, 0.8220178484916687, 0.7814372181892395, 0.5906007289886475, 0.42067721486091614, 0.38111022114753723, 0.27703210711479187]",0.8441274166107178,0.27703210711479187,0.5881432507719312,0.23284168795725965
2026-02-23 22:07:03.517682,28.75,8,"[0.8142725229263306, 0.7958531975746155, 0.7625735998153687, 0.4861449599266052, 0.4267575740814209, 0.33520376682281494, 0.33343642950057983, 0.2751905918121338]",0.8142725229263306,0.2751905918121338,0.5286790803074837,0.22667100700288043
2026-02-23 22:07:03.543401,27.95,10,"[0.8122827410697937, 0.7994127869606018, 0.760371744632721, 0.48683613538742065, 0.4074263870716095, 0.34935346245765686, 0.34089067578315735, 0.2853974401950836, 0.2638814151287079, 0.2586354613304138]",0.8122827410697937,0.2586354613304138,0.4764488250017166,0.2276038949878311
2026-02-23 22:07:03.595502,27.42,10,"[0.8124830722808838, 0.7976842522621155, 0.7589547038078308, 0.4844076931476593, 0.4073101580142975, 0.35068845748901367, 0.3388039767742157, 0.28632065653800964, 0.2656305432319641, 0.2632657587528229]",0.8124830722808838,0.2632657587528229,0.4765549272298813,0.2264621713068929
2026-02-23 22:07:03.635486,26.45,2,"[0.3329031467437744, 0.29156142473220825]",0.3329031467437744,0.29156142473220825,0.31223228573799133,0.02923301198030759
2026-02-23 22:07:03.668804,25.38,2,"[0.549896776676178, 0.5102646350860596]",0.549896776676178,0.5102646350860596,0.5300807058811188,0.028024156071318126
2026-02-23 22:07:03.694664,26.6,2,"[0.5458595752716064, 0.475406676530838]",0.5458595752716064,0.475406676530838,0.5106331259012222,0.04981772245384653
2026-02-23 22:07:03.709737,30.43,3,"[0.7329680919647217, 0.3830260634422302, 0.3819091022014618]",0.7329680919647217,0.3819091022014618,0.49930108586947125,0.2023623339550661
2026-02-23 22:07:03.731091,33.4,3,"[0.7440060377120972, 0.41585487127304077, 0.3684822618961334]",0.7440060377120972,0.3684822618961334,0.5094477236270905,0.2045097627488594
2026-02-23 22:07:03.772532,33.77,2,"[0.45469608902931213, 0.3354005813598633]",0.45469608902931213,0.3354005813598633,0.3950483351945877,0.08435466243815908
2026-02-23 22:07:03.820659,32.7,2,"[0.4790019690990448, 0.36223676800727844]",0.4790019690990448,0.36223676800727844,0.4206193685531616,0.08256546549859885
2026-02-23 22:07:03.844922,35.03,3,"[0.6078195571899414, 0.45489779114723206, 0.2666402757167816]",0.6078195571899414,0.2666402757167816,0.44311920801798504,0.17089434394395514
2026-02-23 22:07:03.866235,35.86,3,"[0.6054847240447998, 0.4513082802295685, 0.33011576533317566]",0.6054847240447998,0.33011576533317566,0.46230292320251465,0.13801332358166712
2026-02-23 22:07:03.880904,40.83,2,"[0.7365695834159851, 0.6872267127037048]",0.7365695834159851,0.6872267127037048,0.711898148059845,0.03489067848386447
2026-02-23 22:07:03.925164,40.59,2,"[0.7480664849281311, 0.6952794790267944]",0.7480664849281311,0.6952794790267944,0.7216729819774628,0.03732604983136946
2026-02-23 22:07:03.942700,43.26,2,"[0.6421049237251282, 0.5707005262374878]",0.6421049237251282,0.5707005262374878,0.606402724981308,0.05049053367005019
2026-02-23 22:07:03.958035,46.03,2,"[0.6299798488616943, 0.5467419624328613]",0.6299798488616943,0.5467419624328613,0.5883609056472778,0.05885807394546352
2026-02-23 22:07:03.998185,41.87,2,"[0.43721917271614075, 0.40855714678764343]",0.43721917271614075,0.40855714678764343,0.4228881597518921,0.0202671128965851
2026-02-23 22:07:04.020497,41.61,2,"[0.4315626621246338, 0.41793110966682434]",0.4315626621246338,0.41793110966682434,0.42474688589572906,0.00963896318101721
2026-02-23 22:07:04.036478,45.51,3,"[0.6245250105857849, 0.47157397866249084, 0.30459994077682495]",0.6245250105857849,0.30459994077682495,0.46689964334170025,0.1600137482564713
2026-02-23 22:07:04.083399,45.55,3,"[0.6292127966880798, 0.48094168305397034, 0.29051515460014343]",0.6292127966880798,0.29051515460014343,0.4668898781140645,0.16978549144592373
2026-02-23 22:07:04.123637,43.95,3,"[0.7402561902999878, 0.3171252906322479, 0.26465392112731934]",0.7402561902999878,0.26465392112731934,0.440678467353185,0.2607650670985747
2026-02-23 22:07:04.153697,42.61,3,"[0.7378396391868591, 0.31231367588043213, 0.26992884278297424]",0.7378396391868591,0.26992884278297424,0.4400273859500885,0.2587821905631194
2026-02-23 22:07:04.179071,39.64,2,"[0.6972448825836182, 0.2718174159526825]",0.6972448825836182,0.2718174159526825,0.48453114926815033,0.30082264655774826
2026-02-23 22:07:04.226181,39.51,1,[0.6939207911491394],0.6939207911491394,0.6939207911491394,0.6939207911491394,
2026-02-23 22:07:04.272400,36.01,1,[0.667014479637146],0.667014479637146,0.667014479637146,0.667014479637146,
2026-02-23 22:07:04.311237,32.0,1,[0.6620749831199646],0.6620749831199646,0.6620749831199646,0.6620749831199646,
2026-02-23 22:07:04.338123,33.22,1,[0.45148852467536926],0.45148852467536926,0.45148852467536926,0.45148852467536926,
2026-02-23 22:07:04.367036,32.21,1,[0.45279157161712646],0.45279157161712646,0.45279157161712646,0.45279157161712646,
2026-02-23 22:07:04.386753,31.01,0,[],0.0,0.0,0.0,0.0
2026-02-23 22:07:04.429366,31.22,0,[],0.0,0.0,0.0,0.0
2026-02-23 22:07:04.456083,32.49,0,[],0.0,0.0,0.0,0.0
2026-02-23 22:07:04.497775,31.57,0,[],0.0,0.0,0.0,0.0
2026-02-23 22:07:04.545223,29.75,0,[],0.0,0.0,0.0,0.0
2026-02-23 22:07:04.579640,30.5,0,[],0.0,0.0,0.0,0.0
2026-02-23 22:07:04.619429,30.87,0,[],0.0,0.0,0.0,0.0
2026-02-23 22:07:04.676408,30.05,0,[],0.0,0.0,0.0,0.0
2026-02-23 22:07:04.703710,30.02,0,[],0.0,0.0,0.0,0.0
2026-02-23 22:07:04.746369,28.89,0,[],0.0,0.0,0.0,0.0
2026-02-23 22:07:04.761762,30.3,0,[],0.0,0.0,0.0,0.0
2026-02-23 22:07:04.778534,33.9,0,[],0.0,0.0,0.0,0.0
2026-02-23 22:07:04.796727,35.65,0,[],0.0,0.0,0.0,0.0
2026-02-23 22:07:04.828785,36.38,0,[],0.0,0.0,0.0,0.0
2026-02-23 22:07:04.875429,36.41,0,[],0.0,0.0,0.0,0.0
2026-02-23 22:07:04.942581,35.02,0,[],0.0,0.0,0.0,0.0
2026-02-23 22:07:04.989463,34.63,1,[0.3976418673992157],0.3976418673992157,0.3976418673992157,0.3976418673992157,
2026-02-23 22:07:05.029088,35.39,1,[0.39215654134750366],0.39215654134750366,0.39215654134750366,0.39215654134750366,
2026-02-23 22:07:05.048005,36.98,2,"[0.3165351152420044, 0.27002713084220886]",0.3165351152420044,0.27002713084220886,0.29328112304210663,0.03288611114841358
2026-02-23 22:07:05.088896,37.13,2,"[0.3275470733642578, 0.28005877137184143]",0.3275470733642578,0.28005877137184143,0.3038029223680496,0.03357930036587226
2026-02-23 22:07:05.112762,34.71,0,[],0.0,0.0,0.0,0.0
2026-02-23 22:07:05.159826,30.89,0,[],0.0,0.0,0.0,0.0
2026-02-23 22:07:05.185562,29.32,1,[0.4069567620754242],0.4069567620754242,0.4069567620754242,0.4069567620754242,
2026-02-23 22:07:05.210666,30.09,1,[0.3952174186706543],0.3952174186706543,0.3952174186706543,0.3952174186706543,
2026-02-23 22:07:05.243573,31.02,1,[0.4004622995853424],0.4004622995853424,0.4004622995853424,0.4004622995853424,
2026-02-23 22:07:05.278957,32.33,1,[0.41067883372306824],0.41067883372306824,0.41067883372306824,0.41067883372306824,
2026-02-23 22:07:05.313851,33.05,1,[0.4714079797267914],0.4714079797267914,0.4714079797267914,0.4714079797267914,
2026-02-23 22:07:05.353415,33.09,1,[0.4794839322566986],0.4794839322566986,0.4794839322566986,0.4794839322566986,
2026-02-23 22:07:05.382882,31.26,1,[0.4893013536930084],0.4893013536930084,0.4893013536930084,0.4893013536930084,
2026-02-23 22:07:05.431049,30.84,1,[0.5046789646148682],0.5046789646148682,0.5046789646148682,0.5046789646148682,
2026-02-23 22:07:05.479156,28.82,1,[0.5796617269515991],0.5796617269515991,0.5796617269515991,0.5796617269515991,
2026-02-23 22:07:05.506888,30.29,2,"[0.582232654094696, 0.26629579067230225]",0.582232654094696,0.26629579067230225,0.42426422238349915,0.22340109855278276
2026-02-23 22:07:05.541118,29.29,1,[0.2964617609977722],0.2964617609977722,0.2964617609977722,0.2964617609977722,
2026-02-23 22:07:05.584725,27.68,1,[0.29128119349479675],0.29128119349479675,0.29128119349479675,0.29128119349479675,
2026-02-23 22:07:05.616876,27.73,2,"[0.6014342308044434, 0.25511634349823]",0.6014342308044434,0.25511634349823,0.42827528715133667,0.24488372656042204
2026-02-23 22:07:05.663111,27.09,2,"[0.5939253568649292, 0.278618723154068]",0.5939253568649292,0.278618723154068,0.4362720400094986,0.22295545885005283
2026-02-23 22:07:05.710273,26.35,2,"[0.8227858543395996, 0.42949655652046204]",0.8227858543395996,0.42949655652046204,0.6261412054300308,0.27809752945600785
2026-02-23 22:07:05.735421,27.74,2,"[0.8318939208984375, 0.4575597643852234]",0.8318939208984375,0.4575597643852234,0.6447268426418304,0.2646942205002401
2026-02-23 22:07:05.769959,27.21,3,"[0.554567277431488, 0.36478614807128906, 0.36324983835220337]",0.554567277431488,0.36324983835220337,0.42753442128499347,0.1100163622714377
2026-02-23 22:07:05.798829,28.6,3,"[0.5639069080352783, 0.36535704135894775, 0.36151620745658875]",0.5639069080352783,0.36151620745658875,0.4302600522836049,0.11575750317149132
2026-02-23 22:07:05.827819,29.99,3,"[0.5486628413200378, 0.3050827383995056, 0.2946808636188507]",0.5486628413200378,0.2946808636188507,0.3828088144461314,0.14372793194941605
2026-02-23 22:07:05.866627,28.96,3,"[0.5275917649269104, 0.29964786767959595, 0.2813207507133484]",0.5275917649269104,0.2813207507133484,0.3695201277732849,0.13720041056204682
2026-02-23 22:07:05.889733,30.39,3,"[0.6101797223091125, 0.3234381079673767, 0.26141634583473206]",0.6101797223091125,0.26141634583473206,0.3983447253704071,0.18605704552777785
2026-02-23 22:07:05.917287,31.68,3,"[0.6083152890205383, 0.3297557234764099, 0.2552560865879059]",0.6083152890205383,0.2552560865879059,0.39777569969495136,0.18609873180430286
2026-02-23 22:07:05.955340,31.22,2,"[0.6779810190200806, 0.4518882632255554]",0.6779810190200806,0.4518882632255554,0.564934641122818,0.15987172079946282
2026-02-23 22:07:05.986155,32.32,2,"[0.6676491498947144, 0.4577086567878723]",0.6676491498947144,0.4577086567878723,0.5626789033412933,0.14845034632149565
2026-02-23 22:07:06.021532,33.01,2,"[0.3965548574924469, 0.29567965865135193]",0.3965548574924469,0.29567965865135193,0.3461172580718994,0.07132953715407961
2026-02-23 22:07:06.044269,33.5,2,"[0.37175697088241577, 0.2996641993522644]",0.37175697088241577,0.2996641993522644,0.3357105851173401,0.0509772876235025
2026-02-23 22:07:06.066512,35.02,3,"[0.5777517557144165, 0.3167879283428192, 0.31045404076576233]",0.5777517557144165,0.31045404076576233,0.40166457494099933,0.1525288528689155
2026-02-23 22:07:06.092247,35.51,3,"[0.5841513872146606, 0.3196384012699127, 0.3041561245918274]",0.5841513872146606,0.3041561245918274,0.4026486376921336,0.1573764953414648
2026-02-23 22:07:06.136210,34.34,3,"[0.4755249321460724, 0.28079718351364136, 0.2659182548522949]",0.4755249321460724,0.2659182548522949,0.34074679017066956,0.11695813907242086
2026-02-23 22:07:06.165124,35.19,3,"[0.48706886172294617, 0.2730695903301239, 0.2512829303741455]",0.48706886172294617,0.2512829303741455,0.33714046080907184,0.13029796118302436
2026-02-23 22:07:06.209810,33.08,3,"[0.4169848561286926, 0.40675345063209534, 0.29508665204048157]",0.4169848561286926,0.29508665204048157,0.37294165293375653,0.0676182023398865
2026-02-23 22:07:06.262795,31.38,3,"[0.40072473883628845, 0.3907693326473236, 0.27808311581611633]",0.40072473883628845,0.27808311581611633,0.3565257290999095,0.06811541831472415
2026-02-23 22:07:06.284874,33.14,3,"[0.36708635091781616, 0.29296615719795227, 0.2670656740665436]",0.36708635091781616,0.2670656740665436,0.3090393940607707,0.0519114212566259
2026-02-23 22:07:06.318759,32.84,3,"[0.3592738211154938, 0.2866329252719879, 0.264934241771698]",0.3592738211154938,0.264934241771698,0.30361366271972656,0.04940898846255466
2026-02-23 22:07:06.349437,33.32,2,"[0.42682093381881714, 0.39419522881507874]",0.42682093381881714,0.39419522881507874,0.41050808131694794,0.0230698572491353
2026-02-23 22:07:06.379590,32.2,2,"[0.4158150255680084, 0.38093751668930054]",0.4158150255680084,0.38093751668930054,0.3983762711286545,0.024662123039028365
2026-02-23 22:07:06.418320,30.37,3,"[0.46637657284736633, 0.3231718838214874, 0.28172045946121216]",0.46637657284736633,0.28172045946121216,0.357089638710022,0.09688797977679733
2026-02-23 22:07:06.452560,29.31,3,"[0.4750777781009674, 0.326649934053421, 0.28004416823387146]",0.4750777781009674,0.28004416823387146,0.3605906267960866,0.10185040604895333
2026-02-23 22:07:06.494062,29.42,1,[0.6558407545089722],0.6558407545089722,0.6558407545089722,0.6558407545089722,
2026-02-23 22:07:06.516017,30.56,1,[0.6580055952072144],0.6580055952072144,0.6580055952072144,0.6580055952072144,
2026-02-23 22:07:06.551829,31.12,2,"[0.5246787071228027, 0.2526482045650482]",0.5246787071228027,0.2526482045650482,0.3886634558439255,0.19235461304817267
2026-02-23 22:07:06.582013,32.52,1,[0.5095134377479553],0.5095134377479553,0.5095134377479553,0.5095134377479553,
2026-02-23 22:07:06.613180,31.33,2,"[0.5440094470977783, 0.2737771272659302]",0.5440094470977783,0.2737771272659302,0.40889328718185425,0.19108310584887178
2026-02-23 22:07:06.641024,31.94,1,[0.5087574124336243],0.5087574124336243,0.5087574124336243,0.5087574124336243,
2026-02-23 22:07:06.689291,30.74,2,"[0.30427640676498413, 0.26239013671875]",0.30427640676498413,0.26239013671875,0.28333327174186707,0.029618065588303117
2026-02-23 22:07:06.724193,30.28,2,"[0.29065200686454773, 0.2622590959072113]",0.29065200686454773,0.2622590959072113,0.2764555513858795,0.020076819875558417
2026-02-23 22:07:06.750482,31.43,0,[],0.0,0.0,0.0,0.0
2026-02-23 22:07:06.789199,31.13,0,[],0.0,0.0,0.0,0.0
2026-02-23 22:07:06.815910,32.48,1,[0.26091712713241577],0.26091712713241577,0.26091712713241577,0.26091712713241577,
2026-02-23 22:07:06.842314,31.68,1,[0.275773823261261],0.275773823261261,0.275773823261261,0.275773823261261,
2026-02-23 22:07:06.872308,32.2,0,[],0.0,0.0,0.0,0.0
2026-02-23 22:07:06.915844,31.22,1,[0.2575421631336212],0.2575421631336212,0.2575421631336212,0.2575421631336212,
2026-02-23 22:07:06.945173,31.41,1,[0.3607223331928253],0.3607223331928253,0.3607223331928253,0.3607223331928253,
2026-02-23 22:07:06.975813,31.08,1,[0.3842550814151764],0.3842550814151764,0.3842550814151764,0.3842550814151764,
2026-02-23 22:07:07.001977,32.85,0,[],0.0,0.0,0.0,0.0
2026-02-23 22:07:07.045888,32.27,0,[],0.0,0.0,0.0,0.0
2026-02-23 22:07:07.088133,30.89,1,[0.328458309173584],0.328458309173584,0.328458309173584,0.328458309173584,
2026-02-23 22:07:07.125875,30.96,1,[0.3402899205684662],0.3402899205684662,0.3402899205684662,0.3402899205684662,
2026-02-23 22:07:07.161829,30.0,0,[],0.0,0.0,0.0,0.0
2026-02-23 22:07:07.190187,29.75,0,[],0.0,0.0,0.0,0.0
2026-02-23 22:07:07.216404,30.22,0,[],0.0,0.0,0.0,0.0
2026-02-23 22:07:07.246956,31.18,0,[],0.0,0.0,0.0,0.0
2026-02-23 22:07:07.277956,30.99,0,[],0.0,0.0,0.0,0.0
2026-02-23 22:07:07.309013,30.96,0,[],0.0,0.0,0.0,0.0
2026-02-23 22:07:07.345667,29.84,0,[],0.0,0.0,0.0,0.0
2026-02-23 22:07:07.374982,30.98,0,[],0.0,0.0,0.0,0.0
2026-02-23 22:07:07.410188,31.44,0,[],0.0,0.0,0.0,0.0
2026-02-23 22:07:07.432794,33.21,0,[],0.0,0.0,0.0,0.0
2026-02-23 22:07:07.463881,33.65,0,[],0.0,0.0,0.0,0.0
2026-02-23 22:07:07.498015,33.06,0,[],0.0,0.0,0.0,0.0
2026-02-23 22:07:07.536992,31.84,0,[],0.0,0.0,0.0,0.0
2026-02-23 22:07:07.575079,31.19,0,[],0.0,0.0,0.0,0.0
2026-02-23 22:07:07.621902,30.12,1,[0.38680776953697205],0.38680776953697205,0.38680776953697205,0.38680776953697205,
2026-02-23 22:07:07.658822,29.59,1,[0.3208352029323578],0.3208352029323578,0.3208352029323578,0.3208352029323578,
2026-02-23 22:07:07.701635,29.24,2,"[0.5449435114860535, 0.3728213310241699]",0.5449435114860535,0.3728213310241699,0.4588824212551117,0.12170876099721253
2026-02-23 22:07:07.740480,28.36,2,"[0.5468513369560242, 0.3555079400539398]",0.5468513369560242,0.3555079400539398,0.451179638504982,0.13530021348473287
2026-02-23 22:07:07.770005,28.92,4,"[0.33149391412734985, 0.29833343625068665, 0.2619958519935608, 0.25750645995140076]",0.33149391412734985,0.25750645995140076,0.2873324155807495,0.034654434508315124
2026-02-23 22:07:07.796664,28.26,3,"[0.34834039211273193, 0.2825036346912384, 0.26903480291366577]",0.34834039211273193,0.26903480291366577,0.2999596099058787,0.04243674613555288
2026-02-23 22:07:07.837142,27.49,1,[0.2687504291534424],0.2687504291534424,0.2687504291534424,0.2687504291534424,
2026-02-23 22:07:07.873046,27.34,0,[],0.0,0.0,0.0,0.0
2026-02-23 22:07:07.906566,27.75,1,[0.4090675711631775],0.4090675711631775,0.4090675711631775,0.4090675711631775,
2026-02-23 22:07:07.945977,27.67,1,[0.40995311737060547],0.40995311737060547,0.40995311737060547,0.40995311737060547,
2026-02-23 22:07:07.969630,29.77,2,"[0.535260796546936, 0.304333359003067]",0.535260796546936,0.304333359003067,0.4197970777750015,0.1632903570493027
2026-02-23 22:07:08.021038,29.05,2,"[0.5439822673797607, 0.30642834305763245]",0.5439822673797607,0.30642834305763245,0.4252053052186966,0.16797599078565284
2026-02-23 22:07:08.057249,29.41,2,"[0.6698666214942932, 0.5325772762298584]",0.6698666214942932,0.5325772762298584,0.6012219488620758,0.09707822702114308
2026-02-23 22:07:08.111197,28.75,2,"[0.6798535585403442, 0.5495996475219727]",0.6798535585403442,0.5495996475219727,0.6147266030311584,0.0921034237571597
2026-02-23 22:07:08.152703,27.77,2,"[0.4954510033130646, 0.453904390335083]",0.4954510033130646,0.453904390335083,0.4746776968240738,0.029377891772063788
2026-02-23 22:07:08.179244,27.73,2,"[0.5298476219177246, 0.44403865933418274]",0.5298476219177246,0.44403865933418274,0.4869431406259537,0.06067609932940519
2026-02-23 22:07:08.206146,29.02,3,"[0.5010949373245239, 0.4089988172054291, 0.2580319046974182]",0.5010949373245239,0.2580319046974182,0.3893752197424571,0.1227139912174359
2026-02-23 22:07:08.236639,29.5,2,"[0.4427928626537323, 0.4394036829471588]",0.4427928626537323,0.4394036829471588,0.44109827280044556,0.0023965119531779455
2026-02-23 22:07:08.276768,29.02,3,"[0.49494868516921997, 0.3697277903556824, 0.2670021951198578]",0.49494868516921997,0.2670021951198578,0.37722622354825336,0.11415809413577989
2026-02-23 22:07:08.318403,28.86,3,"[0.4911592900753021, 0.4051133692264557, 0.30036604404449463]",0.4911592900753021,0.30036604404449463,0.39887956778208417,0.09554925898759732
2026-02-23 22:07:08.342389,28.76,3,"[0.7497990727424622, 0.540183961391449, 0.25476744771003723]",0.7497990727424622,0.25476744771003723,0.5149168272813162,0.2484811833824956
2026-02-23 22:07:08.373483,30.03,3,"[0.7648036479949951, 0.5347282886505127, 0.26283952593803406]",0.7648036479949951,0.26283952593803406,0.5207904875278473,0.2512721466522009
2026-02-23 22:07:08.407623,30.21,4,"[0.8166855573654175, 0.5312016606330872, 0.504414439201355, 0.3319399952888489]",0.8166855573654175,0.3319399952888489,0.5460604131221771,0.20086537091556256
2026-02-23 22:07:08.450298,30.73,4,"[0.8198491334915161, 0.5621565580368042, 0.4789913594722748, 0.31614944338798523]",0.8198491334915161,0.31614944338798523,0.5442866235971451,0.2102094795888824
2026-02-23 22:07:08.482330,31.37,5,"[0.7417824864387512, 0.5809192657470703, 0.44280001521110535, 0.2688887417316437, 0.26513683795928955]",0.7417824864387512,0.26513683795928955,0.45990546941757204,0.20543478177174462
2026-02-23 22:07:08.525801,29.96,5,"[0.7434300780296326, 0.5653034448623657, 0.45929425954818726, 0.2703220844268799, 0.2573554813861847]",0.7434300780296326,0.2573554813861847,0.45914106965065005,0.20521984947551594
2026-02-23 22:07:08.551396,30.08,6,"[0.7720155119895935, 0.6795222163200378, 0.5260063409805298, 0.31943145394325256, 0.3048456311225891, 0.25791695713996887]",0.7720155119895935,0.25791695713996887,0.47662301858266193,0.215829804375047
2026-02-23 22:07:08.579948,30.32,6,"[0.7650657892227173, 0.6590088605880737, 0.5257863402366638, 0.3161097466945648, 0.30574652552604675, 0.27011436223983765]",0.7650657892227173,0.27011436223983765,0.4736386040846507,0.20805601677975197
2026-02-23 22:07:08.620242,30.3,6,"[0.766025960445404, 0.6803343296051025, 0.5388014316558838, 0.33879587054252625, 0.3364563286304474, 0.3348991870880127]",0.766025960445404,0.3348991870880127,0.4992188513278961,0.19224138692147083
2026-02-23 22:07:08.645535,31.84,6,"[0.7627661824226379, 0.6682997941970825, 0.5364791750907898, 0.35094690322875977, 0.34099000692367554, 0.33639320731163025]",0.7627661824226379,0.33639320731163025,0.4993125448624293,0.18599299350709936
2026-02-23 22:07:08.674127,31.21,6,"[0.7335155010223389, 0.5796193480491638, 0.5232313275337219, 0.43842270970344543, 0.42037126421928406, 0.41861727833747864]",0.7335155010223389,0.41861727833747864,0.5189629048109055,0.12329356792206378
2026-02-23 22:07:08.711606,30.64,6,"[0.7285638451576233, 0.5687575936317444, 0.5445239543914795, 0.438368022441864, 0.4191127121448517, 0.4057692587375641]",0.7285638451576233,0.4057692587375641,0.5175158977508545,0.12355668096785916
2026-02-23 22:07:08.735552,31.87,8,"[0.6699773669242859, 0.6430561542510986, 0.5529302954673767, 0.49933111667633057, 0.48969417810440063, 0.4811367094516754, 0.34739816188812256, 0.2500833570957184]",0.6699773669242859,0.2500833570957184,0.4917009174823761,0.14031399331735614
2026-02-23 22:07:08.775882,32.01,8,"[0.6557230949401855, 0.6344810724258423, 0.5466430187225342, 0.48612022399902344, 0.4821583926677704, 0.48170801997184753, 0.3380793631076813, 0.2513704299926758]",0.6557230949401855,0.2513704299926758,0.48453545197844505,0.13704937471637402
2026-02-23 22:07:08.811209,31.78,6,"[0.6873131394386292, 0.6563783288002014, 0.46982789039611816, 0.4050702452659607, 0.3960422873497009, 0.2880937457084656]",0.6873131394386292,0.2880937457084656,0.483787606159846,0.15722393252917558
2026-02-23 22:07:08.841134,32.77,6,"[0.6605147123336792, 0.64945387840271, 0.48159679770469666, 0.40998899936676025, 0.3919942378997803, 0.3188914358615875]",0.6605147123336792,0.3188914358615875,0.48540667692820233,0.14123020846572046
2026-02-23 22:07:08.875121,31.84,6,"[0.6376053690910339, 0.6020849943161011, 0.5769010782241821, 0.4705009162425995, 0.36364203691482544, 0.3181871473789215]",0.6376053690910339,0.3181871473789215,0.4948202570279439,0.1323850327591291
2026-02-23 22:07:08.905697,31.61,6,"[0.6331580281257629, 0.6000993251800537, 0.5747823119163513, 0.49554243683815, 0.36367911100387573, 0.31432804465293884]",0.6331580281257629,0.31432804465293884,0.4969315429528554,0.1314261515893497
2026-02-23 22:07:08.936774,32.34,7,"[0.7013583779335022, 0.6260010600090027, 0.5626857876777649, 0.38963818550109863, 0.37524667382240295, 0.25732851028442383, 0.25209832191467285]",0.7013583779335022,0.25209832191467285,0.4520509881632669,0.1790460991483818
2026-02-23 22:07:08.969056,31.52,7,"[0.6921196579933167, 0.6328023076057434, 0.5632083415985107, 0.3769320547580719, 0.35384127497673035, 0.2621895372867584, 0.2511439919471741]",0.6921196579933167,0.2511439919471741,0.44746245230947224,0.17991274453909795
2026-02-23 22:07:08.999154,31.32,6,"[0.66778963804245, 0.629949152469635, 0.622866690158844, 0.48871174454689026, 0.4240277409553528, 0.3275163173675537]",0.66778963804245,0.3275163173675537,0.5268102139234543,0.13525788155876609
2026-02-23 22:07:09.032236,31.7,6,"[0.668782114982605, 0.6099753975868225, 0.6085684299468994, 0.48072749376296997, 0.43511128425598145, 0.3023526668548584]",0.668782114982605,0.3023526668548584,0.5175862312316895,0.13722965018308547
2026-02-23 22:07:09.066557,30.47,7,"[0.6960014700889587, 0.693577229976654, 0.49884721636772156, 0.46730318665504456, 0.31831854581832886, 0.2879948914051056, 0.2876189351081848]",0.6960014700889587,0.2876189351081848,0.4642373536314283,0.17844999122862665
2026-02-23 22:07:09.092659,31.71,7,"[0.6971867084503174, 0.691876232624054, 0.49580979347229004, 0.45356154441833496, 0.32092520594596863, 0.28675103187561035, 0.2766348421573639]",0.6971867084503174,0.2766348421573639,0.46039219413484844,0.1799660267173323
2026-02-23 22:07:09.126543,31.83,6,"[0.8013046979904175, 0.7000563740730286, 0.4714784622192383, 0.41589561104774475, 0.37793809175491333, 0.2581380605697632]",0.8013046979904175,0.2581380605697632,0.5041352162758509,0.20590668143809954
2026-02-23 22:07:09.152910,32.31,5,"[0.8006918430328369, 0.7022703886032104, 0.4747624397277832, 0.40337803959846497, 0.3852614760398865]",0.8006918430328369,0.3852614760398865,0.5532728374004364,0.1872675793547741
2026-02-23 22:07:09.187039,32.32,6,"[0.7426120638847351, 0.7000098824501038, 0.531277060508728, 0.39282897114753723, 0.302362322807312, 0.26540085673332214]",0.7426120638847351,0.26540085673332214,0.48908185958862305,0.20234160486009906
2026-02-23 22:07:09.216684,32.43,5,"[0.740950882434845, 0.6877233982086182, 0.6057736277580261, 0.4038616120815277, 0.2648581266403198]",0.740950882434845,0.2648581266403198,0.5406335294246674,0.2004771395828907
2026-02-23 22:07:09.250516,32.16,7,"[0.8062794208526611, 0.7258164286613464, 0.6728525161743164, 0.5283048748970032, 0.3640887141227722, 0.28632503747940063, 0.28077876567840576]",0.8062794208526611,0.28077876567840576,0.5234922511237008,0.21748674946472218
2026-02-23 22:07:09.285256,31.97,7,"[0.8078094720840454, 0.7295219898223877, 0.6733393669128418, 0.5268181562423706, 0.37267863750457764, 0.28563663363456726, 0.27961617708206177]",0.8078094720840454,0.27961617708206177,0.5250600618975503,0.21776444813056042
2026-02-23 22:07:09.315253,31.93,6,"[0.7149103283882141, 0.670317530632019, 0.6368225812911987, 0.6285165548324585, 0.41784077882766724, 0.3885442912578583]",0.7149103283882141,0.3885442912578583,0.576158677538236,0.13769755390298632
2026-02-23 22:07:09.368449,30.78,6,"[0.7100747227668762, 0.6702667474746704, 0.6379604339599609, 0.6343958973884583, 0.4156361520290375, 0.399521142244339]",0.7100747227668762,0.399521142244339,0.577975849310557,0.13486982928778896
2026-02-23 22:07:09.407059,30.42,9,"[0.619724690914154, 0.6124346256256104, 0.5890519618988037, 0.43504828214645386, 0.41540002822875977, 0.3483741283416748, 0.3271298408508301, 0.32076093554496765, 0.3040781021118164]",0.619724690914154,0.3040781021118164,0.4413336217403412,0.131668387048766
2026-02-23 22:07:09.437997,29.91,9,"[0.6149624586105347, 0.6149423122406006, 0.5951102375984192, 0.4299755394458771, 0.41868531703948975, 0.3412160277366638, 0.3304564356803894, 0.3269543945789337, 0.31892943382263184]",0.6149624586105347,0.31892943382263184,0.4434702396392822,0.12986422686462912
2026-02-23 22:07:09.475895,29.61,7,"[0.6147092580795288, 0.5094738602638245, 0.5014663934707642, 0.4403899312019348, 0.41471049189567566, 0.2917960286140442, 0.2584784924983978]",0.6147092580795288,0.2584784924983978,0.43300349371773855,0.12539244264214378
2026-02-23 22:07:09.506194,29.1,7,"[0.6201184988021851, 0.5228381752967834, 0.5014409422874451, 0.45917463302612305, 0.41982483863830566, 0.2822783887386322, 0.25106069445610046]",0.6201184988021851,0.25106069445610046,0.436676595892225,0.1318783421114118
2026-02-23 22:07:09.533899,29.78,6,"[0.6835454702377319, 0.5974774956703186, 0.5687739253044128, 0.5135533809661865, 0.3930826187133789, 0.29946258664131165]",0.6835454702377319,0.29946258664131165,0.5093159129222234,0.1408759822827682
2026-02-23 22:07:09.564547,29.65,6,"[0.6813467144966125, 0.5885530710220337, 0.5551726818084717, 0.5073544383049011, 0.38665127754211426, 0.3098759055137634]",0.6813467144966125,0.3098759055137634,0.5048256814479828,0.13614828005178067
2026-02-23 22:07:09.595085,29.99,7,"[0.7066665887832642, 0.6883581876754761, 0.6095754504203796, 0.5733924508094788, 0.39775240421295166, 0.3389376997947693, 0.3202347457408905]",0.7066665887832642,0.3202347457408905,0.51927393249103,0.16416145897111162
2026-02-23 22:07:09.627213,30.18,7,"[0.7060123085975647, 0.6858557462692261, 0.6109164953231812, 0.5654011368751526, 0.38736629486083984, 0.33589842915534973, 0.33353593945503235]",0.7060123085975647,0.33353593945503235,0.5178551929337638,0.16261278777697194
2026-02-23 22:07:09.658542,30.09,6,"[0.7661510705947876, 0.5511308312416077, 0.4191022515296936, 0.3886447548866272, 0.3436933755874634, 0.2529800236225128]",0.7661510705947876,0.2529800236225128,0.45361705124378204,0.18162464180659965
2026-02-23 22:07:09.690877,31.31,6,"[0.756327211856842, 0.5873029828071594, 0.4213413894176483, 0.3767693340778351, 0.32700493931770325, 0.2739506959915161]",0.756327211856842,0.2739506959915161,0.45711609224478406,0.1814881957509855
2026-02-23 22:07:09.725051,31.66,2,"[0.8110498189926147, 0.7490733861923218]",0.8110498189926147,0.7490733861923218,0.7800616025924683,0.043823955906839525
2026-02-23 22:07:09.750822,32.26,2,"[0.8038247227668762, 0.736453652381897]",0.8038247227668762,0.736453652381897,0.7701391875743866,0.04763854072501501
2026-02-23 22:07:09.785685,32.49,3,"[0.7898544669151306, 0.737102210521698, 0.31233885884284973]",0.7898544669151306,0.31233885884284973,0.6130985120932261,0.2617975876629015
2026-02-23 22:07:09.819131,32.19,3,"[0.7980867028236389, 0.7233380079269409, 0.297994464635849]",0.7980867028236389,0.297994464635849,0.6064730584621429,0.2697519675256802
2026-02-23 22:07:09.843000,32.76,2,"[0.7443912625312805, 0.5832881927490234]",0.7443912625312805,0.5832881927490234,0.663839727640152,0.11391707311300356
2026-02-23 22:07:09.884320,31.93,2,"[0.7424612641334534, 0.5741920471191406]",0.7424612641334534,0.5741920471191406,0.658326655626297,0.11898430441577132
2026-02-23 22:07:09.914320,31.97,3,"[0.6059392094612122, 0.5355668663978577, 0.2837556004524231]",0.6059392094612122,0.2837556004524231,0.4750872254371643,0.16939276757445357
2026-02-23 22:07:09.937015,33.25,3,"[0.6189543008804321, 0.5276812314987183, 0.29518944025039673]",0.6189543008804321,0.29518944025039673,0.48060832420984906,0.16693656039096536
2026-02-23 22:07:09.973532,32.81,3,"[0.6046739816665649, 0.42829760909080505, 0.4058012366294861]",0.6046739816665649,0.4058012366294861,0.47959094246228534,0.10890751450618137
2026-02-23 22:07:10.008011,32.59,3,"[0.5816817283630371, 0.4351208209991455, 0.42327025532722473]",0.5816817283630371,0.42327025532722473,0.48002426822980243,0.08823711451107902
2026-02-23 22:07:10.032891,33.67,2,"[0.6327970027923584, 0.5747819542884827]",0.6327970027923584,0.5747819542884827,0.6037894785404205,0.041022834207957
2026-02-23 22:07:10.067404,32.75,2,"[0.6438137292861938, 0.5577053427696228]",0.6438137292861938,0.5577053427696228,0.6007595360279083,0.06088782402289966
2026-02-23 22:07:10.093010,33.73,3,"[0.7175397276878357, 0.7045526504516602, 0.4793876111507416]",0.7175397276878357,0.4793876111507416,0.6338266630967458,0.1339056817998028
2026-02-23 22:07:10.134443,33.19,3,"[0.7230381965637207, 0.7114218473434448, 0.4653455913066864]",0.7230381965637207,0.4653455913066864,0.6332685450712839,0.14554148444025242
2026-02-23 22:07:10.166358,32.1,4,"[0.8534003496170044, 0.6564374566078186, 0.651371419429779, 0.3674633204936981]",0.8534003496170044,0.3674633204936981,0.632168136537075,0.19997507987359717
2026-02-23 22:07:10.188615,34.15,4,"[0.8579429984092712, 0.6554222702980042, 0.6399330496788025, 0.3894062936306]",0.8579429984092712,0.3894062936306,0.6356761530041695,0.1918848826073361
2026-02-23 22:07:10.219832,34.04,4,"[0.8866432309150696, 0.7784693241119385, 0.336034893989563, 0.25769180059432983]",0.8866432309150696,0.25769180059432983,0.5647098124027252,0.31405229537305407
2026-02-23 22:07:10.251370,32.84,3,"[0.8894193172454834, 0.7651211023330688, 0.326211154460907]",0.8894193172454834,0.326211154460907,0.6602505246798197,0.29588720350800757
2026-02-23 22:07:10.277512,33.9,6,"[0.8884317278862, 0.71082603931427, 0.6316729784011841, 0.4830779433250427, 0.30268222093582153, 0.27079153060913086]",0.8884317278862,0.27079153060913086,0.5479137400786082,0.24110057020677184
2026-02-23 22:07:10.321123,33.31,6,"[0.8911585211753845, 0.7245126366615295, 0.6320955157279968, 0.47730377316474915, 0.3085806965827942, 0.28293731808662415]",0.8911585211753845,0.28293731808662415,0.5527647435665131,0.2401783109754687
2026-02-23 22:07:10.351966,32.55,6,"[0.8575763702392578, 0.8451674580574036, 0.6976431608200073, 0.6459921002388, 0.39215925335884094, 0.37834838032722473]",0.8575763702392578,0.37834838032722473,0.6361477871735891,0.210992592523005
2026-02-23 22:07:10.386355,32.53,6,"[0.8543834686279297, 0.8445667624473572, 0.7018434405326843, 0.6297024488449097, 0.41227927803993225, 0.3706173896789551]",0.8543834686279297,0.3706173896789551,0.6355654646952947,0.20786736634163125
2026-02-23 22:07:10.425568,31.22,8,"[0.897295355796814, 0.8223429918289185, 0.6046346426010132, 0.5853224396705627, 0.36049389839172363, 0.3547017276287079, 0.30855101346969604, 0.2935894727706909]",0.897295355796814,0.2935894727706909,0.5283664427697659,0.23705672955579138
2026-02-23 22:07:10.463515,31.42,8,"[0.9023250937461853, 0.8143691420555115, 0.603691041469574, 0.5875112414360046, 0.36047399044036865, 0.3594297766685486, 0.3155001103878021, 0.2682904303073883]",0.9023250937461853,0.2682904303073883,0.5264488533139229,0.239184382626063
2026-02-23 22:07:10.488855,32.25,11,"[0.8841749429702759, 0.8527224063873291, 0.740210235118866, 0.6970133185386658, 0.5710118412971497, 0.3780003488063812, 0.3512677252292633, 0.322812557220459, 0.32189303636550903, 0.3014976978302002, 0.29323190450668335]",0.8841749429702759,0.29323190450668335,0.5194396376609802,0.23487940918348255
2026-02-23 22:07:10.530956,30.15,12,"[0.8856730461120605, 0.8474065661430359, 0.7474231719970703, 0.7003831267356873, 0.5725069642066956, 0.36702752113342285, 0.32001224160194397, 0.3199580907821655, 0.30377423763275146, 0.3009497821331024, 0.2687857151031494, 0.2665109634399414]",0.8856730461120605,0.2665109634399414,0.4917009522517522,0.2419302098693506
2026-02-23 22:07:10.562467,30.11,13,"[0.9025808572769165, 0.8957262635231018, 0.8338195085525513, 0.774889349937439, 0.605631411075592, 0.5056265592575073, 0.4775698482990265, 0.4454784095287323, 0.3834192156791687, 0.36531955003738403, 0.35197627544403076, 0.33264610171318054, 0.260400652885437]",0.9025808572769165,0.260400652885437,0.5488526156315436,0.22883148741817672
2026-02-23 22:07:10.598328,29.72,13,"[0.9037545323371887, 0.8956030011177063, 0.8313118815422058, 0.7734867930412292, 0.6076444983482361, 0.5224112272262573, 0.45841431617736816, 0.42913100123405457, 0.3798437714576721, 0.3631897568702698, 0.35801073908805847, 0.3329102396965027, 0.2650318443775177]",0.9037545323371887,0.2650318443775177,0.5477495078857129,0.22907927369133346
2026-02-23 22:07:10.632561,28.81,15,"[0.8939457535743713, 0.8800932765007019, 0.8242289423942566, 0.7988541722297668, 0.5961180925369263, 0.5494857430458069, 0.49171167612075806, 0.42085039615631104, 0.3793186545372009, 0.37699800729751587, 0.3550243079662323, 0.2842172384262085, 0.2585531771183014, 0.25767412781715393, 0.253276526927948]",0.8939457535743713,0.253276526927948,0.508023339509964,0.2369933919315956
2026-02-23 22:07:10.662130,29.89,15,"[0.8950760364532471, 0.8816980123519897, 0.8277445435523987, 0.7966175079345703, 0.5920069217681885, 0.5496827363967896, 0.4862211346626282, 0.42110273241996765, 0.38651907444000244, 0.3827987015247345, 0.35070082545280457, 0.2805379331111908, 0.2622816860675812, 0.2616754174232483, 0.2538414001464844]",0.8950760364532471,0.2538414001464844,0.5085669775803884,0.23670277221918185
2026-02-23 22:07:10.689942,30.24,13,"[0.8856473565101624, 0.8556819558143616, 0.8547869920730591, 0.6976895928382874, 0.599808394908905, 0.5041884183883667, 0.44736436009407043, 0.40490835905075073, 0.3169082701206207, 0.29740068316459656, 0.2911953926086426, 0.27750203013420105, 0.25296682119369507]",0.8856473565101624,0.25296682119369507,0.5143114328384399,0.23944680269370955
2026-02-23 22:07:10.734633,29.62,14,"[0.8843848705291748, 0.8553043007850647, 0.8528874516487122, 0.6943662762641907, 0.5914581418037415, 0.49477633833885193, 0.4480995833873749, 0.4019503891468048, 0.3275494873523712, 0.30997568368911743, 0.29950210452079773, 0.2924547493457794, 0.25269314646720886, 0.25128957629203796]",0.8843848705291748,0.25128957629203796,0.496906578540802,0.23680670108821789
2026-02-23 22:07:10.777559,29.4,13,"[0.8875367045402527, 0.871127188205719, 0.8346377611160278, 0.7283458113670349, 0.6726862192153931, 0.4440510869026184, 0.4019874334335327, 0.3789510726928711, 0.36517930030822754, 0.3187425136566162, 0.3183843493461609, 0.2739018499851227, 0.26298201084136963]",0.8875367045402527,0.26298201084136963,0.5198856385854574,0.2407326985196717
2026-02-23 22:07:10.811565,29.63,12,"[0.8863281011581421, 0.8714429140090942, 0.8327257633209229, 0.7254501581192017, 0.6757959723472595, 0.4330151379108429, 0.4067831337451935, 0.398298442363739, 0.3495822846889496, 0.321140855550766, 0.31594133377075195, 0.27656763792037964]",0.8863281011581421,0.27656763792037964,0.5410893112421036,0.23766533992130193
2026-02-23 22:07:10.853988,28.09,12,"[0.8930984139442444, 0.8882768154144287, 0.8326540589332581, 0.7873564958572388, 0.5578336715698242, 0.45388633012771606, 0.4009033739566803, 0.39481353759765625, 0.32965490221977234, 0.3235529065132141, 0.2692084312438965, 0.26387932896614075]",0.8930984139442444,0.26387932896614075,0.5329265221953392,0.24882124701401612
2026-02-23 22:07:10.887269,28.69,12,"[0.894348680973053, 0.888215184211731, 0.8320677280426025, 0.783139705657959, 0.5598779916763306, 0.4623490571975708, 0.41096243262290955, 0.40123632550239563, 0.3322792947292328, 0.32598355412483215, 0.27486398816108704, 0.2551194131374359]",0.894348680973053,0.2551194131374359,0.5350369463364283,0.2474740633441008
2026-02-23 22:07:10.921539,28.46,12,"[0.8986462950706482, 0.8467633724212646, 0.839620053768158, 0.7791255116462708, 0.5546318292617798, 0.5505797863006592, 0.532224714756012, 0.3530835211277008, 0.35171595215797424, 0.3259398937225342, 0.31607818603515625, 0.2600020170211792]",0.8986462950706482,0.2600020170211792,0.5507009277741114,0.2361522445676524
2026-02-23 22:07:10.974359,27.58,13,"[0.9002750515937805, 0.8467915058135986, 0.8392820358276367, 0.7791358828544617, 0.5477977395057678, 0.5400696396827698, 0.5341739058494568, 0.3536792993545532, 0.3528658151626587, 0.330586314201355, 0.3146974444389343, 0.2619185149669647, 0.25276824831962585]",0.9002750515937805,0.25276824831962585,0.5272339536593511,0.24028321787186901
2026-02-23 22:07:11.011921,27.31,12,"[0.9114772081375122, 0.8672868013381958, 0.8104875087738037, 0.8056133985519409, 0.6567539572715759, 0.6492635607719421, 0.6091706156730652, 0.5529948472976685, 0.4696163237094879, 0.45568230748176575, 0.4004444479942322, 0.3011983036994934]",0.9114772081375122,0.3011983036994934,0.6241657733917236,0.19607702504435567
2026-02-23 22:07:11.040776,27.36,13,"[0.9141628742218018, 0.8672325015068054, 0.8070257306098938, 0.8044677972793579, 0.6571401357650757, 0.6328408718109131, 0.5996515154838562, 0.5573129057884216, 0.48397204279899597, 0.42555567622184753, 0.39141663908958435, 0.2783365845680237, 0.27618300914764404]",0.9141628742218018,0.27618300914764404,0.5919460218686324,0.21521809491627925
2026-02-23 22:07:11.071724,27.0,14,"[0.8966727256774902, 0.8940132856369019, 0.8225763440132141, 0.7936506271362305, 0.7164467573165894, 0.6566653847694397, 0.5855981111526489, 0.47890105843544006, 0.44889217615127563, 0.4423815906047821, 0.3525366187095642, 0.32007813453674316, 0.2817233204841614, 0.25333020091056824]",0.8966727256774902,0.25333020091056824,0.5673904525382178,0.22988402513261932
2026-02-23 22:07:11.103544,27.89,14,"[0.896177351474762, 0.8932485580444336, 0.8238963484764099, 0.7942847609519958, 0.7188673615455627, 0.6563882827758789, 0.5844551920890808, 0.4845280945301056, 0.4405112564563751, 0.43884673714637756, 0.34908610582351685, 0.329392671585083, 0.2749328911304474, 0.26101359724998474]",0.896177351474762,0.26101359724998474,0.567544943520001,0.22969935071954134
2026-02-23 22:07:11.139528,28.36,15,"[0.8890223503112793, 0.886460542678833, 0.857928454875946, 0.7707716226577759, 0.6884536147117615, 0.67034912109375, 0.6337252855300903, 0.536554753780365, 0.5101121068000793, 0.3995491564273834, 0.38663893938064575, 0.32773593068122864, 0.3263399004936218, 0.320955753326416, 0.3138520121574402]",0.8890223503112793,0.3138520121574402,0.5678966363271077,0.21815904982112697
2026-02-23 22:07:11.198266,27.18,15,"[0.8895719051361084, 0.8857395648956299, 0.8573468327522278, 0.7708839178085327, 0.6944789290428162, 0.6758360266685486, 0.6336012482643127, 0.5420811772346497, 0.5399476289749146, 0.40014123916625977, 0.38513073325157166, 0.34965482354164124, 0.3340328335762024, 0.31516119837760925, 0.31474101543426514]",0.8895719051361084,0.31474101543426514,0.572556604941686,0.2162054717666828
2026-02-23 22:07:11.235329,27.48,16,"[0.8864961266517639, 0.8750861287117004, 0.8732212781906128, 0.7614916563034058, 0.7607080936431885, 0.6706651449203491, 0.6608948111534119, 0.4755960702896118, 0.4001829922199249, 0.36893343925476074, 0.3308789134025574, 0.3246893286705017, 0.2897323668003082, 0.27246081829071045, 0.2565811574459076, 0.2543225586414337]",0.8864961266517639,0.2543225586414337,0.5288713052868843,0.24631367168548676
2026-02-23 22:07:11.288055,26.4,15,"[0.8842834234237671, 0.8756319284439087, 0.8712615966796875, 0.7591143250465393, 0.754210889339447, 0.6769233345985413, 0.6618857383728027, 0.4688202440738678, 0.37720420956611633, 0.36319151520729065, 0.3535628914833069, 0.30609428882598877, 0.2913754880428314, 0.285129576921463, 0.2616055905818939]",0.8842834234237671,0.2616055905818939,0.5460196693738302,0.24267108305169505
2026-02-23 22:07:11.336443,25.52,17,"[0.9012071490287781, 0.871555745601654, 0.8488327264785767, 0.6719316244125366, 0.6644086241722107, 0.593791663646698, 0.567683756351471, 0.5368115901947021, 0.5202698111534119, 0.4667879045009613, 0.43543997406959534, 0.4323539435863495, 0.40705254673957825, 0.3891904652118683, 0.35625752806663513, 0.348418653011322, 0.2521410286426544]",0.9012071490287781,0.2521410286426544,0.5449491020511178,0.1926672062727736
2026-02-23 22:07:11.373857,26.3,17,"[0.9020845890045166, 0.8734279274940491, 0.849553644657135, 0.6797300577163696, 0.6628392338752747, 0.5932213664054871, 0.5607768893241882, 0.5406522154808044, 0.5197018980979919, 0.47412046790122986, 0.4375256299972534, 0.42755427956581116, 0.40365949273109436, 0.38886967301368713, 0.3539537191390991, 0.3461025059223175, 0.2539021074771881]",0.9020845890045166,0.2539021074771881,0.545157393988441,0.19347432498166237
2026-02-23 22:07:11.398019,27.76,16,"[0.875906229019165, 0.8669384121894836, 0.850338339805603, 0.6955482363700867, 0.6626752018928528, 0.6279779672622681, 0.5945987105369568, 0.4940691292285919, 0.437660813331604, 0.4330138862133026, 0.4177984297275543, 0.41595807671546936, 0.3872487246990204, 0.3757797181606293, 0.36854514479637146, 0.33531472086906433]",0.875906229019165,0.33531472086906433,0.5524607338011265,0.1896409901093747
2026-02-23 22:07:11.430203,27.43,17,"[0.8755406737327576, 0.8693704605102539, 0.8505976796150208, 0.7081670165061951, 0.6639774441719055, 0.6262353658676147, 0.592958927154541, 0.4345380663871765, 0.42502155900001526, 0.4163569509983063, 0.413478285074234, 0.41197627782821655, 0.38214728236198425, 0.3697277903556824, 0.3652573227882385, 0.3355971574783325, 0.317886084318161]",0.8755406737327576,0.317886084318161,0.5328726084793315,0.1965577859112105
2026-02-23 22:07:11.471410,26.65,15,"[0.8984853625297546, 0.8814214468002319, 0.8319048881530762, 0.6936721801757812, 0.6518970727920532, 0.5634855031967163, 0.5302640199661255, 0.5084105134010315, 0.4989815950393677, 0.48460233211517334, 0.46689078211784363, 0.3686120808124542, 0.36423787474632263, 0.31177034974098206, 0.25876009464263916]",0.8984853625297546,0.25876009464263916,0.5542264064153035,0.20117165402088108
2026-02-23 22:07:11.510226,26.06,15,"[0.9013864398002625, 0.8825409412384033, 0.8327789306640625, 0.6877518892288208, 0.6398480534553528, 0.5591577291488647, 0.5335411429405212, 0.5104660987854004, 0.49800267815589905, 0.4766605496406555, 0.47620758414268494, 0.36029934883117676, 0.35431036353111267, 0.31087425351142883, 0.2598722279071808]",0.9013864398002625,0.2598722279071808,0.5522465487321218,0.20214453887345746
2026-02-23 22:07:11.545199,26.1,15,"[0.902353823184967, 0.8933717608451843, 0.8214731812477112, 0.6899756193161011, 0.6410664916038513, 0.6081416606903076, 0.5287827253341675, 0.5038903951644897, 0.4835599362850189, 0.45266658067703247, 0.4459668695926666, 0.40961048007011414, 0.40629252791404724, 0.37461552023887634, 0.28972765803337097]",0.902353823184967,0.28972765803337097,0.5634330153465271,0.19094965957056595
2026-02-23 22:07:11.574926,27.74,15,"[0.9026077389717102, 0.892299473285675, 0.821853518486023, 0.689287006855011, 0.6413061022758484, 0.6177976131439209, 0.5382037162780762, 0.5036440491676331, 0.4844454526901245, 0.4537326693534851, 0.45046645402908325, 0.4069821238517761, 0.4046294093132019, 0.3745211362838745, 0.29038289189338684]",0.9026077389717102,0.29038289189338684,0.5648106237252554,0.1908607760479947
2026-02-23 22:07:11.600484,28.98,12,"[0.8648862838745117, 0.8596522808074951, 0.7155073881149292, 0.6267513036727905, 0.5632395148277283, 0.5367919206619263, 0.5082259178161621, 0.4512642025947571, 0.4174988865852356, 0.39786002039909363, 0.3020067512989044, 0.26193398237228394]",0.8648862838745117,0.26193398237228394,0.5421348710854849,0.19647077321163064
2026-02-23 22:07:11.636675,29.85,12,"[0.8588008880615234, 0.8567168116569519, 0.7121257185935974, 0.6311163306236267, 0.5600298643112183, 0.5314565896987915, 0.49680382013320923, 0.4473768174648285, 0.40566325187683105, 0.40306276082992554, 0.3222960829734802, 0.25948089361190796]",0.8588008880615234,0.25948089361190796,0.5404108191529909,0.19392459911975674
2026-02-23 22:07:11.663271,31.53,15,"[0.8729625344276428, 0.8510957360267639, 0.6015498042106628, 0.600858211517334, 0.5999488234519958, 0.4977000057697296, 0.49263983964920044, 0.41767409443855286, 0.4041857123374939, 0.39626631140708923, 0.36393800377845764, 0.2893264889717102, 0.28701528906822205, 0.2760670483112335, 0.2729242444038391]",0.8729625344276428,0.2729242444038391,0.4816101431846619,0.193560085656234
2026-02-23 22:07:11.694897,32.0,15,"[0.8724532127380371, 0.853801965713501, 0.6111010909080505, 0.606346070766449, 0.5825610756874084, 0.5047675967216492, 0.5031392574310303, 0.4128533899784088, 0.4121401906013489, 0.4045383334159851, 0.3608244061470032, 0.29308009147644043, 0.2880973815917969, 0.2798251211643219, 0.269233763217926]",0.8724532127380371,0.269233763217926,0.4836508631706238,0.19339724528916252
2026-02-23 22:07:11.727850,30.96,9,"[0.8735328316688538, 0.8351296186447144, 0.6675702333450317, 0.5461816191673279, 0.5446859002113342, 0.41308727860450745, 0.3602924942970276, 0.3337487578392029, 0.29401153326034546]",0.8735328316688538,0.29401153326034546,0.5409155852264829,0.21392871434413435
2026-02-23 22:07:11.759252,31.03,9,"[0.8738452196121216, 0.8364169597625732, 0.668119490146637, 0.5489490628242493, 0.5427680015563965, 0.4265347719192505, 0.3473663926124573, 0.3333774209022522, 0.299529105424881]",0.8738452196121216,0.299529105424881,0.5418784916400909,0.21397647167328232
2026-02-23 22:07:11.797688,31.17,11,"[0.8758184313774109, 0.8614938855171204, 0.7919350862503052, 0.6205464005470276, 0.5209634304046631, 0.4293980598449707, 0.4049662947654724, 0.352138489484787, 0.34300917387008667, 0.2799822688102722, 0.25777778029441833]",0.8758184313774109,0.25777778029441833,0.5216390273787759,0.23120730640910175
2026-02-23 22:07:11.837982,31.08,10,"[0.8777120113372803, 0.8623499274253845, 0.8007463216781616, 0.6199449300765991, 0.5514667630195618, 0.4219973385334015, 0.39447221159935, 0.3465052545070648, 0.33651480078697205, 0.26786985993385315]",0.8777120113372803,0.26786985993385315,0.5479579418897629,0.23090188728446528
2026-02-23 22:07:11.873347,31.07,12,"[0.8771565556526184, 0.822571873664856, 0.8103017807006836, 0.6381133794784546, 0.4846143126487732, 0.47008055448532104, 0.4463135600090027, 0.3482119143009186, 0.3280426859855652, 0.3089464604854584, 0.28755804896354675, 0.28127026557922363]",0.8771565556526184,0.28127026557922363,0.5085984493295351,0.2229703982301915
2026-02-23 22:07:11.909471,30.51,12,"[0.8737141489982605, 0.8208353519439697, 0.8088493347167969, 0.6134248375892639, 0.4719674587249756, 0.4577306807041168, 0.44340893626213074, 0.3455308675765991, 0.3118811547756195, 0.29606887698173523, 0.2943168878555298, 0.2663131058216095]",0.8737141489982605,0.2663131058216095,0.5003368034958839,0.2244947503746302
2026-02-23 22:07:11.949037,29.11,11,"[0.8444139361381531, 0.8421105742454529, 0.8116829991340637, 0.5892744660377502, 0.5720499753952026, 0.5163818001747131, 0.5048607587814331, 0.5034613013267517, 0.49922657012939453, 0.3537229895591736, 0.3143273591995239]",0.8444139361381531,0.3143273591995239,0.5774102481928739,0.18336523015759182
2026-02-23 22:07:11.981662,29.41,11,"[0.8534051179885864, 0.8399198651313782, 0.8114385604858398, 0.6011643409729004, 0.590599000453949, 0.5198375582695007, 0.5060375332832336, 0.5043430328369141, 0.4929567873477936, 0.4324413537979126, 0.3457489609718323]",0.8534051179885864,0.3457489609718323,0.5907174646854401,0.1715245849699253
2026-02-23 22:07:12.019652,28.35,8,"[0.878933310508728, 0.8064669370651245, 0.6788267493247986, 0.47207725048065186, 0.4330131709575653, 0.4245677590370178, 0.4135788083076477, 0.3140993118286133]",0.878933310508728,0.3140993118286133,0.5526954121887684,0.20710991501891773
2026-02-23 22:07:12.060066,27.64,9,"[0.882993221282959, 0.812938392162323, 0.6718765497207642, 0.4581388235092163, 0.45230627059936523, 0.42791736125946045, 0.31248095631599426, 0.304520845413208, 0.30004680156707764]",0.882993221282959,0.30004680156707764,0.5136910246478187,0.22221850893135747
2026-02-23 22:07:12.101186,26.99,8,"[0.8815494179725647, 0.8008641004562378, 0.6860369443893433, 0.4709756076335907, 0.4388086795806885, 0.42075788974761963, 0.3801232576370239, 0.29043635725975037]",0.8815494179725647,0.29043635725975037,0.5461940318346024,0.21473946345728165
2026-02-23 22:07:12.131968,27.11,4,"[0.6817970275878906, 0.6238942742347717, 0.5277652740478516, 0.25127413868904114]",0.6817970275878906,0.25127413868904114,0.5211826786398888,0.19082329649734467
2026-02-23 22:07:12.164209,27.6,8,"[0.8535825610160828, 0.7307534217834473, 0.39685145020484924, 0.3731669485569, 0.33148378133773804, 0.27581724524497986, 0.2674773037433624, 0.26462459564208984]",0.8535825610160828,0.26462459564208984,0.4367196634411812,0.22711948276358107
2026-02-23 22:07:12.196134,28.23,8,"[0.8413605690002441, 0.738886833190918, 0.4223610758781433, 0.36550718545913696, 0.30330541729927063, 0.30195510387420654, 0.2983926236629486, 0.2702192962169647]",0.8413605690002441,0.2702192962169647,0.4427485130727291,0.2213089180853759
2026-02-23 22:07:12.225272,28.82,8,"[0.8406057357788086, 0.7381387948989868, 0.42538371682167053, 0.37098750472068787, 0.3032054603099823, 0.30101439356803894, 0.2962707281112671, 0.2714088559150696]",0.8406057357788086,0.2714088559150696,0.44337689876556396,0.22083207957467815
2026-02-23 22:07:12.259406,28.98,8,"[0.8403568863868713, 0.7383639812469482, 0.42627188563346863, 0.36453527212142944, 0.30167052149772644, 0.30079370737075806, 0.29804715514183044, 0.2700025737285614]",0.8403568863868713,0.2700025737285614,0.44250524789094925,0.22126359508104992
2026-02-23 22:07:12.286057,30.22,9,"[0.8268677592277527, 0.5121151804924011, 0.4971292018890381, 0.4920181930065155, 0.47457388043403625, 0.43202754855155945, 0.4008646607398987, 0.36552852392196655, 0.2911851406097412]",0.8268677592277527,0.2911851406097412,0.47692334320810104,0.1496033305655652
2026-02-23 22:07:12.324850,29.73,9,"[0.8269981145858765, 0.5239965915679932, 0.5054316520690918, 0.5037826895713806, 0.4698166251182556, 0.4415777325630188, 0.34845414757728577, 0.327556848526001, 0.3145434260368347]",0.8269981145858765,0.3145434260368347,0.47357309195730424,0.15519467849712784
2026-02-23 22:07:12.352830,30.6,9,"[0.8219674825668335, 0.5435704588890076, 0.5255484580993652, 0.4697442352771759, 0.45582184195518494, 0.43219491839408875, 0.4022437334060669, 0.3619510531425476, 0.2727058231830597]",0.8219674825668335,0.2727058231830597,0.47619422276814777,0.15364521852447563
2026-02-23 22:07:12.380675,31.74,11,"[0.7596020698547363, 0.6321829557418823, 0.5743330121040344, 0.43084874749183655, 0.3994840085506439, 0.3761015832424164, 0.3113016188144684, 0.2975721061229706, 0.27575579285621643, 0.27057260274887085, 0.25523215532302856]",0.7596020698547363,0.25523215532302856,0.41663515025919134,0.16840376697284445
2026-02-23 22:07:12.414655,32.28,11,"[0.7412943243980408, 0.6456104516983032, 0.5827890038490295, 0.4703127443790436, 0.40754929184913635, 0.3845650553703308, 0.3797779381275177, 0.3142857253551483, 0.3021318316459656, 0.3012583553791046, 0.2813068926334381]",0.7412943243980408,0.2813068926334381,0.4373528740622781,0.15533243224623486
2026-02-23 22:07:12.444690,32.31,11,"[0.6900169849395752, 0.6297616362571716, 0.5854899287223816, 0.4791475236415863, 0.41211360692977905, 0.3861566483974457, 0.3289962112903595, 0.31781527400016785, 0.293626070022583, 0.28733691573143005, 0.28252238035202026]",0.6900169849395752,0.28252238035202026,0.4266348345713182,0.1482265719684303
2026-02-23 22:07:12.478013,32.23,8,"[0.8309648036956787, 0.7689985632896423, 0.6648885011672974, 0.6546178460121155, 0.6009041666984558, 0.4033467471599579, 0.35778331756591797, 0.3150111734867096]",0.8309648036956787,0.3150111734867096,0.5745643898844719,0.19364326235487708
2026-02-23 22:07:12.509275,32.33,8,"[0.832832396030426, 0.7732667326927185, 0.6684809327125549, 0.6531680822372437, 0.6030547022819519, 0.41146841645240784, 0.3159964382648468, 0.28313466906547546]",0.832832396030426,0.28313466906547546,0.5676752962172031,0.20702133321526317
2026-02-23 22:07:12.544789,31.72,8,"[0.8397341966629028, 0.7790207266807556, 0.6688686609268188, 0.6467723846435547, 0.6069631576538086, 0.41578322649002075, 0.3125465214252472, 0.29511773586273193]",0.8397341966629028,0.29511773586273193,0.5706008262932301,0.20671027525570174
2026-02-23 22:07:12.573522,32.26,8,"[0.8384971618652344, 0.7798307538032532, 0.6699417233467102, 0.6495209336280823, 0.6109982132911682, 0.4201631546020508, 0.31787118315696716, 0.2948072552680969]",0.8384971618652344,0.2948072552680969,0.5727037973701954,0.20556717175650882
2026-02-23 22:07:12.601912,32.01,6,"[0.8352339863777161, 0.8026776313781738, 0.7712414860725403, 0.7021740674972534, 0.5665057301521301, 0.5451562404632568]",0.8352339863777161,0.5451562404632568,0.7038315236568451,0.12297985971112331
2026-02-23 22:07:12.634792,32.49,6,"[0.83274906873703, 0.8022229075431824, 0.7936604022979736, 0.6877829432487488, 0.5533287525177002, 0.5297124981880188]",0.83274906873703,0.5297124981880188,0.6999094287554423,0.13229029019840405
2026-02-23 22:07:12.664630,32.29,6,"[0.8103536367416382, 0.8016982674598694, 0.7982132434844971, 0.6912961602210999, 0.5909727215766907, 0.5660938620567322]",0.8103536367416382,0.5660938620567322,0.7097713152567545,0.11089363406190673
2026-02-23 22:07:12.690550,32.56,7,"[0.8657539486885071, 0.7894191145896912, 0.7397636771202087, 0.4978979229927063, 0.4705599248409271, 0.3770087659358978, 0.3642491400241852]",0.8657539486885071,0.3642491400241852,0.586378927741732,0.20705194115911296
2026-02-23 22:07:12.737499,31.78,6,"[0.8722863793373108, 0.765896737575531, 0.7567314505577087, 0.5222243070602417, 0.5138636827468872, 0.38777148723602295]",0.8722863793373108,0.38777148723602295,0.6364623407522837,0.188020636600419
2026-02-23 22:07:12.775417,31.03,6,"[0.8733150959014893, 0.7638932466506958, 0.7595497965812683, 0.5279510617256165, 0.5102121829986572, 0.38453662395477295]",0.8733150959014893,0.38453662395477295,0.6365763346354166,0.189033686948881
2026-02-23 22:07:12.807241,31.23,6,"[0.9065209031105042, 0.7902345657348633, 0.7330257892608643, 0.4946623742580414, 0.4224299490451813, 0.3746345341205597]",0.9065209031105042,0.3746345341205597,0.6202513525883356,0.2185388489796043
2026-02-23 22:07:12.835218,31.5,6,"[0.9064687490463257, 0.7930995225906372, 0.7395501732826233, 0.47731614112854004, 0.3895866870880127, 0.30566778779029846]",0.9064687490463257,0.30566778779029846,0.6019481768210729,0.24356458728429795
2026-02-23 22:07:12.865137,32.02,6,"[0.9088443517684937, 0.8020159602165222, 0.7464343309402466, 0.47559353709220886, 0.38210585713386536, 0.32620078325271606]",0.9088443517684937,0.32620078325271606,0.6068658034006754,0.24301287872926536
2026-02-23 22:07:12.895631,31.83,6,"[0.9090408682823181, 0.8042269945144653, 0.7453047633171082, 0.4602545201778412, 0.3611960709095001, 0.35983434319496155]",0.9090408682823181,0.35983434319496155,0.606642926732699,0.24178473290704966
2026-02-23 22:07:12.929934,31.26,5,"[0.8645060062408447, 0.8386526703834534, 0.7910024523735046, 0.6114819049835205, 0.43822047114372253]",0.8645060062408447,0.43822047114372253,0.7087727010250091,0.18065672481875503
2026-02-23 22:07:12.961705,31.4,5,"[0.8614411354064941, 0.8533210754394531, 0.8025668263435364, 0.6050935387611389, 0.4092370271682739]",0.8614411354064941,0.4092370271682739,0.7063319206237793,0.19585736066225012
2026-02-23 22:07:12.991559,31.35,5,"[0.8629706501960754, 0.8440322875976562, 0.795823335647583, 0.6000671982765198, 0.38399165868759155]",0.8629706501960754,0.38399165868759155,0.6973770260810852,0.20389965732499551
2026-02-23 22:07:13.022240,30.71,6,"[0.8704819083213806, 0.8319765329360962, 0.6507702469825745, 0.3292433023452759, 0.3109948933124542, 0.2769312560558319]",0.8704819083213806,0.2769312560558319,0.5450663566589355,0.27300238674656063
2026-02-23 22:07:13.052928,31.82,7,"[0.8472808003425598, 0.8338786959648132, 0.6454046964645386, 0.32388821244239807, 0.308421790599823, 0.29107728600502014, 0.2622426748275757]",0.8472808003425598,0.2622426748275757,0.5017420223781041,0.2649198115454949
2026-02-23 22:07:13.119152,30.75,5,"[0.8406364917755127, 0.8364401459693909, 0.6155841946601868, 0.2991999685764313, 0.27851131558418274]",0.8406364917755127,0.27851131558418274,0.5740744233131408,0.27592013627241924
2026-02-23 22:07:13.149409,30.83,6,"[0.9211502075195312, 0.6404205560684204, 0.5810550451278687, 0.45260128378868103, 0.40157607197761536, 0.2624586820602417]",0.9211502075195312,0.2624586820602417,0.5432103077570597,0.2283910469596497
2026-02-23 22:07:13.179734,30.66,6,"[0.9202145934104919, 0.6625441312789917, 0.5789836645126343, 0.4779869616031647, 0.3948841691017151, 0.2786029279232025]",0.9202145934104919,0.2786029279232025,0.5522027413050333,0.22513957292255227
2026-02-23 22:07:13.214313,30.22,6,"[0.9217284321784973, 0.7041905522346497, 0.5671564340591431, 0.529944121837616, 0.3775828182697296, 0.28342583775520325]",0.9217284321784973,0.28342583775520325,0.5640046993891398,0.22902664214856894
2026-02-23 22:07:13.248763,29.84,6,"[0.922222912311554, 0.7007866501808167, 0.5712851285934448, 0.5282008051872253, 0.37828344106674194, 0.2786707580089569]",0.922222912311554,0.2786707580089569,0.5632416158914566,0.2298994840094181
2026-02-23 22:07:13.279884,30.1,7,"[0.8057295083999634, 0.6744601726531982, 0.5925955772399902, 0.5846468806266785, 0.47235727310180664, 0.45640385150909424, 0.4001770317554474]",0.8057295083999634,0.4001770317554474,0.5694814707551684,0.14052376164878908
2026-02-23 22:07:13.319931,29.41,7,"[0.8018316030502319, 0.6860135793685913, 0.6140546798706055, 0.5682419538497925, 0.48812171816825867, 0.44293084740638733, 0.3904034495353699]",0.8018316030502319,0.3904034495353699,0.5702282616070339,0.14390629306795627
2026-02-23 22:07:13.352943,29.12,7,"[0.7955394387245178, 0.6824659705162048, 0.5840052962303162, 0.5509573817253113, 0.48209694027900696, 0.4252043664455414, 0.4143593907356262]",0.7955394387245178,0.4143593907356262,0.5620898263795036,0.13937606759385857
2026-02-23 22:07:13.385708,28.94,7,"[0.7789662480354309, 0.775303840637207, 0.624911367893219, 0.4684324264526367, 0.4376201331615448, 0.2696675956249237, 0.2631054222583771]",0.7789662480354309,0.2631054222583771,0.5168581477233342,0.21652084541059863
2026-02-23 22:07:13.415982,28.98,6,"[0.7757524251937866, 0.7744669914245605, 0.6308167576789856, 0.4684014916419983, 0.4415336549282074, 0.2765367031097412]",0.7757524251937866,0.2765367031097412,0.5612513373295466,0.20016334320607668
2026-02-23 22:07:13.446217,30.78,7,"[0.7777948975563049, 0.7741062045097351, 0.6287376880645752, 0.4784548282623291, 0.44693267345428467, 0.2628420293331146, 0.261080265045166]",0.7777948975563049,0.261080265045166,0.5185640837465014,0.2172065494421809
2026-02-23 22:07:13.481775,30.3,6,"[0.8238982558250427, 0.8002601861953735, 0.41979309916496277, 0.38083788752555847, 0.37275493144989014, 0.2623077929019928]",0.8238982558250427,0.2623077929019928,0.5099753588438034,0.2399128431795957
2026-02-23 22:07:13.515463,29.99,6,"[0.8058663010597229, 0.8051801919937134, 0.43888595700263977, 0.39078208804130554, 0.3726944625377655, 0.267366886138916]",0.8058663010597229,0.267366886138916,0.5134626477956772,0.23306223652604335
2026-02-23 22:07:13.541305,30.9,6,"[0.8111743927001953, 0.7894802093505859, 0.4413626790046692, 0.36329299211502075, 0.3583185374736786, 0.2660495340824127]",0.8111743927001953,0.2660495340824127,0.5049463907877604,0.23554833573263464
2026-02-23 22:07:13.580363,30.58,6,"[0.8158127665519714, 0.7811654806137085, 0.44103553891181946, 0.3651888966560364, 0.3630427420139313, 0.2887042760848999]",0.8158127665519714,0.2887042760848999,0.5091582834720612,0.22949618767427277
2026-02-23 22:07:13.606559,31.18,7,"[0.8775867819786072, 0.8375990986824036, 0.5100733637809753, 0.410375714302063, 0.3329243063926697, 0.2948526442050934, 0.2625810205936432]",0.8775867819786072,0.2625810205936432,0.5037132757050651,0.25526126891611683
2026-02-23 22:07:13.644368,31.32,6,"[0.8844937682151794, 0.8450210690498352, 0.4878910779953003, 0.4125877916812897, 0.34796154499053955, 0.2746468782424927]",0.8844937682151794,0.2746468782424927,0.5421003550291061,0.2599721515724043
2026-02-23 22:07:13.673083,31.8,6,"[0.8833279609680176, 0.8426308035850525, 0.4632740020751953, 0.4152359664440155, 0.4067321717739105, 0.2841182053089142]",0.8833279609680176,0.2841182053089142,0.5492198516925176,0.25045486930413013
2026-02-23 22:07:13.721327,30.82,6,"[0.8579369187355042, 0.8572431802749634, 0.5614423751831055, 0.46435806155204773, 0.39081045985221863, 0.33382532000541687]",0.8579369187355042,0.33382532000541687,0.5776027192672094,0.22986532083561464
2026-02-23 22:07:13.747723,31.28,6,"[0.8648293614387512, 0.8490291833877563, 0.6031597256660461, 0.46760812401771545, 0.38446158170700073, 0.35527774691581726]",0.8648293614387512,0.35527774691581726,0.5873942871888479,0.22586725503853186
2026-02-23 22:07:13.779666,31.12,6,"[0.872527003288269, 0.8468837738037109, 0.5927224159240723, 0.5529610514640808, 0.37557685375213623, 0.34648817777633667]",0.872527003288269,0.34648817777633667,0.5978598793347677,0.22454162334782163
2026-02-23 22:07:13.813202,31.29,7,"[0.8377264142036438, 0.8270263671875, 0.4353853464126587, 0.4189970791339874, 0.413027822971344, 0.3052770793437958, 0.29036250710487366]",0.8377264142036438,0.29036250710487366,0.503971802336829,0.2313224768119399
2026-02-23 22:07:13.843463,31.56,7,"[0.833995521068573, 0.8273090720176697, 0.44256260991096497, 0.4376610815525055, 0.4171474277973175, 0.3135245740413666, 0.304107666015625]",0.833995521068573,0.304107666015625,0.5109011360577175,0.2254806080360487
2026-02-23 22:07:13.872991,31.15,7,"[0.8329144716262817, 0.8193667531013489, 0.4446291923522949, 0.42037346959114075, 0.4186949133872986, 0.31245675683021545, 0.3057454526424408]",0.8329144716262817,0.3057454526424408,0.5077401442187173,0.22410262701061787
2026-02-23 22:07:13.902770,31.93,6,"[0.836986780166626, 0.8178176879882812, 0.44087767601013184, 0.43332424759864807, 0.43057918548583984, 0.3074994385242462]",0.836986780166626,0.3074994385242462,0.5445141692956289,0.2247202376313029
2026-02-23 22:07:13.935248,31.21,7,"[0.8536880016326904, 0.7625157237052917, 0.6427973508834839, 0.31629231572151184, 0.3121351897716522, 0.3089863359928131, 0.2577034831047058]",0.8536880016326904,0.2577034831047058,0.493445485830307,0.2511093990146243
2026-02-23 22:07:13.965284,31.88,7,"[0.8595322966575623, 0.7551612257957458, 0.6305063366889954, 0.3191789984703064, 0.30106979608535767, 0.29196351766586304, 0.256125271320343]",0.8595322966575623,0.256125271320343,0.48764820609773907,0.25342920826516935
2026-02-23 22:07:13.997180,31.52,7,"[0.8682259321212769, 0.7643973231315613, 0.603119432926178, 0.30060482025146484, 0.29908379912376404, 0.29859623312950134, 0.2880626618862152]",0.8682259321212769,0.2880626618862152,0.48887002893856596,0.25194888215000083
2026-02-23 22:07:14.027084,32.8,6,"[0.8505210876464844, 0.6666123270988464, 0.628136396408081, 0.36006516218185425, 0.35984060168266296, 0.26501142978668213]",0.8505210876464844,0.26501142978668213,0.5216978341341019,0.22744885331727588
2026-02-23 22:07:14.058390,32.24,6,"[0.8540023565292358, 0.667375922203064, 0.6625391244888306, 0.3681632876396179, 0.36034703254699707, 0.27117016911506653]",0.8540023565292358,0.27117016911506653,0.530599648753802,0.2295126424732583
2026-02-23 22:07:14.092812,32.01,7,"[0.8530113101005554, 0.6810851693153381, 0.6543705463409424, 0.40721529722213745, 0.3556046187877655, 0.3035389184951782, 0.2691441774368286]",0.8530113101005554,0.2691441774368286,0.5034242910998208,0.22453930737478445
2026-02-23 22:07:14.132337,31.57,5,"[0.8220449686050415, 0.6920059323310852, 0.6906542778015137, 0.40800413489341736, 0.2629747986793518]",0.8220449686050415,0.2629747986793518,0.5751368224620819,0.23094629695422617
2026-02-23 22:07:14.172713,30.75,5,"[0.8292635083198547, 0.6948438286781311, 0.6718342304229736, 0.41994503140449524, 0.2689971327781677]",0.8292635083198547,0.2689971327781677,0.5769767463207245,0.2269634351173204
2026-02-23 22:07:14.202100,30.75,6,"[0.8280072212219238, 0.7019224166870117, 0.6637564301490784, 0.41551005840301514, 0.2655598521232605, 0.25422102212905884]",0.8280072212219238,0.25422102212905884,0.5214961667855581,0.24286337556807533
2026-02-23 22:07:14.233435,30.6,6,"[0.8315694332122803, 0.7002182006835938, 0.6632336974143982, 0.4155712127685547, 0.2671002149581909, 0.2543599009513855]",0.8315694332122803,0.2543599009513855,0.5220087766647339,0.24309427292394273
2026-02-23 22:07:14.266867,30.53,8,"[0.8394615054130554, 0.4793473780155182, 0.46684151887893677, 0.45992693305015564, 0.4389346241950989, 0.36189934611320496, 0.30502936244010925, 0.2810162603855133]",0.8394615054130554,0.2810162603855133,0.45405711606144905,0.17330740227890473
2026-02-23 22:07:14.307770,29.64,8,"[0.8215909004211426, 0.539420485496521, 0.5328493714332581, 0.4981341063976288, 0.4355788826942444, 0.368261456489563, 0.29059457778930664, 0.273199200630188]",0.8215909004211426,0.273199200630188,0.46995362266898155,0.17551122226814703
2026-02-23 22:07:14.354910,28.63,8,"[0.831450343132019, 0.5201321244239807, 0.49752679467201233, 0.4972532093524933, 0.43194180727005005, 0.3409498333930969, 0.31707367300987244, 0.2511107325553894]",0.831450343132019,0.2511107325553894,0.4609298147261143,0.17864699454970245
2026-02-23 22:07:14.394017,27.83,8,"[0.8219369649887085, 0.6176124215126038, 0.5238022804260254, 0.44436344504356384, 0.42814478278160095, 0.41073545813560486, 0.30976197123527527, 0.2587316632270813]",0.8219369649887085,0.2587316632270813,0.476886123418808,0.17904361168219673
2026-02-23 22:07:14.424757,27.9,8,"[0.8232558965682983, 0.5913421511650085, 0.5196044445037842, 0.46971550583839417, 0.4368017315864563, 0.40322232246398926, 0.3133270740509033, 0.255523681640625]",0.8232558965682983,0.255523681640625,0.4765991009771824,0.17636561982614773
2026-02-23 22:07:14.455290,28.25,8,"[0.824863851070404, 0.5950022339820862, 0.52249675989151, 0.47792866826057434, 0.4154520332813263, 0.4086931347846985, 0.3077508807182312, 0.2587335705757141]",0.824863851070404,0.2587335705757141,0.4763651415705681,0.17798108164468385
2026-02-23 22:07:14.491152,28.53,7,"[0.8300484418869019, 0.5113343596458435, 0.49716857075691223, 0.4623962640762329, 0.34526586532592773, 0.325543075799942, 0.2561034560203552]",0.8300484418869019,0.2561034560203552,0.4611228619303022,0.1887528682325106
2026-02-23 22:07:14.544380,27.94,8,"[0.8403789401054382, 0.5465245246887207, 0.46226629614830017, 0.4597660303115845, 0.366232305765152, 0.3349713087081909, 0.2774007022380829, 0.25832363963127136]",0.8403789401054382,0.25832363963127136,0.4432329684495926,0.18836558963708186
2026-02-23 22:07:14.582492,27.15,8,"[0.848895251750946, 0.5764874815940857, 0.46241992712020874, 0.4615142345428467, 0.37230050563812256, 0.33818715810775757, 0.30072852969169617, 0.2591862082481384]",0.848895251750946,0.2591862082481384,0.45246491208672523,0.18995711122337897
2026-02-23 22:07:14.608071,27.86,8,"[0.8446245789527893, 0.5810869336128235, 0.4633258879184723, 0.45528021454811096, 0.37104469537734985, 0.3315868079662323, 0.28909820318222046, 0.2599557340145111]",0.8446245789527893,0.2599557340145111,0.4495003819465637,0.19100397935847488
2026-02-23 22:07:14.642804,27.72,7,"[0.7954396605491638, 0.7179322242736816, 0.6700713038444519, 0.43935009837150574, 0.3278043568134308, 0.2790815532207489, 0.25179556012153625]",0.7954396605491638,0.25179556012153625,0.49735353674207416,0.22634576191523278
2026-02-23 22:07:14.672840,28.62,6,"[0.793774425983429, 0.7161664366722107, 0.6066550612449646, 0.49679264426231384, 0.28160709142684937, 0.26761868596076965]",0.793774425983429,0.26761868596076965,0.5271023909250895,0.2198664280839396
2026-02-23 22:07:14.706843,29.49,6,"[0.8356253504753113, 0.6928604245185852, 0.5925968885421753, 0.5254313945770264, 0.31267109513282776, 0.25242146849632263]",0.8356253504753113,0.25242146849632263,0.5352677702903748,0.2227037552255069
2026-02-23 22:07:14.735338,30.41,4,"[0.8260009288787842, 0.8188973665237427, 0.35152876377105713, 0.288689523935318]",0.8260009288787842,0.288689523935318,0.5712791457772255,0.2911729696684988
2026-02-23 22:07:14.768432,30.15,4,"[0.8247280716896057, 0.7846848964691162, 0.3193543255329132, 0.3014528155326843]",0.8247280716896057,0.3014528155326843,0.5575550273060799,0.2859471573045351
2026-02-23 22:07:14.795017,30.64,4,"[0.826961100101471, 0.8036351203918457, 0.31121399998664856, 0.2540395259857178]",0.826961100101471,0.2540395259857178,0.5489624366164207,0.3085694276796489
2026-02-23 22:07:14.829381,30.73,6,"[0.8253571391105652, 0.7071337699890137, 0.64091557264328, 0.4279226064682007, 0.4025645852088928, 0.31728285551071167]",0.8253571391105652,0.31728285551071167,0.553529421488444,0.19975026261224504
2026-02-23 22:07:14.857992,32.36,6,"[0.8340457677841187, 0.6731398105621338, 0.67118239402771, 0.4831047058105469, 0.464821994304657, 0.359068900346756]",0.8340457677841187,0.359068900346756,0.580893928805987,0.17492222991658024
2026-02-23 22:07:14.881670,33.97,6,"[0.8325203061103821, 0.6824499368667603, 0.6760501861572266, 0.5182349681854248, 0.467070996761322, 0.3490394055843353]",0.8325203061103821,0.3490394055843353,0.5875609666109085,0.17496045188941897
2026-02-23 22:07:14.904171,34.49,6,"[0.8548479676246643, 0.7312434315681458, 0.6535801887512207, 0.5606043934822083, 0.47710612416267395, 0.42190513014793396]",0.8548479676246643,0.42190513014793396,0.6165478726228079,0.16234091919637886
2026-02-23 22:07:14.935560,34.83,6,"[0.8557009100914001, 0.540412425994873, 0.5077903270721436, 0.4574030041694641, 0.42070209980010986, 0.32147133350372314]",0.8557009100914001,0.32147133350372314,0.517246683438619,0.18243215071010815
2026-02-23 22:07:14.965645,34.79,6,"[0.8533467650413513, 0.5196064114570618, 0.5093370676040649, 0.49678322672843933, 0.46640196442604065, 0.32967913150787354]",0.8533467650413513,0.32967913150787354,0.5291924277941386,0.1734132148323076
2026-02-23 22:07:14.995532,35.14,6,"[0.8566664457321167, 0.5305448174476624, 0.5001120567321777, 0.47215187549591064, 0.46729132533073425, 0.3950740098953247]",0.8566664457321167,0.3950740098953247,0.5369734217723211,0.16297029623335724
2026-02-23 22:07:15.027838,34.79,7,"[0.8299498558044434, 0.8181071281433105, 0.6784023642539978, 0.5880323052406311, 0.4966517984867096, 0.46342623233795166, 0.3090282678604126]",0.8299498558044434,0.3090282678604126,0.5976568503039223,0.19178858724740802
2026-02-23 22:07:15.060813,34.81,7,"[0.8305928111076355, 0.821195662021637, 0.665604293346405, 0.5636453628540039, 0.5223473310470581, 0.5019391775131226, 0.38147932291030884]",0.8305928111076355,0.38147932291030884,0.6124005658285958,0.16834828895634782
2026-02-23 22:07:15.090781,34.39,7,"[0.8340146541595459, 0.8174587488174438, 0.6912516355514526, 0.5328257083892822, 0.527871310710907, 0.5028743743896484, 0.3916378915309906]",0.8340146541595459,0.3916378915309906,0.6139906176498958,0.16910103182304645
2026-02-23 22:07:15.129775,34.05,7,"[0.8574448823928833, 0.7790330648422241, 0.748884916305542, 0.745072603225708, 0.7286955714225769, 0.7285380363464355, 0.2726403772830963]",0.8574448823928833,0.2726403772830963,0.6943299216883523,0.1912700729700883
2026-02-23 22:07:15.153347,34.76,7,"[0.8620285987854004, 0.7780563235282898, 0.7566038966178894, 0.7543102502822876, 0.7501491904258728, 0.7284299731254578, 0.29109805822372437]",0.8620285987854004,0.29109805822372437,0.7029537558555603,0.18662019844695282
2026-02-23 22:07:15.184022,33.79,7,"[0.8455122113227844, 0.7561736702919006, 0.748527467250824, 0.7262158989906311, 0.7128351330757141, 0.6738868355751038, 0.2915065586566925]",0.8455122113227844,0.2915065586566925,0.6792368250233787,0.1789167575940737
2026-02-23 22:07:15.222140,32.0,7,"[0.845457911491394, 0.7564430236816406, 0.7476617693901062, 0.7200027704238892, 0.7115566730499268, 0.6725732684135437, 0.2940628230571747]",0.845457911491394,0.2940628230571747,0.678251177072525,0.17765850615459117
2026-02-23 22:07:15.256902,31.69,7,"[0.8835664987564087, 0.8296710252761841, 0.8166637420654297, 0.7524453401565552, 0.6516826748847961, 0.5533381700515747, 0.33146220445632935]",0.8835664987564087,0.33146220445632935,0.6884042365210397,0.1939051776764384
2026-02-23 22:07:15.303817,30.5,7,"[0.8814117312431335, 0.8331113457679749, 0.8193288445472717, 0.7768281698226929, 0.6620566844940186, 0.6371206045150757, 0.32714831829071045]",0.8814117312431335,0.32714831829071045,0.7052865283829826,0.18929124203602965
2026-02-23 22:07:15.327198,31.41,7,"[0.87842857837677, 0.8345873951911926, 0.8203128576278687, 0.7575697898864746, 0.7250142097473145, 0.6383604407310486, 0.33705615997314453]",0.87842857837677,0.33705615997314453,0.7130470616476876,0.18380323953899952
2026-02-23 22:07:15.357256,31.63,6,"[0.893416166305542, 0.8274486064910889, 0.7200877666473389, 0.6479835510253906, 0.6021504402160645, 0.5580058693885803]",0.893416166305542,0.5580058693885803,0.7081820666790009,0.1312230027128055
2026-02-23 22:07:15.387597,31.91,8,"[0.8939685225486755, 0.8272696733474731, 0.7263936996459961, 0.6390895843505859, 0.622878909111023, 0.5568632483482361, 0.29857125878334045, 0.25397732853889465]",0.8939685225486755,0.25397732853889465,0.6023765280842781,0.22944105234979065
2026-02-23 22:07:15.427665,31.06,7,"[0.8943061828613281, 0.8282645344734192, 0.7190043330192566, 0.6561996340751648, 0.6031979918479919, 0.5620044469833374, 0.25451910495758057]",0.8943061828613281,0.25451910495758057,0.6453566040311541,0.20914574043469208
2026-02-23 22:07:15.452297,32.54,9,"[0.8935481905937195, 0.8720378279685974, 0.8303743004798889, 0.8030118346214294, 0.6749640107154846, 0.6138028502464294, 0.44895559549331665, 0.44884371757507324, 0.2524767220020294]",0.8935481905937195,0.2524767220020294,0.6486683388551077,0.2251080192595517
2026-02-23 22:07:15.489480,31.05,8,"[0.8946713805198669, 0.8694683313369751, 0.8355268239974976, 0.8315939903259277, 0.6701011061668396, 0.6303655505180359, 0.4576476514339447, 0.4393994212150574]",0.8946713805198669,0.4393994212150574,0.7035967819392681,0.18306426983653354
2026-02-23 22:07:15.518392,31.24,8,"[0.8942429423332214, 0.8685126900672913, 0.832791805267334, 0.8321298956871033, 0.6714084148406982, 0.6488015055656433, 0.45612621307373047, 0.44217798113822937]",0.8942429423332214,0.44217798113822937,0.7057739309966564,0.1813983367151563
2026-02-23 22:07:15.545933,32.2,7,"[0.8980040550231934, 0.8523709774017334, 0.7771186232566833, 0.6893190741539001, 0.6811887621879578, 0.5294197201728821, 0.5230264067649841]",0.8980040550231934,0.5230264067649841,0.707206802708762,0.14656708702239069
2026-02-23 22:07:15.575993,32.63,8,"[0.8975118398666382, 0.8523987531661987, 0.787075936794281, 0.6973448991775513, 0.6807857751846313, 0.5277690887451172, 0.519037663936615, 0.2543671429157257]",0.8975118398666382,0.2543671429157257,0.6520363874733448,0.21138664432192633
2026-02-23 22:07:15.598533,34.97,7,"[0.8975458741188049, 0.8507013916969299, 0.8020799160003662, 0.674401581287384, 0.6717993021011353, 0.5330051183700562, 0.5182756781578064]",0.8975458741188049,0.5182756781578064,0.7068298373903547,0.14954968092137966
2026-02-23 22:07:15.622597,34.86,7,"[0.8972886204719543, 0.8503203988075256, 0.8063881397247314, 0.6718898415565491, 0.6626538634300232, 0.532876193523407, 0.5174244046211243]",0.8972886204719543,0.5174244046211243,0.705548780305045,0.15059386067773464
2026-02-23 22:07:15.655133,34.61,7,"[0.8951514959335327, 0.8685920238494873, 0.8416459560394287, 0.7169707417488098, 0.6736860871315002, 0.6406294703483582, 0.5468071699142456]",0.8951514959335327,0.5468071699142456,0.7404975635664803,0.13106227286808664
2026-02-23 22:07:15.685947,34.56,7,"[0.8946684002876282, 0.8674774765968323, 0.8273773789405823, 0.7413240671157837, 0.6520061492919922, 0.6476496458053589, 0.5436455011367798]",0.8946684002876282,0.5436455011367798,0.7391640884535653,0.1307867757462594
2026-02-23 22:07:15.710488,36.15,7,"[0.8934420943260193, 0.8707770705223083, 0.8565858602523804, 0.7275477647781372, 0.6791695356369019, 0.6438454389572144, 0.5540043115615845]",0.8934420943260193,0.5540043115615845,0.7464817251477923,0.1301542618419648
2026-02-23 22:07:15.736050,36.01,11,"[0.9277170896530151, 0.8928710222244263, 0.8439205884933472, 0.7784877419471741, 0.6152976751327515, 0.429769903421402, 0.4280175566673279, 0.4095182418823242, 0.3143170475959778, 0.3016570806503296, 0.2917868196964264]",0.9277170896530151,0.2917868196964264,0.5666691606695001,0.25159468150969355
2026-02-23 22:07:15.763560,36.91,12,"[0.9287903904914856, 0.8930565714836121, 0.843880295753479, 0.7541471719741821, 0.6128208637237549, 0.4387083947658539, 0.4375532567501068, 0.41944146156311035, 0.31325826048851013, 0.2922304570674896, 0.28859660029411316, 0.268179714679718]",0.9287903904914856,0.268179714679718,0.540888619919618,0.2530691144704795
2026-02-23 22:07:15.793316,36.82,12,"[0.9257380962371826, 0.8925344347953796, 0.8423354625701904, 0.7435228824615479, 0.6418561339378357, 0.461683988571167, 0.4249266982078552, 0.42401063442230225, 0.2976323962211609, 0.26645734906196594, 0.259645938873291, 0.2506806552410126]",0.9257380962371826,0.2506806552410126,0.5359187225500742,0.26020586391543393
2026-02-23 22:07:15.823902,36.5,9,"[0.9303020238876343, 0.9013276696205139, 0.8392861485481262, 0.8142855167388916, 0.6772124171257019, 0.5564470291137695, 0.49262872338294983, 0.4345458149909973, 0.40065866708755493]",0.9303020238876343,0.40065866708755493,0.6718548900551267,0.20709450500581447
2026-02-23 22:07:15.859351,36.0,9,"[0.9311643242835999, 0.9000730514526367, 0.8351340293884277, 0.8219741582870483, 0.6666777729988098, 0.5149461627006531, 0.4891653060913086, 0.43557092547416687, 0.4302661418914795]",0.9311643242835999,0.4302661418914795,0.6694413191742368,0.2063632193776155
2026-02-23 22:07:15.895653,34.3,9,"[0.9297356605529785, 0.899361789226532, 0.8385952711105347, 0.8242571949958801, 0.6619254946708679, 0.5106120705604553, 0.4984839856624603, 0.42753979563713074, 0.4169101417064667]",0.9297356605529785,0.4169101417064667,0.6674912671248118,0.20915345073517913
2026-02-23 22:07:15.925435,33.53,9,"[0.9294195175170898, 0.8988018035888672, 0.8364759087562561, 0.8238776922225952, 0.660740077495575, 0.5172688364982605, 0.49859562516212463, 0.42748376727104187, 0.41929563879966736]",0.9294195175170898,0.41929563879966736,0.6679954297012753,0.20780518914370483
2026-02-23 22:07:15.951738,34.25,10,"[0.8548773527145386, 0.8095609545707703, 0.8006730675697327, 0.712257444858551, 0.7097039222717285, 0.5489501357078552, 0.4892875552177429, 0.38431453704833984, 0.32633325457572937, 0.25877296924591064]",0.8548773527145386,0.25877296924591064,0.5894731193780899,0.2174062756065167
2026-02-23 22:07:15.983535,34.12,9,"[0.8569992780685425, 0.8043172359466553, 0.7147780060768127, 0.7118784785270691, 0.6875362396240234, 0.5396612882614136, 0.46925464272499084, 0.4133351445198059, 0.3165418207645416]",0.8569992780685425,0.3165418207645416,0.6127002371682061,0.1856149548560323
2026-02-23 22:07:16.010988,33.69,10,"[0.852873682975769, 0.7997217774391174, 0.7248006463050842, 0.7074112296104431, 0.7033562064170837, 0.588875412940979, 0.5145695209503174, 0.43922579288482666, 0.25574153661727905, 0.25160935521125793]",0.852873682975769,0.25160935521125793,0.5838185161352157,0.21400175558531823
2026-02-23 22:07:16.042073,33.01,9,"[0.8735427856445312, 0.8474635481834412, 0.722991406917572, 0.6870734691619873, 0.6640666127204895, 0.4076026678085327, 0.40472936630249023, 0.35152551531791687, 0.2957540452480316]",0.8735427856445312,0.2957540452480316,0.5838610463672214,0.22078988916257816
2026-02-23 22:07:16.084406,31.76,9,"[0.8796058297157288, 0.846990704536438, 0.7466058135032654, 0.6709660887718201, 0.6670945882797241, 0.43227317929267883, 0.4278605282306671, 0.34131261706352234, 0.28497302532196045]",0.8796058297157288,0.28497302532196045,0.5886313749684228,0.2216351710859347
2026-02-23 22:07:16.127585,30.71,9,"[0.8886640071868896, 0.8405303359031677, 0.7284380793571472, 0.6770293712615967, 0.6427587270736694, 0.4502769708633423, 0.42537549138069153, 0.31963932514190674, 0.26919594407081604]",0.8886640071868896,0.26919594407081604,0.582434250248803,0.22461273905138768
2026-02-23 22:07:16.150879,31.72,7,"[0.8851983547210693, 0.6673449873924255, 0.6567474603652954, 0.5932942032814026, 0.44938910007476807, 0.36155274510383606, 0.3580666184425354]",0.8851983547210693,0.3580666184425354,0.5673704956259046,0.191380248282389
2026-02-23 22:07:16.184845,31.87,6,"[0.8884434103965759, 0.6776240468025208, 0.6440030336380005, 0.5777583718299866, 0.4543665945529938, 0.3773120939731598]",0.8884434103965759,0.3773120939731598,0.6032512585322062,0.18021743468191917
2026-02-23 22:07:16.216147,32.27,7,"[0.8842463493347168, 0.6814628839492798, 0.638728141784668, 0.5403951406478882, 0.44296860694885254, 0.3563605546951294, 0.25792092084884644]",0.8842463493347168,0.25792092084884644,0.5431546568870544,0.2124861484369733
2026-02-23 22:07:16.246612,32.18,7,"[0.8850097060203552, 0.6825960874557495, 0.636333167552948, 0.5423383116722107, 0.4471161961555481, 0.4083442687988281, 0.26220953464508057]",0.8850097060203552,0.26220953464508057,0.5519924674715314,0.20443920390613388
2026-02-23 22:07:16.279073,31.5,6,"[0.8951308727264404, 0.4781458377838135, 0.4695638418197632, 0.3994234502315521, 0.3631710112094879, 0.29269519448280334]",0.8951308727264404,0.29269519448280334,0.48302170137564343,0.2133616141177776
2026-02-23 22:07:16.319323,30.84,6,"[0.8965649008750916, 0.487286776304245, 0.4831012189388275, 0.36763182282447815, 0.3427104353904724, 0.2913385033607483]",0.8965649008750916,0.2913385033607483,0.4781056096156438,0.21937898309815593
2026-02-23 22:07:16.358343,29.78,6,"[0.8953627347946167, 0.48467984795570374, 0.4558165371417999, 0.3677559792995453, 0.2988644242286682, 0.27134889364242554]",0.8953627347946167,0.27134889364242554,0.4623047361771266,0.22812203283131371
2026-02-23 22:07:16.386527,30.03,3,"[0.8371945023536682, 0.3167963922023773, 0.2574205696582794]",0.8371945023536682,0.2574205696582794,0.47047048807144165,0.3189768785729619
2026-02-23 22:07:16.421844,30.54,2,"[0.8368152976036072, 0.32300084829330444]",0.8368152976036072,0.32300084829330444,0.5799080729484558,0.36332168137894666
2026-02-23 22:07:16.456945,31.09,3,"[0.8349735736846924, 0.3173087239265442, 0.25135669112205505]",0.8349735736846924,0.25135669112205505,0.4678796629110972,0.3196183226178535
2026-02-23 22:07:16.510792,28.66,5,"[0.801203727722168, 0.4297451078891754, 0.3187192976474762, 0.3028049170970917, 0.2696400582790375]",0.801203727722168,0.2696400582790375,0.42442262172698975,0.21903996863718705
2026-02-23 22:07:16.554161,27.98,5,"[0.7968190312385559, 0.4223359525203705, 0.31703007221221924, 0.3137384057044983, 0.274949848651886]",0.7968190312385559,0.274949848651886,0.424974662065506,0.2149466105346655
2026-02-23 22:07:16.600002,27.0,5,"[0.7983582615852356, 0.40870121121406555, 0.3415791690349579, 0.3112005293369293, 0.28986379504203796]",0.7983582615852356,0.28986379504203796,0.4299405932426453,0.21077899750356108
2026-02-23 22:07:16.648144,25.8,5,"[0.7982284426689148, 0.4033219516277313, 0.3381495773792267, 0.30490970611572266, 0.288953959941864]",0.7982284426689148,0.288953959941864,0.4267127275466919,0.21226630716517803
2026-02-23 22:07:16.671039,26.98,2,"[0.8238641023635864, 0.2546258568763733]",0.8238641023635864,0.2546258568763733,0.5392449796199799,0.40251222349474103
2026-02-23 22:07:16.710131,27.1,3,"[0.826292872428894, 0.2752693295478821, 0.2503789961338043]",0.826292872428894,0.2503789961338043,0.45064706603686017,0.32555677088536655
2026-02-23 22:07:16.759556,26.54,3,"[0.828363299369812, 0.25888511538505554, 0.2578628659248352]",0.828363299369812,0.2578628659248352,0.44837042689323425,0.3290838777549582
2026-02-23 22:07:16.788532,26.47,6,"[0.7942842841148376, 0.3778475224971771, 0.3197421133518219, 0.29681017994880676, 0.2959602475166321, 0.27990901470184326]",0.7942842841148376,0.27990901470184326,0.39409222702185315,0.1990361778412192
2026-02-23 22:07:16.837894,25.63,5,"[0.792229413986206, 0.3627255856990814, 0.3086707293987274, 0.29807648062705994, 0.29064619541168213]",0.792229413986206,0.29064619541168213,0.4104696810245514,0.2152747767978906
2026-02-23 22:07:16.886497,24.83,7,"[0.7891659140586853, 0.36432114243507385, 0.31615641713142395, 0.3114522099494934, 0.2985718548297882, 0.26725947856903076, 0.25079718232154846]",0.7891659140586853,0.25079718232154846,0.37110345704214914,0.18793512673019142
2026-02-23 22:07:16.933708,25.1,5,"[0.703197181224823, 0.36618945002555847, 0.29963237047195435, 0.2976732850074768, 0.26397502422332764]",0.703197181224823,0.26397502422332764,0.38613346219062805,0.18107836102875674
2026-02-23 22:07:16.970577,25.53,5,"[0.6991555690765381, 0.37066352367401123, 0.30452337861061096, 0.30243584513664246, 0.25921371579170227]",0.6991555690765381,0.25921371579170227,0.387198406457901,0.17887887433537297
2026-02-23 22:07:17.002250,26.51,5,"[0.7230825424194336, 0.3676697313785553, 0.30631381273269653, 0.30184948444366455, 0.2559254467487335]",0.7230825424194336,0.2559254467487335,0.3909682035446167,0.18986035067418186
2026-02-23 22:07:17.052773,26.42,5,"[0.725835919380188, 0.36668893694877625, 0.3057417571544647, 0.3045710623264313, 0.25527438521385193]",0.725835919380188,0.25527438521385193,0.3916224122047424,0.1909610925415574
2026-02-23 22:07:17.099904,24.23,9,"[0.7680339813232422, 0.592654287815094, 0.4344659745693207, 0.4208652675151825, 0.4160325229167938, 0.40923136472702026, 0.38020989298820496, 0.32804280519485474, 0.29474470019340515]",0.7680339813232422,0.29474470019340515,0.4493645330270131,0.14545044644475835
2026-02-23 22:07:17.144310,23.88,9,"[0.7781217098236084, 0.608902633190155, 0.43540823459625244, 0.4333159327507019, 0.39364951848983765, 0.3809528052806854, 0.37508392333984375, 0.3175477683544159, 0.2803926467895508]",0.7781217098236084,0.2803926467895508,0.4448194636238946,0.1553339940795909
2026-02-23 22:07:17.190118,24.04,9,"[0.8038241863250732, 0.6381030082702637, 0.4651777446269989, 0.4293118715286255, 0.4007106423377991, 0.3727680444717407, 0.3088832199573517, 0.3044337034225464, 0.29871389269828796]",0.8038241863250732,0.29871389269828796,0.4468807015154097,0.17085457384793168
2026-02-23 22:07:17.238847,22.68,6,"[0.7175365686416626, 0.7136924862861633, 0.4411749541759491, 0.3928152024745941, 0.3472411334514618, 0.30375590920448303]",0.7175365686416626,0.30375590920448303,0.4860360423723857,0.18363696035053137
2026-02-23 22:07:17.287059,22.71,6,"[0.7645543813705444, 0.7139402627944946, 0.450838178396225, 0.41102027893066406, 0.33845776319503784, 0.3124108612537384]",0.7645543813705444,0.3124108612537384,0.49853695432345074,0.1935801996297719
2026-02-23 22:07:17.311204,24.77,6,"[0.7737383246421814, 0.7151443958282471, 0.4474933445453644, 0.42298319935798645, 0.3303062319755554, 0.3109133839607239]",0.7737383246421814,0.3109133839607239,0.5000964800516764,0.19720952578589587
2026-02-23 22:07:17.351369,25.18,8,"[0.7762072682380676, 0.6239427328109741, 0.5102732181549072, 0.42025983333587646, 0.41449442505836487, 0.3774389326572418, 0.3535258173942566, 0.34314674139022827]",0.7762072682380676,0.34314674139022827,0.4774111211299896,0.15232684742592964
2026-02-23 22:07:17.395689,24.69,8,"[0.777267336845398, 0.6286705732345581, 0.4800187647342682, 0.43254393339157104, 0.4247030019760132, 0.37502604722976685, 0.3622726798057556, 0.3539208471775055]",0.777267336845398,0.3539208471775055,0.47930289804935455,0.14954787257850508
2026-02-23 22:07:17.449632,23.38,8,"[0.7806581854820251, 0.6333593130111694, 0.5010223388671875, 0.44238898158073425, 0.3890346884727478, 0.3832736611366272, 0.3792692720890045, 0.35693463683128357]",0.7806581854820251,0.35693463683128357,0.4832426346838474,0.15052729656279665
2026-02-23 22:07:17.480978,24.6,8,"[0.7818730473518372, 0.6334835290908813, 0.5028388500213623, 0.439937561750412, 0.387635201215744, 0.3827458918094635, 0.38164979219436646, 0.3570287823677063]",0.7818730473518372,0.3570287823677063,0.48339908197522163,0.15095080264682972
2026-02-23 22:07:17.508376,26.06,4,"[0.7412395477294922, 0.7196630835533142, 0.501560628414154, 0.4142550230026245]",0.7412395477294922,0.4142550230026245,0.5941795706748962,0.16157955746956013
2026-02-23 22:07:17.549240,26.29,4,"[0.7575500011444092, 0.6857841610908508, 0.4752466380596161, 0.41971808671951294]",0.7575500011444092,0.41971808671951294,0.5845747217535973,0.1625773025263675
2026-02-23 22:07:17.581464,27.19,4,"[0.7636580467224121, 0.677547812461853, 0.4518255591392517, 0.3922412097454071]",0.7636580467224121,0.3922412097454071,0.571318157017231,0.1776010574851291
2026-02-23 22:07:17.610788,28.58,6,"[0.8086408972740173, 0.7458290457725525, 0.6885440349578857, 0.4740009903907776, 0.35693883895874023, 0.3200635015964508]",0.8086408972740173,0.3200635015964508,0.5656695514917374,0.20922935937953982
2026-02-23 22:07:17.647608,29.23,6,"[0.8096516728401184, 0.7456521391868591, 0.6895914673805237, 0.46759337186813354, 0.3602341413497925, 0.3372132182121277]",0.8096516728401184,0.3372132182121277,0.5683226684729258,0.20554822083183066
2026-02-23 22:07:17.699331,27.07,6,"[0.8199163675308228, 0.7311118245124817, 0.6789488196372986, 0.4772334396839142, 0.35464224219322205, 0.3509630858898163]",0.8199163675308228,0.3509630858898163,0.568802629907926,0.2016126098191435
2026-02-23 22:07:17.729839,27.79,4,"[0.8188472986221313, 0.7196932435035706, 0.3744904398918152, 0.26069098711013794]",0.8188472986221313,0.26069098711013794,0.5434304922819138,0.26795854391380675
2026-02-23 22:07:17.774412,27.8,4,"[0.8251959085464478, 0.7304907441139221, 0.3373657763004303, 0.2869196832180023]",0.8251959085464478,0.2869196832180023,0.5449930280447006,0.27241756177193155
2026-02-23 22:07:17.801973,29.49,4,"[0.8362874388694763, 0.7563990950584412, 0.33455589413642883, 0.2599857747554779]",0.8362874388694763,0.2599857747554779,0.546807050704956,0.291573157195079
2026-02-23 22:07:17.831498,29.68,4,"[0.8344925045967102, 0.7593045234680176, 0.3564932346343994, 0.25559672713279724]",0.8344925045967102,0.25559672713279724,0.5514717474579811,0.28801265011033866
2026-02-23 22:07:17.866918,28.95,5,"[0.7858606576919556, 0.5279138684272766, 0.4979459047317505, 0.47965073585510254, 0.3335137963294983]",0.7858606576919556,0.3335137963294983,0.5249769926071167,0.1639452780193734
2026-02-23 22:07:17.916553,28.5,5,"[0.7954237461090088, 0.4961329400539398, 0.4923911988735199, 0.4373946785926819, 0.3644479215145111]",0.7954237461090088,0.3644479215145111,0.5171580970287323,0.16444590946136486
2026-02-23 22:07:17.964461,27.51,5,"[0.8032124638557434, 0.5029172301292419, 0.48572811484336853, 0.41270536184310913, 0.3136385679244995]",0.8032124638557434,0.3136385679244995,0.5036403477191925,0.1833266700003114
2026-02-23 22:07:17.995661,27.26,4,"[0.7794679999351501, 0.5836530327796936, 0.5453783869743347, 0.44456079602241516]",0.7794679999351501,0.44456079602241516,0.5882650539278984,0.14032108091026457
2026-02-23 22:07:18.041030,26.75,4,"[0.77870112657547, 0.5804114937782288, 0.5423344373703003, 0.44781315326690674]",0.77870112657547,0.44781315326690674,0.5873150527477264,0.13923639861776146
2026-02-23 22:07:18.088733,26.89,4,"[0.7939961552619934, 0.5478113889694214, 0.5457232594490051, 0.4338892698287964]",0.7939961552619934,0.4338892698287964,0.5803550183773041,0.15204516588694147
2026-02-23 22:07:18.140404,25.57,4,"[0.6639248132705688, 0.6484199166297913, 0.32073453068733215, 0.2800845503807068]",0.6639248132705688,0.2800845503807068,0.47829095274209976,0.2061662748009876
2026-02-23 22:07:18.186576,25.49,4,"[0.6630071401596069, 0.6533125042915344, 0.3421768546104431, 0.27720212936401367]",0.6630071401596069,0.27720212936401367,0.48392465710639954,0.20296914502714536
2026-02-23 22:07:18.233770,24.05,4,"[0.6724963784217834, 0.6282221078872681, 0.3497680127620697, 0.27986615896224976]",0.6724963784217834,0.27986615896224976,0.48258816450834274,0.19664839978874507
2026-02-23 22:07:18.277809,22.92,4,"[0.6810754537582397, 0.6296010613441467, 0.347153902053833, 0.2787943184375763]",0.6810754537582397,0.2787943184375763,0.48415618389844894,0.2007274538883577
2026-02-23 22:07:18.325944,22.17,3,"[0.7829379439353943, 0.5726107358932495, 0.25347787141799927]",0.7829379439353943,0.25347787141799927,0.536342183748881,0.2665868488945355
2026-02-23 22:07:18.359289,23.15,2,"[0.7979863286018372, 0.5634146928787231]",0.7979863286018372,0.5634146928787231,0.6807005107402802,0.1658671942938345
2026-02-23 22:07:18.403016,23.35,2,"[0.7808729410171509, 0.6064248085021973]",0.7808729410171509,0.6064248085021973,0.6936488747596741,0.12335345746665315
2026-02-23 22:07:18.449698,22.28,2,"[0.7221129536628723, 0.49924013018608093]",0.7221129536628723,0.49924013018608093,0.6106765419244766,0.15759488482263156
2026-02-23 22:07:18.499712,22.09,2,"[0.7195210456848145, 0.5270308256149292]",0.7195210456848145,0.5270308256149292,0.6232759356498718,0.13611113992350674
2026-02-23 22:07:18.552520,21.9,2,"[0.7205987572669983, 0.49941691756248474]",0.7205987572669983,0.49941691756248474,0.6100078374147415,0.15639917873037748
2026-02-23 22:07:18.584092,23.07,3,"[0.7753707766532898, 0.5172911882400513, 0.266998291015625]",0.7753707766532898,0.266998291015625,0.5198867519696554,0.2541961816228958
2026-02-23 22:07:18.621791,23.56,2,"[0.771327555179596, 0.5157918930053711]",0.771327555179596,0.5157918930053711,0.6435597240924835,0.18069099955838913
2026-02-23 22:07:18.654452,24.54,2,"[0.7802498936653137, 0.4891059994697571]",0.7802498936653137,0.4891059994697571,0.6346779465675354,0.2058698218867368
2026-02-23 22:07:18.706778,24.19,2,"[0.7771296501159668, 0.49429550766944885]",0.7771296501159668,0.49429550766944885,0.6357125788927078,0.19999394007501478
2026-02-23 22:07:18.749333,24.42,6,"[0.7959380149841309, 0.6578463315963745, 0.30082499980926514, 0.2828621566295624, 0.2681203782558441, 0.26670295000076294]",0.7959380149841309,0.26670295000076294,0.4287158052126567,0.2353811168277541
2026-02-23 22:07:18.805216,23.25,6,"[0.7854098081588745, 0.6379490494728088, 0.26592549681663513, 0.26280274987220764, 0.2562675476074219, 0.2554154694080353]",0.7854098081588745,0.2554154694080353,0.4106283535559972,0.23784257868513942
2026-02-23 22:07:18.839238,23.83,6,"[0.7827088832855225, 0.649459183216095, 0.2699422538280487, 0.25980785489082336, 0.25559523701667786, 0.25211960077285767]",0.7827088832855225,0.25211960077285767,0.4116055021683375,0.239657276246938
2026-02-23 22:07:18.873894,24.78,4,"[0.7942171692848206, 0.5502321124076843, 0.2902854382991791, 0.26462292671203613]",0.7942171692848206,0.26462292671203613,0.47483941167593,0.24895605436745433
2026-02-23 22:07:18.904034,25.88,4,"[0.7903013825416565, 0.555230975151062, 0.2881182134151459, 0.26956814527511597]",0.7903013825416565,0.26956814527511597,0.4758046790957451,0.24696587501477113
2026-02-23 22:07:18.939489,26.81,4,"[0.7943922877311707, 0.5433827638626099, 0.2738940417766571, 0.27208349108695984]",0.7943922877311707,0.27208349108695984,0.47093814611434937,0.2504930852339519
2026-02-23 22:07:18.989999,25.7,4,"[0.8018619418144226, 0.5200691819190979, 0.35265156626701355, 0.3318557143211365]",0.8018619418144226,0.3318557143211365,0.5016096010804176,0.21717665808149744
2026-02-23 22:07:19.022714,26.02,4,"[0.809546947479248, 0.535103976726532, 0.3795974552631378, 0.3548991084098816]",0.809546947479248,0.3548991084098816,0.5197868719696999,0.2089948661137521
2026-02-23 22:07:19.065354,25.32,4,"[0.8039687871932983, 0.539203941822052, 0.37780866026878357, 0.36090654134750366]",0.8039687871932983,0.36090654134750366,0.5204719826579094,0.2053738689087066
2026-02-23 22:07:19.107188,25.8,4,"[0.8042647838592529, 0.5429771542549133, 0.37641558051109314, 0.36228588223457336]",0.8042647838592529,0.36228588223457336,0.5214858502149582,0.2056014059770749
2026-02-23 22:07:19.164568,25.22,6,"[0.7827598452568054, 0.626697301864624, 0.5386396050453186, 0.32988885045051575, 0.31232666969299316, 0.3034325838088989]",0.7827598452568054,0.3034325838088989,0.48229080935319263,0.19920566964065659
2026-02-23 22:07:19.202859,26.04,6,"[0.7788914442062378, 0.6269195675849915, 0.5698762536048889, 0.3188595175743103, 0.3060273826122284, 0.3053942918777466]",0.7788914442062378,0.3053942918777466,0.4843280762434006,0.2027839649692742
2026-02-23 22:07:19.237804,25.95,7,"[0.7690664529800415, 0.6376683712005615, 0.581179141998291, 0.31235191226005554, 0.3036056458950043, 0.2863621413707733, 0.2709311544895172]",0.7690664529800415,0.2709311544895172,0.45159497431346346,0.20552140271425853
2026-02-23 22:07:19.281042,25.22,5,"[0.7593678832054138, 0.47941121459007263, 0.43315061926841736, 0.38607650995254517, 0.2672029733657837]",0.7593678832054138,0.2672029733657837,0.46504184007644656,0.18250143088167156
2026-02-23 22:07:19.317555,24.81,5,"[0.757827877998352, 0.47750726342201233, 0.438101589679718, 0.4162345826625824, 0.2708955407142639]",0.757827877998352,0.2708955407142639,0.47211337089538574,0.17778479199885708
2026-02-23 22:07:19.358847,24.4,5,"[0.756607711315155, 0.47441741824150085, 0.44395068287849426, 0.41630735993385315, 0.27278971672058105]",0.756607711315155,0.27278971672058105,0.47281457781791686,0.17647751052094732
2026-02-23 22:07:19.388084,25.87,4,"[0.6991751194000244, 0.6320340633392334, 0.42687293887138367, 0.2851395905017853]",0.6991751194000244,0.2851395905017853,0.5108054280281067,0.18986772203251506
2026-02-23 22:07:19.420532,25.92,4,"[0.7137508392333984, 0.6087357997894287, 0.4269477128982544, 0.3161836564540863]",0.7137508392333984,0.3161836564540863,0.516404502093792,0.17847646855018282
2026-02-23 22:07:19.447901,27.19,4,"[0.7127346396446228, 0.5742741227149963, 0.4815489649772644, 0.3234274983406067]",0.7127346396446228,0.3234274983406067,0.5229963064193726,0.1634784805509498
2026-02-23 22:07:19.486584,27.42,4,"[0.7113062143325806, 0.5820319652557373, 0.487871378660202, 0.32080113887786865]",0.7113062143325806,0.32080113887786865,0.5255026742815971,0.16435464625853563
2026-02-23 22:07:19.525280,28.29,2,"[0.7287997603416443, 0.6862154603004456]",0.7287997603416443,0.6862154603004456,0.7075076103210449,0.030111647331214197
2026-02-23 22:07:19.557695,28.67,2,"[0.7296617031097412, 0.6901861429214478]",0.7296617031097412,0.6901861429214478,0.7099239230155945,0.02791343630028001
2026-02-23 22:07:19.593542,28.85,2,"[0.7107844948768616, 0.6768156886100769]",0.7107844948768616,0.6768156886100769,0.6938000917434692,0.02401957326005553
2026-02-23 22:07:19.621506,29.86,4,"[0.7170319557189941, 0.5031561255455017, 0.28718769550323486, 0.26658114790916443]",0.7170319557189941,0.26658114790916443,0.4434892311692238,0.21143352021610004
2026-02-23 22:07:19.654148,30.22,4,"[0.7117160558700562, 0.4964485764503479, 0.3112124800682068, 0.2692722976207733]",0.7117160558700562,0.2692722976207733,0.44716235250234604,0.20210973362446008
2026-02-23 22:07:19.693130,30.43,4,"[0.7165002226829529, 0.48952555656433105, 0.33932873606681824, 0.28525176644325256]",0.7165002226829529,0.28525176644325256,0.4576515704393387,0.19299443973999833
2026-02-23 22:07:19.732693,29.4,2,"[0.3364836871623993, 0.26262080669403076]",0.3364836871623993,0.26262080669403076,0.299552246928215,0.05222894365715478
2026-02-23 22:07:19.760593,29.94,2,"[0.31480568647384644, 0.2662408649921417]",0.31480568647384644,0.2662408649921417,0.2905232757329941,0.034340514596827514
2026-02-23 22:07:19.795794,29.13,2,"[0.325181245803833, 0.27087095379829407]",0.325181245803833,0.27087095379829407,0.29802609980106354,0.038403175765338124
2026-02-23 22:07:19.832540,29.21,2,"[0.3251507878303528, 0.2675662934780121]",0.3251507878303528,0.2675662934780121,0.29635854065418243,0.04071838644773856
2026-02-23 22:07:19.865926,29.62,4,"[0.39083611965179443, 0.3404933214187622, 0.3137718141078949, 0.26224467158317566]",0.39083611965179443,0.26224467158317566,0.3268364816904068,0.053619804806696876
2026-02-23 22:07:19.906141,29.08,4,"[0.3981759250164032, 0.33764851093292236, 0.31058818101882935, 0.2596290707588196]",0.3981759250164032,0.2596290707588196,0.3265104219317436,0.05769643041927984
2026-02-23 22:07:19.930512,30.21,3,"[0.37135881185531616, 0.33913570642471313, 0.3023325204849243]",0.37135881185531616,0.3023325204849243,0.3376090129216512,0.034538461457870075
2026-02-23 22:07:19.964457,29.81,3,"[0.46347329020500183, 0.28769370913505554, 0.2857491970062256]",0.46347329020500183,0.2857491970062256,0.34563873211542767,0.10205235221188542
2026-02-23 22:07:19.995543,29.98,3,"[0.5262527465820312, 0.28609853982925415, 0.2831127345561981]",0.5262527465820312,0.2831127345561981,0.3651546736558278,0.13952301094688438
2026-02-23 22:07:20.027545,30.45,3,"[0.5602478384971619, 0.3074839115142822, 0.288582980632782]",0.5602478384971619,0.288582980632782,0.3854382435480754,0.15168423504683862
2026-02-23 22:07:20.066100,30.6,4,"[0.49326762557029724, 0.4029238224029541, 0.35663720965385437, 0.3278880715370178]",0.49326762557029724,0.3278880715370178,0.3951791822910309,0.07233002925638096
2026-02-23 22:07:20.107976,29.42,4,"[0.5051172375679016, 0.4086894690990448, 0.36672836542129517, 0.3260565996170044]",0.5051172375679016,0.3260565996170044,0.4016479179263115,0.07678738199492012
2026-02-23 22:07:20.130861,30.9,3,"[0.503085196018219, 0.4105425775051117, 0.36629679799079895]",0.503085196018219,0.36629679799079895,0.4266415238380432,0.06980077731300655
2026-02-23 22:07:20.165066,31.12,3,"[0.5020047426223755, 0.41447293758392334, 0.3631231486797333]",0.5020047426223755,0.3631231486797333,0.42653360962867737,0.07022192778356752
2026-02-23 22:07:20.194918,31.48,1,[0.3676151931285858],0.3676151931285858,0.3676151931285858,0.3676151931285858,
2026-02-23 22:07:20.240312,31.2,2,"[0.37187501788139343, 0.27930429577827454]",0.37187501788139343,0.27930429577827454,0.325589656829834,0.06545738533845079
2026-02-23 22:07:20.286038,29.31,2,"[0.39163175225257874, 0.26980331540107727]",0.39163175225257874,0.26980331540107727,0.330717533826828,0.08614571383905377
2026-02-23 22:07:20.322680,29.04,1,[0.4300561845302582],0.4300561845302582,0.4300561845302582,0.4300561845302582,
2026-02-23 22:07:20.358046,28.64,1,[0.4473881423473358],0.4473881423473358,0.4473881423473358,0.4473881423473358,
2026-02-23 22:07:20.389879,28.66,1,[0.459319531917572],0.459319531917572,0.459319531917572,0.459319531917572,
2026-02-23 22:07:20.415497,29.97,1,[0.259641170501709],0.259641170501709,0.259641170501709,0.259641170501709,
2026-02-23 22:07:20.452942,30.27,1,[0.2774007022380829],0.2774007022380829,0.2774007022380829,0.2774007022380829,
2026-02-23 22:07:20.482711,29.3,1,[0.26593148708343506],0.26593148708343506,0.26593148708343506,0.26593148708343506,
2026-02-23 22:07:20.524150,28.81,2,"[0.26978978514671326, 0.2528148889541626]",0.26978978514671326,0.2528148889541626,0.2613023370504379,0.012003064207690277
2026-02-23 22:07:20.544892,30.15,3,"[0.2861476242542267, 0.2695223391056061, 0.25016266107559204]",0.2861476242542267,0.25016266107559204,0.2686108748118083,0.018009788147312394
2026-02-23 22:07:20.606306,29.6,3,"[0.28287145495414734, 0.278115451335907, 0.2545601725578308]",0.28287145495414734,0.2545601725578308,0.27184902628262836,0.015160251974893553
2026-02-23 22:07:20.648579,29.77,3,"[0.2744983434677124, 0.2652662694454193, 0.262264609336853]",0.2744983434677124,0.262264609336853,0.26734307408332825,0.006375805896054901
2026-02-23 22:07:20.685990,29.68,1,[0.3395589292049408],0.3395589292049408,0.3395589292049408,0.3395589292049408,
2026-02-23 22:07:20.718184,29.97,1,[0.3345172703266144],0.3345172703266144,0.3345172703266144,0.3345172703266144,
2026-02-23 22:07:20.752719,29.77,1,[0.3352641463279724],0.3352641463279724,0.3352641463279724,0.3352641463279724,
2026-02-23 22:07:20.786550,28.83,2,"[0.3748720586299896, 0.2697266638278961]",0.3748720586299896,0.2697266638278961,0.32229936122894287,0.07434902167509709
2026-02-23 22:07:20.837004,28.13,2,"[0.3573804497718811, 0.31178486347198486]",0.3573804497718811,0.31178486347198486,0.334582656621933,0.03224094826483308
2026-02-23 22:07:20.892611,26.58,2,"[0.3468553423881531, 0.326679527759552]",0.3468553423881531,0.326679527759552,0.33676743507385254,0.014266455339846565
2026-02-23 22:07:20.936380,26.41,2,"[0.3460492789745331, 0.31889864802360535]",0.3460492789745331,0.31889864802360535,0.3324739634990692,0.01919839525889436
2026-02-23 22:07:20.953550,27.32,2,"[0.32887810468673706, 0.26773056387901306]",0.32887810468673706,0.26773056387901306,0.29830433428287506,0.043237840758022776
2026-02-23 22:07:20.990119,28.42,2,"[0.32705721259117126, 0.281619131565094]",0.32705721259117126,0.281619131565094,0.30433817207813263,0.032129575217643036
2026-02-23 22:07:21.020250,29.37,2,"[0.35802483558654785, 0.2628557085990906]",0.35802483558654785,0.2628557085990906,0.3104402720928192,0.0672947350524347
2026-02-23 22:07:21.058424,29.39,2,"[0.3528297543525696, 0.2669753134250641]",0.3528297543525696,0.2669753134250641,0.30990253388881683,0.060708257374819
2026-02-23 22:07:21.108767,28.27,2,"[0.33695825934410095, 0.3229101598262787]",0.33695825934410095,0.3229101598262787,0.3299342095851898,0.009933506431835593
2026-02-23 22:07:21.153049,27.62,2,"[0.35152366757392883, 0.3247967064380646]",0.35152366757392883,0.3247967064380646,0.3381601870059967,0.018898815459678926
2026-02-23 22:07:21.171930,29.79,2,"[0.5676482915878296, 0.2552526295185089]",0.5676482915878296,0.2552526295185089,0.41145046055316925,0.2208970910624778
2026-02-23 22:07:21.206477,30.69,2,"[0.5501870512962341, 0.2544919550418854]",0.5501870512962341,0.2544919550418854,0.40233950316905975,0.2090880077250589
2026-02-23 22:07:21.253935,30.99,2,"[0.557058572769165, 0.26022273302078247]",0.557058572769165,0.26022273302078247,0.40864065289497375,0.20989463518528464
2026-02-23 22:07:21.292637,31.33,2,"[0.5546985268592834, 0.2608334720134735]",0.5546985268592834,0.2608334720134735,0.4077659994363785,0.20779397303522892
2026-02-23 22:07:21.312014,30.72,2,"[0.2988205552101135, 0.2647426426410675]",0.2988205552101135,0.2647426426410675,0.2817815989255905,0.02409672306625472
2026-02-23 22:07:21.332532,32.87,2,"[0.2841348946094513, 0.25992467999458313]",0.2841348946094513,0.25992467999458313,0.2720297873020172,0.017119206928154936
2026-02-23 22:07:21.364826,32.64,3,"[0.27124208211898804, 0.2660713195800781, 0.26247188448905945]",0.27124208211898804,0.26247188448905945,0.26659509539604187,0.004408497186802167
2026-02-23 22:07:21.398371,33.0,3,"[0.4520187973976135, 0.4263719916343689, 0.40250149369239807]",0.4520187973976135,0.40250149369239807,0.42696409424146015,0.02476396132854413
2026-02-23 22:07:21.419513,35.72,3,"[0.46230971813201904, 0.42849215865135193, 0.4013791084289551]",0.46230971813201904,0.4013791084289551,0.43072699507077533,0.030526720591360024
2026-02-23 22:07:21.442680,37.81,3,"[0.47317102551460266, 0.43824583292007446, 0.4033564031124115]",0.47317102551460266,0.4033564031124115,0.43825775384902954,0.03490731272773004
2026-02-23 22:07:21.489631,34.83,2,"[0.5961546897888184, 0.5895677208900452]",0.5961546897888184,0.5895677208900452,0.5928612053394318,0.004657690375787411
2026-02-23 22:07:21.509438,36.85,2,"[0.6100138425827026, 0.5500534772872925]",0.6100138425827026,0.5500534772872925,0.5800336599349976,0.04239838090280705
2026-02-23 22:07:21.547779,37.38,2,"[0.6094862818717957, 0.5531604290008545]",0.6094862818717957,0.5531604290008545,0.5813233554363251,0.03982839252115826
2026-02-23 22:07:21.575223,38.39,2,"[0.5705820918083191, 0.548682451248169]",0.5705820918083191,0.548682451248169,0.559632271528244,0.01548538434563013
2026-02-23 22:07:21.608573,36.38,2,"[0.42154160141944885, 0.3142305314540863]",0.42154160141944885,0.3142305314540863,0.3678860664367676,0.0758803852688919
2026-02-23 22:07:21.646271,34.11,2,"[0.4149115979671478, 0.3054482042789459]",0.4149115979671478,0.3054482042789459,0.3601799011230469,0.07740230796862028
2026-02-23 22:07:21.679279,34.06,2,"[0.42373931407928467, 0.2944818139076233]",0.42373931407928467,0.2944818139076233,0.359110563993454,0.09139885489060309
2026-02-23 22:07:21.709444,34.38,2,"[0.41538694500923157, 0.37911054491996765]",0.41538694500923157,0.37911054491996765,0.3972487449645996,0.025651288500154794
2026-02-23 22:07:21.750631,32.13,2,"[0.4202521741390228, 0.37341228127479553]",0.4202521741390228,0.37341228127479553,0.3968322277069092,0.0331208058743465
2026-02-23 22:07:21.775383,31.72,2,"[0.6355454921722412, 0.42985841631889343]",0.6355454921722412,0.42985841631889343,0.5327019542455673,0.14544272613833398
2026-02-23 22:07:21.800894,33.48,2,"[0.6371973156929016, 0.42770129442214966]",0.6371973156929016,0.42770129442214966,0.5324493050575256,0.1481360572721499
2026-02-23 22:07:21.839813,31.14,2,"[0.6326980590820312, 0.42628616094589233]",0.6326980590820312,0.42628616094589233,0.5294921100139618,0.14595525288965072
2026-02-23 22:07:21.871821,31.66,2,"[0.6324551105499268, 0.42530471086502075]",0.6324551105499268,0.42530471086502075,0.5288799107074738,0.14647745234270068
2026-02-23 22:07:21.896794,31.97,2,"[0.7448111772537231, 0.531609058380127]",0.7448111772537231,0.531609058380127,0.638210117816925,0.1507566640188603
2026-02-23 22:07:21.931058,31.94,2,"[0.751289427280426, 0.5213624238967896]",0.751289427280426,0.5213624238967896,0.6363259255886078,0.1625829432704716
2026-02-23 22:07:21.970736,31.81,2,"[0.7658061981201172, 0.4936102330684662]",0.7658061981201172,0.4936102330684662,0.6297082155942917,0.19247161269963892
2026-02-23 22:07:22.019168,30.85,2,"[0.6331489086151123, 0.5776402950286865]",0.6331489086151123,0.5776402950286865,0.6053946018218994,0.03925051708122539
2026-02-23 22:07:22.048770,30.87,2,"[0.6384987235069275, 0.5976952314376831]",0.6384987235069275,0.5976952314376831,0.6180969774723053,0.028852425938254215
2026-02-23 22:07:22.065159,34.45,2,"[0.657364010810852, 0.591601550579071]",0.657364010810852,0.591601550579071,0.6244827806949615,0.04650108157740301
2026-02-23 22:07:22.081478,36.65,2,"[0.6600767374038696, 0.6292946338653564]",0.6600767374038696,0.6292946338653564,0.644685685634613,0.021766234151269093
2026-02-23 22:07:22.126748,34.96,2,"[0.6726747155189514, 0.6191657185554504]",0.6726747155189514,0.6191657185554504,0.6459202170372009,0.03783657460738192
2026-02-23 22:07:22.169885,34.7,2,"[0.6804760694503784, 0.6092135906219482]",0.6804760694503784,0.6092135906219482,0.6448448300361633,0.050390182023745754
2026-02-23 22:07:22.193339,35.77,2,"[0.6792445778846741, 0.612056314945221]",0.6792445778846741,0.612056314945221,0.6456504464149475,0.0475092763406321
2026-02-23 22:07:22.234430,34.29,2,"[0.7398209571838379, 0.5416231155395508]",0.7398209571838379,0.5416231155395508,0.6407220363616943,0.14014703784321292
2026-02-23 22:07:22.263145,34.77,2,"[0.6948474645614624, 0.5748132467269897]",0.6948474645614624,0.5748132467269897,0.6348303556442261,0.08487700940517884
2026-02-23 22:07:22.290197,35.94,2,"[0.6726117134094238, 0.5921956896781921]",0.6726117134094238,0.5921956896781921,0.632403701543808,0.05686271569641226
2026-02-23 22:07:22.335856,36.06,1,[0.8191356658935547],0.8191356658935547,0.8191356658935547,0.8191356658935547,
2026-02-23 22:07:22.359535,36.88,1,[0.8166254162788391],0.8166254162788391,0.8166254162788391,0.8166254162788391,
2026-02-23 22:07:22.390751,34.05,1,[0.8158139586448669],0.8158139586448669,0.8158139586448669,0.8158139586448669,
2026-02-23 22:07:22.421200,31.23,2,"[0.7395638227462769, 0.5884270668029785]",0.7395638227462769,0.5884270668029785,0.6639954447746277,0.10686982501404249
2026-02-23 22:07:22.453363,32.12,3,"[0.7021151781082153, 0.6596514582633972, 0.2809416353702545]",0.7021151781082153,0.2809416353702545,0.5475694239139557,0.23188051900395443
2026-02-23 22:07:22.484071,33.05,3,"[0.6776664853096008, 0.6425779461860657, 0.26791906356811523]",0.6776664853096008,0.26791906356811523,0.5293878316879272,0.22711723607208895
2026-02-23 22:07:22.519404,31.68,3,"[0.6852867603302002, 0.6466336846351624, 0.2579486668109894]",0.6852867603302002,0.2579486668109894,0.5299563705921173,0.23635705670104915
2026-02-23 22:07:22.564846,31.4,2,"[0.5584351420402527, 0.5183737874031067]",0.5584351420402527,0.5183737874031067,0.5384044647216797,0.028327655527445074
2026-02-23 22:07:22.589816,32.02,2,"[0.5429463386535645, 0.48229238390922546]",0.5429463386535645,0.48229238390922546,0.512619361281395,0.042888822705504065
2026-02-23 22:07:22.627960,30.96,2,"[0.5604408383369446, 0.46883124113082886]",0.5604408383369446,0.46883124113082886,0.5146360397338867,0.06477776740621262
2026-02-23 22:07:22.677701,30.78,2,"[0.7423763275146484, 0.5851127505302429]",0.7423763275146484,0.5851127505302429,0.6637445390224457,0.1112021417193258
2026-02-23 22:07:22.708844,29.81,2,"[0.7545271515846252, 0.5833150744438171]",0.7545271515846252,0.5833150744438171,0.6689211130142212,0.1210652207672997
2026-02-23 22:07:22.763676,28.41,1,[0.7676714658737183],0.7676714658737183,0.7676714658737183,0.7676714658737183,
2026-02-23 22:07:22.791931,28.67,2,"[0.6969577074050903, 0.566586971282959]",0.6969577074050903,0.566586971282959,0.6317723393440247,0.09218603158024105
2026-02-23 22:07:22.827290,28.37,2,"[0.6900793313980103, 0.5620938539505005]",0.6900793313980103,0.5620938539505005,0.6260865926742554,0.0904993989965321
2026-02-23 22:07:22.856828,28.54,2,"[0.6892122626304626, 0.5649298429489136]",0.6892122626304626,0.5649298429489136,0.6270710527896881,0.08788094173909579
2026-02-23 22:07:22.884657,29.31,2,"[0.690148115158081, 0.5760464072227478]",0.690148115158081,0.5760464072227478,0.6330972611904144,0.08068209142604105
2026-02-23 22:07:22.914010,30.48,2,"[0.5753000378608704, 0.5673896074295044]",0.5753000378608704,0.5673896074295044,0.5713448226451874,0.0055935190001233015
2026-02-23 22:07:22.954379,28.92,2,"[0.5728263854980469, 0.5704579949378967]",0.5728263854980469,0.5704579949378967,0.5716421902179718,0.0016747050255803743
2026-02-23 22:07:22.984323,29.61,2,"[0.5800048112869263, 0.5570851564407349]",0.5800048112869263,0.5570851564407349,0.5685449838638306,0.01620664336419706
2026-02-23 22:07:23.007164,31.95,2,"[0.5644042491912842, 0.5210223197937012]",0.5644042491912842,0.5210223197937012,0.5427132844924927,0.03067565645798698
2026-02-23 22:07:23.038919,31.93,2,"[0.5646834969520569, 0.5319595336914062]",0.5646834969520569,0.5319595336914062,0.5483215153217316,0.023139336328905507
2026-02-23 22:07:23.069865,33.34,2,"[0.5761768221855164, 0.4816216826438904]",0.5761768221855164,0.4816216826438904,0.5288992524147034,0.06686058036592399
2026-02-23 22:07:23.103568,32.69,1,[0.6103954315185547],0.6103954315185547,0.6103954315185547,0.6103954315185547,
2026-02-23 22:07:23.140316,32.6,1,[0.6006114482879639],0.6006114482879639,0.6006114482879639,0.6006114482879639,
2026-02-23 22:07:23.164720,33.27,1,[0.608916163444519],0.608916163444519,0.608916163444519,0.608916163444519,
2026-02-23 22:07:23.194613,32.99,1,[0.5941300392150879],0.5941300392150879,0.5941300392150879,0.5941300392150879,
2026-02-23 22:07:23.229120,32.56,3,"[0.6003201603889465, 0.4361642003059387, 0.25365474820137024]",0.6003201603889465,0.25365474820137024,0.43004636963208515,0.17341366120035354
2026-02-23 22:07:23.262990,33.02,2,"[0.6239979863166809, 0.4531831741333008]",0.6239979863166809,0.4531831741333008,0.5385905802249908,0.12078431202197458
2026-02-23 22:07:23.289342,33.51,2,"[0.6288790106773376, 0.4502217769622803]",0.6288790106773376,0.4502217769622803,0.539550393819809,0.12632974146794695
2026-02-23 22:07:23.329568,31.65,3,"[0.5492644906044006, 0.4310518205165863, 0.2863091230392456]",0.5492644906044006,0.2863091230392456,0.42220847805341083,0.13170054996951303
2026-02-23 22:07:23.352008,32.91,3,"[0.558233380317688, 0.43282315135002136, 0.28912603855133057]",0.558233380317688,0.28912603855133057,0.4267275234063466,0.1346571864334004
2026-02-23 22:07:23.386388,32.61,3,"[0.542354166507721, 0.4040552079677582, 0.29962825775146484]",0.542354166507721,0.29962825775146484,0.4153458774089813,0.12175621588941904
2026-02-23 22:07:23.422661,32.42,3,"[0.5731091499328613, 0.39096733927726746, 0.2976361811161041]",0.5731091499328613,0.2976361811161041,0.4205708901087443,0.14010216559194721
2026-02-23 22:07:23.446501,33.84,3,"[0.5769273042678833, 0.3600975573062897, 0.30005931854248047]",0.5769273042678833,0.30005931854248047,0.41236139337221783,0.14564546611602822
2026-02-23 22:07:23.467350,34.56,3,"[0.5668647289276123, 0.3648506999015808, 0.2864845395088196]",0.5668647289276123,0.2864845395088196,0.4060666561126709,0.1446628111831973
2026-02-23 22:07:23.497215,34.57,3,"[0.5618839859962463, 0.37233424186706543, 0.2834942042827606]",0.5618839859962463,0.2834942042827606,0.4059041440486908,0.14219852808655747
2026-02-23 22:07:23.528713,34.84,4,"[0.44284990429878235, 0.3186725080013275, 0.28594720363616943, 0.2744463086128235]",0.44284990429878235,0.2744463086128235,0.3304789811372757,0.07722123364662432
2026-02-23 22:07:23.560256,35.04,4,"[0.3844238817691803, 0.3324500620365143, 0.3005414605140686, 0.28706425428390503]",0.3844238817691803,0.28706425428390503,0.32611991465091705,0.043278267334329816
2026-02-23 22:07:23.594559,34.18,4,"[0.4026641249656677, 0.34498265385627747, 0.3205026090145111, 0.2858566641807556]",0.4026641249656677,0.2858566641807556,0.338501513004303,0.0491741348438916
2026-02-23 22:07:23.630335,34.48,2,"[0.4042455554008484, 0.35916587710380554]",0.4042455554008484,0.35916587710380554,0.38170571625232697,0.03187614621754703
2026-02-23 22:07:23.677267,32.18,2,"[0.43579810857772827, 0.3560311198234558]",0.43579810857772827,0.3560311198234558,0.39591461420059204,0.05640377866297713
2026-02-23 22:07:23.712814,32.08,2,"[0.45946455001831055, 0.3583934009075165]",0.45946455001831055,0.3583934009075165,0.4089289754629135,0.07146809491855918
2026-02-23 22:07:23.753000,31.79,4,"[0.43676748871803284, 0.404693067073822, 0.30082738399505615, 0.29681724309921265]",0.43676748871803284,0.29681724309921265,0.3597762957215309,0.07161000081127905
2026-02-23 22:07:23.778119,31.66,4,"[0.4117376506328583, 0.3976494371891022, 0.29670101404190063, 0.2780982255935669]",0.4117376506328583,0.2780982255935669,0.346046581864357,0.06838648837608544
2026-02-23 22:07:23.812844,29.74,3,"[0.4317840039730072, 0.3916531205177307, 0.31999751925468445]",0.4317840039730072,0.31999751925468445,0.3811448812484741,0.056629249163527774
2026-02-23 22:07:23.849548,29.12,3,"[0.4266115427017212, 0.3875562846660614, 0.3195851147174835]",0.4266115427017212,0.3195851147174835,0.37791764736175537,0.05416033205750564
2026-02-23 22:07:23.897184,28.03,2,"[0.6034917235374451, 0.4005112051963806]",0.6034917235374451,0.4005112051963806,0.5020014643669128,0.14352890096772705
2026-02-23 22:07:23.934833,27.5,2,"[0.6052582263946533, 0.3893943727016449]",0.6052582263946533,0.3893943727016449,0.4973262995481491,0.15263879475938702
2026-02-23 22:07:23.955238,29.45,2,"[0.6362060904502869, 0.38176143169403076]",0.6362060904502869,0.38176143169403076,0.5089837610721588,0.17991954364324575
2026-02-23 22:07:23.988580,29.7,2,"[0.7162488102912903, 0.300836443901062]",0.7162488102912903,0.300836443901062,0.5085426270961761,0.29374090126328106
2026-02-23 22:07:24.012460,31.69,2,"[0.7210845947265625, 0.292468398809433]",0.7210845947265625,0.292468398809433,0.5067764967679977,0.3030774186593841
2026-02-23 22:07:24.054140,31.3,2,"[0.7490881085395813, 0.3019442558288574]",0.7490881085395813,0.3019442558288574,0.5255161821842194,0.31617845041763165
2026-02-23 22:07:24.086347,31.9,3,"[0.4004853069782257, 0.298587828874588, 0.28129300475120544]",0.4004853069782257,0.28129300475120544,0.32678871353467304,0.0644062780267025
2026-02-23 22:07:24.133595,30.01,3,"[0.47074636816978455, 0.3112722933292389, 0.25840073823928833]",0.47074636816978455,0.25840073823928833,0.34680646657943726,0.11054263765206684
2026-02-23 22:07:24.182582,29.18,2,"[0.4630894958972931, 0.32752251625061035]",0.4630894958972931,0.32752251625061035,0.3953060060739517,0.09586033061314804
2026-02-23 22:07:24.218122,29.22,3,"[0.4634428322315216, 0.3293253779411316, 0.25779372453689575]",0.4634428322315216,0.25779372453689575,0.35018731156984967,0.10439973218330464
2026-02-23 22:07:24.246332,30.62,1,[0.6581265926361084],0.6581265926361084,0.6581265926361084,0.6581265926361084,
2026-02-23 22:07:24.278838,31.09,1,[0.6566759347915649],0.6566759347915649,0.6566759347915649,0.6566759347915649,
2026-02-23 22:07:24.319075,28.7,2,"[0.6568379998207092, 0.2541239261627197]",0.6568379998207092,0.2541239261627197,0.4554809629917145,0.28476185236282314
2026-02-23 22:07:24.347233,29.23,1,[0.6274011135101318],0.6274011135101318,0.6274011135101318,0.6274011135101318,
2026-02-23 22:07:24.380072,28.14,1,[0.6451326012611389],0.6451326012611389,0.6451326012611389,0.6451326012611389,
2026-02-23 22:07:24.417438,28.37,1,[0.6667097806930542],0.6667097806930542,0.6667097806930542,0.6667097806930542,
2026-02-23 22:07:24.444132,29.03,1,[0.549475371837616],0.549475371837616,0.549475371837616,0.549475371837616,
2026-02-23 22:07:24.468259,31.06,1,[0.5534678101539612],0.5534678101539612,0.5534678101539612,0.5534678101539612,
2026-02-23 22:07:24.505438,31.71,1,[0.5295582413673401],0.5295582413673401,0.5295582413673401,0.5295582413673401,
2026-02-23 22:07:24.540338,31.79,1,[0.5423371195793152],0.5423371195793152,0.5423371195793152,0.5423371195793152,
2026-02-23 22:07:24.568428,31.89,1,[0.7537015080451965],0.7537015080451965,0.7537015080451965,0.7537015080451965,
2026-02-23 22:07:24.601344,31.79,1,[0.7343248128890991],0.7343248128890991,0.7343248128890991,0.7343248128890991,
2026-02-23 22:07:24.639178,31.96,1,[0.712396502494812],0.712396502494812,0.712396502494812,0.712396502494812,
2026-02-23 22:07:24.686045,30.54,1,[0.35860154032707214],0.35860154032707214,0.35860154032707214,0.35860154032707214,
2026-02-23 22:07:24.719013,30.53,2,"[0.3472229540348053, 0.25011563301086426]",0.3472229540348053,0.25011563301086426,0.2986692935228348,0.0686652451988877
2026-02-23 22:07:24.766372,29.98,1,[0.3373798429965973],0.3373798429965973,0.3373798429965973,0.3373798429965973,
2026-02-23 22:07:24.812939,28.41,2,"[0.43806105852127075, 0.29910698533058167]",0.43806105852127075,0.29910698533058167,0.3685840219259262,0.0982553674266281
2026-02-23 22:07:24.860683,26.36,3,"[0.4577862024307251, 0.3133678436279297, 0.2564631998538971]",0.4577862024307251,0.2564631998538971,0.34253908197085065,0.10378322938453013
2026-02-23 22:07:24.900156,26.15,3,"[0.46037304401397705, 0.3126537799835205, 0.26326242089271545]",0.46037304401397705,0.26326242089271545,0.34542974829673767,0.10256143286325893
2026-02-23 22:07:24.928182,26.86,3,"[0.4601259231567383, 0.31019747257232666, 0.2787013351917267]",0.4601259231567383,0.2787013351917267,0.34967491030693054,0.09694107151840083
2026-02-23 22:07:24.966199,25.91,2,"[0.44903963804244995, 0.2705790102481842]",0.44903963804244995,0.2705790102481842,0.3598093241453171,0.12619072008813378
2026-02-23 22:07:25.014715,24.95,1,[0.42926251888275146],0.42926251888275146,0.42926251888275146,0.42926251888275146,
2026-02-23 22:07:25.055027,24.79,2,"[0.4312150776386261, 0.25139886140823364]",0.4312150776386261,0.25139886140823364,0.34130696952342987,0.12714926586381703
2026-02-23 22:07:25.086956,25.79,3,"[0.5304182171821594, 0.3124687671661377, 0.29412785172462463]",0.5304182171821594,0.29412785172462463,0.37900494535764057,0.1314480180841933
2026-02-23 22:07:25.122500,25.58,3,"[0.5128905773162842, 0.3252076208591461, 0.30560949444770813]",0.5128905773162842,0.30560949444770813,0.38123589754104614,0.11443660983160078
2026-02-23 22:07:25.149010,27.26,3,"[0.5028791427612305, 0.32980263233184814, 0.30066096782684326]",0.5028791427612305,0.30066096782684326,0.3777809143066406,0.10931369641718337
2026-02-23 22:07:25.188583,27.63,2,"[0.4137822687625885, 0.34620168805122375]",0.4137822687625885,0.34620168805122375,0.37999197840690613,0.04778668689753081
2026-02-23 22:07:25.236034,27.63,3,"[0.4230799674987793, 0.3269824683666229, 0.2591635286808014]",0.4230799674987793,0.2591635286808014,0.33640865484873456,0.0823637631024022
2026-02-23 22:07:25.279291,27.43,3,"[0.4269227087497711, 0.3551191985607147, 0.25487735867500305]",0.4269227087497711,0.25487735867500305,0.3456397553284963,0.08641351458876102
2026-02-23 22:07:25.303688,28.01,3,"[0.4250446557998657, 0.3426750600337982, 0.25888749957084656]",0.4250446557998657,0.25888749957084656,0.34220240513483685,0.08307958650305623
2026-02-23 22:07:25.334269,28.6,3,"[0.50234055519104, 0.43286648392677307, 0.3488309979438782]",0.50234055519104,0.3488309979438782,0.4280126790205638,0.07686979646197571
2026-02-23 22:07:25.374788,29.05,3,"[0.4744183421134949, 0.4506063163280487, 0.324688583612442]",0.4744183421134949,0.324688583612442,0.41657108068466187,0.08045836248751
2026-02-23 22:07:25.426230,28.5,3,"[0.5177747011184692, 0.49692872166633606, 0.29507672786712646]",0.5177747011184692,0.29507672786712646,0.4365933835506439,0.12299943736340876
2026-02-23 22:07:25.463330,28.02,2,"[0.46275684237480164, 0.3543274700641632]",0.46275684237480164,0.3543274700641632,0.4085421562194824,0.0766711444406533
2026-02-23 22:07:25.490913,28.89,2,"[0.4756726622581482, 0.2915685176849365]",0.4756726622581482,0.2915685176849365,0.38362058997154236,0.1301812890722665
2026-02-23 22:07:25.521920,28.27,2,"[0.48601606488227844, 0.3049919605255127]",0.48601606488227844,0.3049919605255127,0.39550401270389557,0.1280033717488903
2026-02-23 22:07:25.552204,29.02,3,"[0.3612666130065918, 0.3607412576675415, 0.3373216390609741]",0.3612666130065918,0.3373216390609741,0.35310983657836914,0.013675503105709707
2026-02-23 22:07:25.584778,30.0,2,"[0.49880337715148926, 0.38815927505493164]",0.49880337715148926,0.38815927505493164,0.44348132610321045,0.07823719489077259
2026-02-23 22:07:25.620312,30.53,2,"[0.5090353488922119, 0.38129717111587524]",0.5090353488922119,0.38129717111587524,0.4451662600040436,0.0903245317220604
2026-02-23 22:07:25.661547,28.84,2,"[0.5063658952713013, 0.38302627205848694]",0.5063658952713013,0.38302627205848694,0.4446960836648941,0.08721428396277472
2026-02-23 22:07:25.705697,27.84,3,"[0.5571696162223816, 0.41487154364585876, 0.32423579692840576]",0.5571696162223816,0.32423579692840576,0.4320923189322154,0.11741787499702522
2026-02-23 22:07:25.759153,27.22,3,"[0.5471958518028259, 0.4498690962791443, 0.33383503556251526]",0.5471958518028259,0.33383503556251526,0.4436333278814952,0.10681700745815126
2026-02-23 22:07:25.799607,27.77,3,"[0.5478633046150208, 0.4313196539878845, 0.33042794466018677]",0.5478633046150208,0.33042794466018677,0.436536967754364,0.10881153069355967
2026-02-23 22:07:25.829339,28.44,3,"[0.5748307108879089, 0.43161293864250183, 0.3433802127838135]",0.5748307108879089,0.3433802127838135,0.44994128743807477,0.11680873060408459
2026-02-23 22:07:25.854894,28.62,3,"[0.5583154559135437, 0.46707868576049805, 0.35558104515075684]",0.5583154559135437,0.35558104515075684,0.46032506227493286,0.10153580107268657
2026-02-23 22:07:25.883216,28.97,3,"[0.5909745097160339, 0.3831516206264496, 0.3413873314857483]",0.5909745097160339,0.3413873314857483,0.43850448727607727,0.13368393609176718
2026-02-23 22:07:25.919706,28.46,3,"[0.482755571603775, 0.3762548863887787, 0.3581732511520386]",0.482755571603775,0.3581732511520386,0.40572790304819745,0.06731777384569076
2026-02-23 22:07:25.959076,27.91,3,"[0.4921821653842926, 0.36889222264289856, 0.3607252240180969]",0.4921821653842926,0.3607252240180969,0.4072665373484294,0.07365237864575855
2026-02-23 22:07:25.980831,29.66,3,"[0.48912885785102844, 0.3683260381221771, 0.3573163151741028]",0.48912885785102844,0.3573163151741028,0.4049237370491028,0.07313125376197586
2026-02-23 22:07:26.010915,30.54,3,"[0.48657524585723877, 0.3706572949886322, 0.3571445941925049]",0.48657524585723877,0.3571445941925049,0.4047923783461253,0.07114756731228884
2026-02-23 22:07:26.051017,30.81,2,"[0.5726016163825989, 0.3149370849132538]",0.5726016163825989,0.3149370849132538,0.44376935064792633,0.1821963374732285
2026-02-23 22:07:26.079571,32.46,3,"[0.5780953168869019, 0.33863136172294617, 0.2596721351146698]",0.5780953168869019,0.2596721351146698,0.3921329379081726,0.16581659948031643
2026-02-23 22:07:26.111339,33.1,3,"[0.5446504950523376, 0.38797062635421753, 0.26516348123550415]",0.5446504950523376,0.26516348123550415,0.3992615342140198,0.1400851925554112
2026-02-23 22:07:26.148760,32.42,3,"[0.5959082841873169, 0.549004077911377, 0.37423577904701233]",0.5959082841873169,0.37423577904701233,0.5063827137152354,0.11682084744706182
2026-02-23 22:07:26.197388,30.63,3,"[0.5588847398757935, 0.49839138984680176, 0.37636497616767883]",0.5588847398757935,0.37636497616767883,0.47788036863009137,0.092972536426252
2026-02-23 22:07:26.245144,29.18,3,"[0.473111629486084, 0.4433525502681732, 0.34809765219688416]",0.473111629486084,0.34809765219688416,0.42152061065038043,0.06530389590233002
2026-02-23 22:07:26.278488,29.4,2,"[0.48664435744285583, 0.3023325204849243]",0.48664435744285583,0.3023325204849243,0.3944884389638901,0.1303281497659027
2026-02-23 22:07:26.311407,29.9,1,[0.49094751477241516],0.49094751477241516,0.49094751477241516,0.49094751477241516,
2026-02-23 22:07:26.347771,28.06,1,[0.48912790417671204],0.48912790417671204,0.48912790417671204,0.48912790417671204,
2026-02-23 22:07:26.372271,28.8,1,[0.4903283417224884],0.4903283417224884,0.4903283417224884,0.4903283417224884,
2026-02-23 22:07:26.409020,29.02,1,[0.4704427123069763],0.4704427123069763,0.4704427123069763,0.4704427123069763,
2026-02-23 22:07:26.439395,28.82,1,[0.4143342971801758],0.4143342971801758,0.4143342971801758,0.4143342971801758,
2026-02-23 22:07:26.476821,28.35,1,[0.43904563784599304],0.43904563784599304,0.43904563784599304,0.43904563784599304,
2026-02-23 22:07:26.500723,29.81,1,[0.6250490546226501],0.6250490546226501,0.6250490546226501,0.6250490546226501,
2026-02-23 22:07:26.532540,30.9,1,[0.6095350384712219],0.6095350384712219,0.6095350384712219,0.6095350384712219,
2026-02-23 22:07:26.562184,32.25,1,[0.6121615767478943],0.6121615767478943,0.6121615767478943,0.6121615767478943,
2026-02-23 22:07:26.594944,32.3,3,"[0.4734838902950287, 0.45583295822143555, 0.25586679577827454]",0.4734838902950287,0.25586679577827454,0.3950612147649129,0.12086853833209668
2026-02-23 22:07:26.628368,32.3,2,"[0.5213892459869385, 0.3428763747215271]",0.5213892459869385,0.3428763747215271,0.4321328103542328,0.12622766180085357
2026-02-23 22:07:26.662474,32.48,2,"[0.4979386329650879, 0.3355213403701782]",0.4979386329650879,0.3355213403701782,0.41672998666763306,0.11484636897582026
2026-02-23 22:07:26.688259,32.3,2,"[0.48636582493782043, 0.3348417282104492]",0.48636582493782043,0.3348417282104492,0.4106037765741348,0.10714371630909054
2026-02-23 22:07:26.730021,31.97,3,"[0.40924638509750366, 0.4086846113204956, 0.3159455358982086]",0.40924638509750366,0.3159455358982086,0.37795884410540265,0.05370583481842974
2026-02-23 22:07:26.759115,32.02,3,"[0.4051841199398041, 0.3915677070617676, 0.3044634163379669]",0.4051841199398041,0.3044634163379669,0.3670717477798462,0.054646171406315794
2026-02-23 22:07:26.805712,31.54,3,"[0.40882888436317444, 0.37015557289123535, 0.3044987618923187]",0.40882888436317444,0.3044987618923187,0.3611610730489095,0.05274342977334843
2026-02-23 22:07:26.839405,30.31,3,"[0.6589605808258057, 0.47127529978752136, 0.3949379324913025]",0.6589605808258057,0.3949379324913025,0.5083912710348765,0.13586826781709208
2026-02-23 22:07:26.873368,30.12,3,"[0.6844069957733154, 0.473320335149765, 0.3595602512359619]",0.6844069957733154,0.3595602512359619,0.5057625273863474,0.16483544441947456
2026-02-23 22:07:26.914231,29.13,3,"[0.7050762176513672, 0.46454548835754395, 0.3618370294570923]",0.7050762176513672,0.3618370294570923,0.5104862451553345,0.1761709395145281
2026-02-23 22:07:26.954547,28.57,3,"[0.5397021174430847, 0.43059414625167847, 0.3779459595680237]",0.5397021174430847,0.3779459595680237,0.44941407442092896,0.08250397520633311
2026-02-23 22:07:26.984291,28.92,3,"[0.5005099773406982, 0.43204793334007263, 0.3629363477230072]",0.5005099773406982,0.3629363477230072,0.431831419467926,0.06878707037110268
2026-02-23 22:07:27.029824,28.22,3,"[0.4984070956707001, 0.432359904050827, 0.3610261082649231]",0.4984070956707001,0.3610261082649231,0.4305977026621501,0.0687074445780605
2026-02-23 22:07:27.075260,26.5,3,"[0.4998297691345215, 0.431880384683609, 0.36164408922195435]",0.4998297691345215,0.36164408922195435,0.43111808101336163,0.0690959938302422
2026-02-23 22:07:27.110540,26.93,3,"[0.44646787643432617, 0.33805835247039795, 0.328205943107605]",0.44646787643432617,0.328205943107605,0.3709107240041097,0.06561958514868285
2026-02-23 22:07:27.147072,26.3,3,"[0.4372290372848511, 0.34368476271629333, 0.32840994000434875]",0.4372290372848511,0.32840994000434875,0.36977458000183105,0.05891441171504994
2026-02-23 22:07:27.200669,26.0,3,"[0.5623745918273926, 0.3598053455352783, 0.320514440536499]",0.5623745918273926,0.320514440536499,0.4142314592997233,0.12979111907306567
2026-02-23 22:07:27.225616,27.04,3,"[0.5559188723564148, 0.38481438159942627, 0.3010268211364746]",0.5559188723564148,0.3010268211364746,0.4139200250307719,0.12991475398676483
2026-02-23 22:07:27.248628,28.49,3,"[0.5114823579788208, 0.3766007423400879, 0.2891007363796234]",0.5114823579788208,0.2891007363796234,0.39239461223284405,0.11202892997308389
2026-02-23 22:07:27.284087,28.84,3,"[0.4983646869659424, 0.38074544072151184, 0.2887735366821289]",0.4983646869659424,0.2887735366821289,0.389294554789861,0.1050567850395121
2026-02-23 22:07:27.317082,29.41,3,"[0.47459977865219116, 0.3486817479133606, 0.33138594031333923]",0.47459977865219116,0.33138594031333923,0.384889155626297,0.07817149834117809
2026-02-23 22:07:27.342657,29.97,3,"[0.47757822275161743, 0.3447996973991394, 0.34076985716819763]",0.47757822275161743,0.34076985716819763,0.3877159257729848,0.07784911185606873
2026-02-23 22:07:27.374662,30.82,3,"[0.3791065216064453, 0.34911155700683594, 0.3458127975463867]",0.3791065216064453,0.3458127975463867,0.35801029205322266,0.01834417154074216
2026-02-23 22:07:27.406530,31.85,3,"[0.3839380741119385, 0.348741739988327, 0.34483999013900757]",0.3839380741119385,0.34483999013900757,0.3591732680797577,0.021535496890722525
2026-02-23 22:07:27.434532,32.53,3,"[0.38415154814720154, 0.3454260528087616, 0.342517614364624]",0.38415154814720154,0.342517614364624,0.35736507177352905,0.02324330529278958
2026-02-23 22:07:27.470400,32.58,2,"[0.5414029359817505, 0.2640897035598755]",0.5414029359817505,0.2640897035598755,0.402746319770813,0.19609006715826896
2026-02-23 22:07:27.498559,34.31,2,"[0.6673449873924255, 0.2978513538837433]",0.6673449873924255,0.2978513538837433,0.4825981706380844,0.26127145385924616
2026-02-23 22:07:27.534173,33.17,2,"[0.692444384098053, 0.2959807515144348]",0.692444384098053,0.2959807515144348,0.4942125678062439,0.28034212309372825
2026-02-23 22:07:27.586396,30.69,3,"[0.7100256681442261, 0.3859347999095917, 0.2989366948604584]",0.7100256681442261,0.2989366948604584,0.46496572097142536,0.21664014136763046
2026-02-23 22:07:27.626632,30.35,3,"[0.7076296806335449, 0.3944077491760254, 0.33864057064056396]",0.7076296806335449,0.33864057064056396,0.48022600015004474,0.19890153336144215
2026-02-23 22:07:27.662787,30.08,3,"[0.699196457862854, 0.3827606439590454, 0.32443997263908386]",0.699196457862854,0.32443997263908386,0.46879902482032776,0.20164959221441975
2026-02-23 22:07:27.709633,28.31,3,"[0.7022882103919983, 0.6535625457763672, 0.37152132391929626]",0.7022882103919983,0.37152132391929626,0.575790693362554,0.17857219567339788
2026-02-23 22:07:27.755439,27.39,3,"[0.7217838168144226, 0.45714834332466125, 0.43416279554367065]",0.7217838168144226,0.43416279554367065,0.5376983185609182,0.1598364378110598
2026-02-23 22:07:27.783760,27.75,3,"[0.6867532134056091, 0.4464940130710602, 0.3610813319683075]",0.6867532134056091,0.3610813319683075,0.49810951948165894,0.16885989448724906
2026-02-23 22:07:27.818711,27.09,3,"[0.6152799725532532, 0.573866605758667, 0.3171949088573456]",0.6152799725532532,0.3171949088573456,0.5021138290564219,0.16147762081170877
2026-02-23 22:07:27.851597,27.31,3,"[0.6105573177337646, 0.5658983588218689, 0.3561277687549591]",0.6105573177337646,0.3561277687549591,0.5108611484368643,0.13585072595909103
2026-02-23 22:07:27.902964,25.66,3,"[0.6521703004837036, 0.5222640037536621, 0.4019520878791809]",0.6521703004837036,0.4019520878791809,0.5254621307055155,0.12513975983575587
2026-02-23 22:07:27.937810,25.71,3,"[0.6523117423057556, 0.5214085578918457, 0.40774697065353394]",0.6523117423057556,0.40774697065353394,0.5271557569503784,0.1223836370030309
2026-02-23 22:07:27.973555,26.62,3,"[0.6238686442375183, 0.47465234994888306, 0.3332864046096802]",0.6238686442375183,0.3332864046096802,0.47726913293202716,0.14530879244446374
2026-02-23 22:07:28.023739,26.15,2,"[0.41604113578796387, 0.30597370862960815]",0.41604113578796387,0.30597370862960815,0.361007422208786,0.0778294241314297
2026-02-23 22:07:28.065598,25.73,2,"[0.43138182163238525, 0.32240888476371765]",0.43138182163238525,0.32240888476371765,0.37689535319805145,0.0770555026256484
2026-02-23 22:07:28.091283,27.43,1,[0.4415857791900635],0.4415857791900635,0.4415857791900635,0.4415857791900635,
2026-02-23 22:07:28.127590,28.06,1,[0.42890650033950806],0.42890650033950806,0.42890650033950806,0.42890650033950806,
2026-02-23 22:07:28.154114,28.27,2,"[0.3911905884742737, 0.26733362674713135]",0.3911905884742737,0.26733362674713135,0.3292621076107025,0.08758009753442503
2026-02-23 22:07:28.192029,28.04,2,"[0.4902268052101135, 0.3451695144176483]",0.4902268052101135,0.3451695144176483,0.4176981598138809,0.10257099397990109
2026-02-23 22:07:28.219163,28.7,2,"[0.49708184599876404, 0.322781503200531]",0.49708184599876404,0.322781503200531,0.4099316745996475,0.1232489543557704
2026-02-23 22:07:28.251595,29.86,2,"[0.44769561290740967, 0.3446405231952667]",0.44769561290740967,0.3446405231952667,0.3961680680513382,0.07287095277124428
2026-02-23 22:07:28.283448,30.13,2,"[0.45450717210769653, 0.3424910008907318]",0.45450717210769653,0.3424910008907318,0.3984990864992142,0.07920739427006912
2026-02-23 22:07:28.314511,30.51,2,"[0.4892966151237488, 0.36330312490463257]",0.4892966151237488,0.36330312490463257,0.4262998700141907,0.08909085131929802
2026-02-23 22:07:28.352064,31.18,2,"[0.42965251207351685, 0.3129782974720001]",0.42965251207351685,0.3129782974720001,0.3713154047727585,0.08250112833434697
2026-02-23 22:07:28.396189,31.07,2,"[0.42748889327049255, 0.3200319707393646]",0.42748889327049255,0.3200319707393646,0.3737604320049286,0.07598351860719807
2026-02-23 22:07:28.426484,30.58,2,"[0.3971632122993469, 0.3421846032142639]",0.3971632122993469,0.3421846032142639,0.3696739077568054,0.038875747304266524
2026-02-23 22:07:28.467514,30.23,2,"[0.40547147393226624, 0.338034451007843]",0.40547147393226624,0.338034451007843,0.3717529624700546,0.04768517621289232
2026-02-23 22:07:28.509180,28.87,2,"[0.47373640537261963, 0.3900837004184723]",0.47373640537261963,0.3900837004184723,0.43191005289554596,0.05915139493767508
2026-02-23 22:07:28.538819,29.54,2,"[0.450997531414032, 0.38159531354904175]",0.450997531414032,0.38159531354904175,0.41629642248153687,0.04907477888172075
2026-02-23 22:07:28.566136,29.52,2,"[0.44834065437316895, 0.3460279107093811]",0.44834065437316895,0.3460279107093811,0.397184282541275,0.07234603484646536
2026-02-23 22:07:28.597895,29.57,2,"[0.4805981516838074, 0.3484363853931427]",0.4805981516838074,0.3484363853931427,0.41451726853847504,0.09345248115772066
2026-02-23 22:07:28.645885,28.52,2,"[0.4659486711025238, 0.3645453155040741]",0.4659486711025238,0.3645453155040741,0.41524699330329895,0.07170300037873464
2026-02-23 22:07:28.675757,28.66,2,"[0.4532991945743561, 0.2844422459602356]",0.4532991945743561,0.2844422459602356,0.36887072026729584,0.11939989341551299
2026-02-23 22:07:28.717296,28.42,2,"[0.4153735339641571, 0.3279709219932556]",0.4153735339641571,0.3279709219932556,0.37167222797870636,0.06180297961804096
2026-02-23 22:07:28.768190,28.13,2,"[0.45255932211875916, 0.3555845618247986]",0.45255932211875916,0.3555845618247986,0.40407194197177887,0.06857151060779948
2026-02-23 22:07:28.818112,26.79,2,"[0.5232300162315369, 0.29219335317611694]",0.5232300162315369,0.29219335317611694,0.4077116847038269,0.1633675911491989
2026-02-23 22:07:28.846499,27.79,2,"[0.49643829464912415, 0.32020360231399536]",0.49643829464912415,0.32020360231399536,0.40832094848155975,0.12461674603049443
2026-02-23 22:07:28.895001,27.46,2,"[0.4908181428909302, 0.32755738496780396]",0.4908181428909302,0.32755738496780396,0.40918776392936707,0.11544278902909792
2026-02-23 22:07:28.938063,26.46,2,"[0.5178183317184448, 0.3394547700881958]",0.5178183317184448,0.3394547700881958,0.4286365509033203,0.12612208394533378
2026-02-23 22:07:28.991558,24.7,2,"[0.5226451754570007, 0.32224327325820923]",0.5226451754570007,0.32224327325820923,0.422444224357605,0.14170554400744875
2026-02-23 22:07:29.035326,23.83,2,"[0.5136234164237976, 0.34932461380958557]",0.5136234164237976,0.34932461380958557,0.4314740151166916,0.1161767974693394
2026-02-23 22:07:29.083719,23.83,2,"[0.542958676815033, 0.3847925066947937]",0.542958676815033,0.3847925066947937,0.46387559175491333,0.11184037144632628
2026-02-23 22:07:29.141771,22.2,2,"[0.4518428146839142, 0.4002717137336731]",0.4518428146839142,0.4002717137336731,0.42605726420879364,0.036466275195171476
2026-02-23 22:07:29.196789,21.61,2,"[0.41682350635528564, 0.2721063494682312]",0.41682350635528564,0.2721063494682312,0.3444649279117584,0.10233048298887368
2026-02-23 22:07:29.242381,21.79,2,"[0.4099830090999603, 0.27957332134246826]",0.4099830090999603,0.27957332134246826,0.3447781652212143,0.09221357454574293
2026-02-23 22:07:29.286297,22.07,2,"[0.5196256041526794, 0.4026549458503723]",0.5196256041526794,0.4026549458503723,0.4611402750015259,0.0827107456854159
2026-02-23 22:07:29.347298,20.27,2,"[0.5053403973579407, 0.4444084167480469]",0.5053403973579407,0.4444084167480469,0.4748744070529938,0.04308541668038313
2026-02-23 22:07:29.382387,21.0,2,"[0.5488848090171814, 0.5273409485816956]",0.5488848090171814,0.5273409485816956,0.5381128787994385,0.015233809806868604
2026-02-23 22:07:29.430281,20.88,2,"[0.3922586441040039, 0.33719712495803833]",0.3922586441040039,0.33719712495803833,0.3647278845310211,0.038934373570545175
2026-02-23 22:07:29.477510,21.03,2,"[0.3675624132156372, 0.33480966091156006]",0.3675624132156372,0.33480966091156006,0.35118603706359863,0.02315969325673627
2026-02-23 22:07:29.521096,21.02,1,[0.4358972907066345],0.4358972907066345,0.4358972907066345,0.4358972907066345,
2026-02-23 22:07:29.570558,20.96,2,"[0.3976750075817108, 0.25690698623657227]",0.3976750075817108,0.25690698623657227,0.32729099690914154,0.09953802246736014
2026-02-23 22:07:29.617995,21.36,2,"[0.4387403130531311, 0.41673544049263]",0.4387403130531311,0.41673544049263,0.42773787677288055,0.015559794606676114
2026-02-23 22:07:29.663869,21.71,2,"[0.4967380464076996, 0.37012070417404175]",0.4967380464076996,0.37012070417404175,0.43342937529087067,0.0895319813092373
2026-02-23 22:07:29.708764,21.78,2,"[0.4780707359313965, 0.3813118040561676]",0.4780707359313965,0.3813118040561676,0.42969126999378204,0.06841889686934152
2026-02-23 22:07:29.759329,21.49,2,"[0.5624518394470215, 0.3497762978076935]",0.5624518394470215,0.3497762978076935,0.4561140686273575,0.15038431768569077
2026-02-23 22:07:29.805565,22.0,2,"[0.5671824216842651, 0.34273070096969604]",0.5671824216842651,0.34273070096969604,0.4549565613269806,0.15871133376626087
2026-02-23 22:07:29.837886,22.23,2,"[0.4348360300064087, 0.36804208159446716]",0.4348360300064087,0.36804208159446716,0.4014390558004379,0.04723045386430828
2026-02-23 22:07:29.877940,22.56,3,"[0.4538572430610657, 0.41623133420944214, 0.2659702003002167]",0.4538572430610657,0.2659702003002167,0.3786862591902415,0.09941131576939483
2026-02-23 22:07:29.911420,23.45,3,"[0.4167507290840149, 0.3994414210319519, 0.2564866542816162]",0.4167507290840149,0.2564866542816162,0.357559601465861,0.08795856141213405
2026-02-23 22:07:29.961174,23.23,3,"[0.4776647984981537, 0.4078860878944397, 0.2545793652534485]",0.4776647984981537,0.2545793652534485,0.3800434172153473,0.11411918490947413
2026-02-23 22:07:30.007639,23.34,2,"[0.4831768870353699, 0.4132280945777893]",0.4831768870353699,0.4132280945777893,0.4482024908065796,0.049461265482565644
2026-02-23 22:07:30.038599,24.41,3,"[0.6049145460128784, 0.41940179467201233, 0.27841272950172424]",0.6049145460128784,0.27841272950172424,0.43424302339553833,0.1637560856847429
2026-02-23 22:07:30.083282,24.5,2,"[0.5035974383354187, 0.4414413869380951]",0.5035974383354187,0.4414413869380951,0.4725194126367569,0.043950965434827106
2026-02-23 22:07:30.118831,25.04,2,"[0.48640158772468567, 0.4762568473815918]",0.48640158772468567,0.4762568473815918,0.48132921755313873,0.007173414689978419
2026-02-23 22:07:30.160340,25.47,3,"[0.5883228778839111, 0.4875621497631073, 0.2921144664287567]",0.5883228778839111,0.2921144664287567,0.45599983135859173,0.15060541395148294
2026-02-23 22:07:30.208812,25.36,3,"[0.6025230288505554, 0.5067782998085022, 0.29000240564346313]",0.6025230288505554,0.29000240564346313,0.46643457810084027,0.16011869626422862
2026-02-23 22:07:30.256742,24.42,3,"[0.6012821793556213, 0.291485995054245, 0.26790037751197815]",0.6012821793556213,0.26790037751197815,0.3868895173072815,0.18604362524376578
2026-02-23 22:07:30.294136,24.57,2,"[0.4854372441768646, 0.37112662196159363]",0.4854372441768646,0.37112662196159363,0.4282819330692291,0.08082981613007173
2026-02-23 22:07:30.336404,24.01,3,"[0.4577966034412384, 0.39228135347366333, 0.2653908133506775]",0.4577966034412384,0.2653908133506775,0.37182292342185974,0.09782079295953214
2026-02-23 22:07:30.374598,24.6,2,"[0.36278223991394043, 0.3403134346008301]",0.36278223991394043,0.3403134346008301,0.35154783725738525,0.015887844602060656
2026-02-23 22:07:30.405440,25.67,2,"[0.3545939028263092, 0.3480418026447296]",0.3545939028263092,0.3480418026447296,0.3513178527355194,0.0046330344694085375
2026-02-23 22:07:30.436972,25.69,3,"[0.3985273241996765, 0.3761163055896759, 0.32414135336875916]",0.3985273241996765,0.32414135336875916,0.36626166105270386,0.03815958173679419
2026-02-23 22:07:30.470304,26.54,2,"[0.46213164925575256, 0.32285529375076294]",0.46213164925575256,0.32285529375076294,0.39249347150325775,0.0984832554365265
2026-02-23 22:07:30.522801,25.65,2,"[0.4417155683040619, 0.30315327644348145]",0.4417155683040619,0.30315327644348145,0.37243442237377167,0.09797833619136599
2026-02-23 22:07:30.565219,25.53,1,[0.3180526793003082],0.3180526793003082,0.3180526793003082,0.3180526793003082,
2026-02-23 22:07:30.611978,25.6,1,[0.32381197810173035],0.32381197810173035,0.32381197810173035,0.32381197810173035,
2026-02-23 22:07:30.659655,25.64,1,[0.34826189279556274],0.34826189279556274,0.34826189279556274,0.34826189279556274,
2026-02-23 22:07:30.690941,26.14,3,"[0.31550976634025574, 0.2946946322917938, 0.2620842158794403]",0.31550976634025574,0.2620842158794403,0.29076287150382996,0.0269289141571028
2026-02-23 22:07:30.737549,25.96,3,"[0.31616881489753723, 0.28644439578056335, 0.2628863751888275]",0.31616881489753723,0.2628863751888275,0.2884998619556427,0.026700623611177005
2026-02-23 22:07:30.773116,26.12,2,"[0.27696409821510315, 0.2569679915904999]",0.27696409821510315,0.2569679915904999,0.2669660449028015,0.014139382591586218
2026-02-23 22:07:30.811131,25.5,2,"[0.2728383243083954, 0.25599464774131775]",0.2728383243083954,0.25599464774131775,0.26441648602485657,0.011910277920693544
2026-02-23 22:07:30.843279,25.44,2,"[0.3627398908138275, 0.2680199146270752]",0.3627398908138275,0.2680199146270752,0.31537990272045135,0.06697713747548087
2026-02-23 22:07:30.873228,25.59,1,[0.3205491304397583],0.3205491304397583,0.3205491304397583,0.3205491304397583,
2026-02-23 22:07:30.906064,26.79,2,"[0.3416031002998352, 0.27086183428764343]",0.3416031002998352,0.27086183428764343,0.3062324672937393,0.05002162890694224
2026-02-23 22:07:30.922898,30.29,1,[0.39554181694984436],0.39554181694984436,0.39554181694984436,0.39554181694984436,
2026-02-23 22:07:30.941516,33.56,1,[0.38827458024024963],0.38827458024024963,0.38827458024024963,0.38827458024024963,
2026-02-23 22:07:30.981307,33.95,1,[0.3256348967552185],0.3256348967552185,0.3256348967552185,0.3256348967552185,
2026-02-23 22:07:31.010116,34.29,2,"[0.2670326232910156, 0.2519161105155945]",0.2670326232910156,0.2519161105155945,0.25947436690330505,0.010688988691393368
2026-02-23 22:07:31.041080,35.31,2,"[0.28979960083961487, 0.26103925704956055]",0.28979960083961487,0.26103925704956055,0.2754194289445877,0.02033663412320382
2026-02-23 22:07:31.080291,35.07,1,[0.27578940987586975],0.27578940987586975,0.27578940987586975,0.27578940987586975,
2026-02-23 22:07:31.120588,34.95,1,[0.2595607042312622],0.2595607042312622,0.2595607042312622,0.2595607042312622,
2026-02-23 22:07:31.145901,35.77,0,[],0.0,0.0,0.0,0.0
2026-02-23 22:07:31.175104,35.9,1,[0.4522733986377716],0.4522733986377716,0.4522733986377716,0.4522733986377716,
2026-02-23 22:07:31.190312,39.37,1,[0.41590601205825806],0.41590601205825806,0.41590601205825806,0.41590601205825806,
2026-02-23 22:07:31.212051,38.18,1,[0.43600186705589294],0.43600186705589294,0.43600186705589294,0.43600186705589294,
2026-02-23 22:07:31.237035,36.78,1,[0.41940805315971375],0.41940805315971375,0.41940805315971375,0.41940805315971375,
2026-02-23 22:07:31.254211,40.1,1,[0.6074503064155579],0.6074503064155579,0.6074503064155579,0.6074503064155579,
2026-02-23 22:07:31.302171,38.68,1,[0.46629947423934937],0.46629947423934937,0.46629947423934937,0.46629947423934937,
2026-02-23 22:07:31.350004,37.59,1,[0.4670487642288208],0.4670487642288208,0.4670487642288208,0.4670487642288208,
2026-02-23 22:07:31.391492,37.43,1,[0.4995758533477783],0.4995758533477783,0.4995758533477783,0.4995758533477783,
2026-02-23 22:07:31.441778,36.93,1,[0.5239731669425964],0.5239731669425964,0.5239731669425964,0.5239731669425964,
2026-02-23 22:07:31.482236,35.47,0,[],0.0,0.0,0.0,0.0
2026-02-23 22:07:31.531891,34.08,0,[],0.0,0.0,0.0,0.0
2026-02-23 22:07:31.581418,29.55,0,[],0.0,0.0,0.0,0.0
2026-02-23 22:07:31.600668,30.02,0,[],0.0,0.0,0.0,0.0
2026-02-23 22:07:31.636024,28.89,0,[],0.0,0.0,0.0,0.0
2026-02-23 22:07:31.672604,25.76,0,[],0.0,0.0,0.0,0.0
2026-02-23 22:07:31.698915,27.47,0,[],0.0,0.0,0.0,0.0
2026-02-23 22:07:31.725776,29.07,0,[],0.0,0.0,0.0,0.0
2026-02-23 22:07:31.766376,29.15,0,[],0.0,0.0,0.0,0.0
2026-02-23 22:07:31.798660,30.28,0,[],0.0,0.0,0.0,0.0
2026-02-23 22:07:31.826107,31.41,0,[],0.0,0.0,0.0,0.0
2026-02-23 22:07:31.862676,32.15,0,[],0.0,0.0,0.0,0.0
2026-02-23 22:07:31.903090,32.58,1,[0.25439342856407166],0.25439342856407166,0.25439342856407166,0.25439342856407166,
2026-02-23 22:07:31.934835,30.64,0,[],0.0,0.0,0.0,0.0
2026-02-23 22:07:31.955853,32.54,0,[],0.0,0.0,0.0,0.0
2026-02-23 22:07:32.010274,31.68,0,[],0.0,0.0,0.0,0.0
2026-02-23 22:07:32.057331,30.0,0,[],0.0,0.0,0.0,0.0
2026-02-23 22:07:32.092797,29.11,0,[],0.0,0.0,0.0,0.0
2026-02-23 22:07:32.115623,30.95,0,[],0.0,0.0,0.0,0.0
2026-02-23 22:07:32.150778,30.67,0,[],0.0,0.0,0.0,0.0
2026-02-23 22:07:32.181785,30.27,0,[],0.0,0.0,0.0,0.0
2026-02-23 22:07:32.207438,31.43,0,[],0.0,0.0,0.0,0.0
2026-02-23 22:07:32.246145,31.55,0,[],0.0,0.0,0.0,0.0
2026-02-23 22:07:32.277988,31.55,0,[],0.0,0.0,0.0,0.0
2026-02-23 22:07:32.309996,29.94,0,[],0.0,0.0,0.0,0.0
2026-02-23 22:07:32.337372,31.72,0,[],0.0,0.0,0.0,0.0
2026-02-23 22:07:32.373116,32.38,1,[0.2966078817844391],0.2966078817844391,0.2966078817844391,0.2966078817844391,
2026-02-23 22:07:32.402845,32.92,1,[0.2776433825492859],0.2776433825492859,0.2776433825492859,0.2776433825492859,
2026-02-23 22:07:32.432429,32.0,1,[0.3038836717605591],0.3038836717605591,0.3038836717605591,0.3038836717605591,
2026-02-23 22:07:32.473071,31.67,1,[0.2851734161376953],0.2851734161376953,0.2851734161376953,0.2851734161376953,
2026-02-23 22:07:32.521313,30.51,1,[0.31176939606666565],0.31176939606666565,0.31176939606666565,0.31176939606666565,
2026-02-23 22:07:32.591406,28.03,3,"[0.3873351812362671, 0.3105540871620178, 0.2524477541446686]",0.3873351812362671,0.2524477541446686,0.3167790075143178,0.06765882589797273
2026-02-23 22:07:32.638050,27.62,3,"[0.3981145918369293, 0.3120025098323822, 0.29387369751930237]",0.3981145918369293,0.29387369751930237,0.33466359972953796,0.05569277115146901
2026-02-23 22:07:32.677532,26.98,1,[0.2633456885814667],0.2633456885814667,0.2633456885814667,0.2633456885814667,
2026-02-23 22:07:32.721053,26.12,2,"[0.6089985370635986, 0.35775646567344666]",0.6089985370635986,0.35775646567344666,0.48337750136852264,0.17765497239933115
2026-02-23 22:07:32.748813,26.07,3,"[0.572111189365387, 0.30070558190345764, 0.25295940041542053]",0.572111189365387,0.25295940041542053,0.37525872389475506,0.172142656924633
2026-02-23 22:07:32.792156,25.63,2,"[0.5490305423736572, 0.2780281603336334]",0.5490305423736572,0.2780281603336334,0.4135293513536453,0.19162762205820827
2026-02-23 22:07:32.821394,25.61,2,"[0.555508017539978, 0.2680090367794037]",0.555508017539978,0.2680090367794037,0.41175852715969086,0.2032924788800229
2026-02-23 22:07:32.858035,24.97,3,"[0.5171291828155518, 0.3189665973186493, 0.2727700173854828]",0.5171291828155518,0.2727700173854828,0.3696219325065613,0.12981649613847132
2026-02-23 22:07:32.887474,25.85,2,"[0.5197150707244873, 0.27591344714164734]",0.5197150707244873,0.27591344714164734,0.3978142589330673,0.17239378129971625
2026-02-23 22:07:32.933310,26.0,2,"[0.5243710875511169, 0.2691539227962494]",0.5243710875511169,0.2691539227962494,0.39676250517368317,0.18046578787337117
2026-02-23 22:07:32.974539,26.97,3,"[0.5145763158798218, 0.4522247314453125, 0.3297252953052521]",0.5145763158798218,0.3297252953052521,0.4321754475434621,0.09404230585538481
2026-02-23 22:07:33.028307,26.66,3,"[0.5110777020454407, 0.4341171085834503, 0.3265029191970825]",0.5110777020454407,0.3265029191970825,0.4238992432753245,0.09271065847285787
2026-02-23 22:07:33.059798,27.34,4,"[0.537667989730835, 0.3249500095844269, 0.2834602892398834, 0.2639681398868561]",0.537667989730835,0.2639681398868561,0.35251160711050034,0.12602983478908286
2026-02-23 22:07:33.083312,29.23,2,"[0.37209269404411316, 0.2626259922981262]",0.37209269404411316,0.2626259922981262,0.3173593431711197,0.07740464711871264
2026-02-23 22:07:33.105687,30.09,1,[0.309105783700943],0.309105783700943,0.309105783700943,0.309105783700943,
2026-02-23 22:07:33.151505,29.94,2,"[0.4932788908481598, 0.27632975578308105]",0.4932788908481598,0.27632975578308105,0.3848043233156204,0.15340620457707338
2026-02-23 22:07:33.182299,29.84,2,"[0.4405270516872406, 0.2930992841720581]",0.4405270516872406,0.2930992841720581,0.36681316792964935,0.10424717414517935
2026-02-23 22:07:33.224866,29.45,0,[],0.0,0.0,0.0,0.0
2026-02-23 22:07:33.271138,28.23,0,[],0.0,0.0,0.0,0.0
2026-02-23 22:07:33.297679,29.73,0,[],0.0,0.0,0.0,0.0
2026-02-23 22:07:33.323892,31.14,0,[],0.0,0.0,0.0,0.0
2026-02-23 22:07:33.365005,31.72,1,[0.2522604465484619],0.2522604465484619,0.2522604465484619,0.2522604465484619,
2026-02-23 22:07:33.398916,31.51,1,[0.2573700547218323],0.2573700547218323,0.2573700547218323,0.2573700547218323,
2026-02-23 22:07:33.429377,30.62,0,[],0.0,0.0,0.0,0.0
2026-02-23 22:07:33.468186,28.75,0,[],0.0,0.0,0.0,0.0
2026-02-23 22:07:33.490738,30.98,2,"[0.33648836612701416, 0.3012353479862213]",0.33648836612701416,0.3012353479862213,0.31886185705661774,0.024927648184647
2026-02-23 22:07:33.516448,31.64,2,"[0.34543555974960327, 0.29511505365371704]",0.34543555974960327,0.29511505365371704,0.32027530670166016,0.03558197109314015
2026-02-23 22:07:33.561700,31.5,3,"[0.39217156171798706, 0.2894369959831238, 0.2536481022834778]",0.39217156171798706,0.2536481022834778,0.31175221999486286,0.07190733008843123
2026-02-23 22:07:33.609032,31.45,3,"[0.496245414018631, 0.4961460530757904, 0.4191034138202667]",0.496245414018631,0.4191034138202667,0.47049829363822937,0.044509299273032356
2026-02-23 22:07:33.656711,29.86,4,"[0.5009052753448486, 0.5005245208740234, 0.4340740144252777, 0.269917368888855]",0.5009052753448486,0.269917368888855,0.4263552948832512,0.10892073110247265
2026-02-23 22:07:33.681445,29.99,2,"[0.4211205244064331, 0.41471409797668457]",0.4211205244064331,0.41471409797668457,0.41791731119155884,0.004530027571647912
2026-02-23 22:07:33.704092,32.02,2,"[0.4213574230670929, 0.41805434226989746]",0.4213574230670929,0.41805434226989746,0.4197058826684952,0.002335630830503959
2026-02-23 22:07:33.749125,31.28,3,"[0.512794554233551, 0.3431914448738098, 0.26659196615219116]",0.512794554233551,0.26659196615219116,0.37419265508651733,0.1259949795447394
2026-02-23 22:07:33.793201,30.23,4,"[0.50627201795578, 0.39849287271499634, 0.38234347105026245, 0.2500379979610443]",0.50627201795578,0.2500379979610443,0.3842865899205208,0.10505351537482852
2026-02-23 22:07:33.820073,31.42,4,"[0.49624449014663696, 0.3888266980648041, 0.3801901936531067, 0.2532142996788025]",0.49624449014663696,0.2532142996788025,0.37961892038583755,0.09943969894874591
2026-02-23 22:07:33.860352,29.48,4,"[0.5698257684707642, 0.3359537422657013, 0.30940648913383484, 0.2592543363571167]",0.5698257684707642,0.2592543363571167,0.36861008405685425,0.13786216972048135
2026-02-23 22:07:33.904899,27.81,4,"[0.7357504963874817, 0.4526219367980957, 0.28271999955177307, 0.28039097785949707]",0.7357504963874817,0.28039097785949707,0.4378708526492119,0.2143374090990288
2026-02-23 22:07:33.953119,27.67,4,"[0.7075529098510742, 0.4395018219947815, 0.3051253855228424, 0.30262109637260437]",0.7075529098510742,0.30262109637260437,0.4387003034353256,0.19029991740993843
2026-02-23 22:07:33.999427,27.72,3,"[0.7315614819526672, 0.47100719809532166, 0.40226709842681885]",0.7315614819526672,0.40226709842681885,0.5349452594916025,0.1737088210965496
2026-02-23 22:07:34.056404,27.35,3,"[0.7300648093223572, 0.4644043445587158, 0.4204208552837372]",0.7300648093223572,0.4204208552837372,0.5382966697216034,0.16752582295470506
2026-02-23 22:07:34.087517,26.65,3,"[0.6932971477508545, 0.431184858083725, 0.4074920117855072]",0.6932971477508545,0.4074920117855072,0.5106580058733622,0.15861314526462744
2026-02-23 22:07:34.127379,24.7,4,"[0.718041718006134, 0.33590418100357056, 0.3252716362476349, 0.26060861349105835]",0.718041718006134,0.26060861349105835,0.40995653718709946,0.2080677492677765
2026-02-23 22:07:34.171735,24.71,3,"[0.7370700240135193, 0.36768171191215515, 0.25664836168289185]",0.7370700240135193,0.25664836168289185,0.4538000325361888,0.2515223991406307
2026-02-23 22:07:34.195390,26.69,3,"[0.6000000238418579, 0.35472357273101807, 0.35047459602355957]",0.6000000238418579,0.35047459602355957,0.43506606419881183,0.1428527974294364
2026-02-23 22:07:34.224973,26.32,4,"[0.6097123026847839, 0.3659028708934784, 0.33776775002479553, 0.2589419484138489]",0.6097123026847839,0.2589419484138489,0.3930812180042267,0.15135015999077403
2026-02-23 22:07:34.269060,26.11,4,"[0.6422017812728882, 0.48635295033454895, 0.3485693335533142, 0.3372448980808258]",0.6422017812728882,0.3372448980808258,0.4535922408103943,0.14284413189552692
2026-02-23 22:07:34.316559,25.99,5,"[0.6124584078788757, 0.5654449462890625, 0.3091677129268646, 0.28855833411216736, 0.2505485713481903]",0.6124584078788757,0.2505485713481903,0.4052355945110321,0.16983744204271958
2026-02-23 22:07:34.361596,26.13,3,"[0.6321444511413574, 0.5504553914070129, 0.3424467444419861]",0.6321444511413574,0.3424467444419861,0.5083488623301188,0.14936837068099873
2026-02-23 22:07:34.413762,25.9,6,"[0.6848554611206055, 0.6308391094207764, 0.4590967297554016, 0.3014949858188629, 0.2928069531917572, 0.27788615226745605]",0.6848554611206055,0.27788615226745605,0.44116323192914325,0.18103074908422898
2026-02-23 22:07:34.453773,26.63,7,"[0.6998451352119446, 0.6289348006248474, 0.45702096819877625, 0.29870548844337463, 0.29095134139060974, 0.2796424925327301, 0.2507821321487427]",0.6998451352119446,0.2507821321487427,0.41512605122157503,0.18388046234290442
2026-02-23 22:07:34.476535,27.72,6,"[0.5975872278213501, 0.5972103476524353, 0.4632156789302826, 0.42912423610687256, 0.2893013060092926, 0.2721475064754486]",0.5975872278213501,0.2721475064754486,0.4414310504992803,0.14218181760660975
2026-02-23 22:07:34.509917,28.2,4,"[0.6629499197006226, 0.5629920363426208, 0.551544725894928, 0.42410701513290405]",0.6629499197006226,0.42410701513290405,0.5503984242677689,0.09794092133858688
2026-02-23 22:07:34.547428,28.66,5,"[0.6857994794845581, 0.5651403069496155, 0.548459529876709, 0.46493735909461975, 0.2656136155128479]",0.6857994794845581,0.2656136155128479,0.50599005818367,0.15580435988531777
2026-02-23 22:07:34.582094,27.26,6,"[0.6857517957687378, 0.6097697019577026, 0.3187895119190216, 0.2895411550998688, 0.25647565722465515, 0.25330594182014465]",0.6857517957687378,0.25330594182014465,0.4022722939650218,0.19315336921249518
2026-02-23 22:07:34.626011,26.16,5,"[0.6755478382110596, 0.6089497804641724, 0.3156481981277466, 0.30371809005737305, 0.2717215418815613]",0.6755478382110596,0.2717215418815613,0.4351170897483826,0.19122066272723665
2026-02-23 22:07:34.648343,28.35,7,"[0.6663615107536316, 0.5669684410095215, 0.45771801471710205, 0.42750921845436096, 0.4223906099796295, 0.3837168514728546, 0.2954708933830261]",0.6663615107536316,0.2954708933830261,0.4600193628243038,0.12205981327575438
2026-02-23 22:07:34.689967,28.66,7,"[0.6033931374549866, 0.5296031832695007, 0.45422130823135376, 0.39273685216903687, 0.3917596936225891, 0.32511886954307556, 0.26648738980293274]",0.6033931374549866,0.26648738980293274,0.4233314905847822,0.11608089946174381
2026-02-23 22:07:34.741272,28.39,7,"[0.6074209809303284, 0.5294216275215149, 0.453206330537796, 0.4324226379394531, 0.39472442865371704, 0.3330274820327759, 0.2540075480937958]",0.6074209809303284,0.2540075480937958,0.4291758622441973,0.11798579810462079
2026-02-23 22:07:34.787718,28.62,7,"[0.6046656966209412, 0.5512498617172241, 0.4763481914997101, 0.33691757917404175, 0.3351893126964569, 0.2977045774459839, 0.26412567496299744]",0.6046656966209412,0.26412567496299744,0.40945727058819364,0.1335873854480214
2026-02-23 22:07:34.824146,28.9,6,"[0.6031710505485535, 0.5463845133781433, 0.48809921741485596, 0.34588074684143066, 0.333251029253006, 0.29344242811203003]",0.6031710505485535,0.29344242811203003,0.43503816425800323,0.12793839979031169
2026-02-23 22:07:34.863678,27.09,6,"[0.5845498442649841, 0.5574291348457336, 0.5276697278022766, 0.5220510959625244, 0.3101111650466919, 0.26478272676467896]",0.5845498442649841,0.26478272676467896,0.4610989491144816,0.13711588607623937
2026-02-23 22:07:34.913078,26.13,6,"[0.6250494718551636, 0.5857811570167542, 0.5748857259750366, 0.5615278482437134, 0.358733594417572, 0.2773383855819702]",0.6250494718551636,0.2773383855819702,0.49721936384836835,0.1427426534933927
2026-02-23 22:07:34.970026,25.18,7,"[0.6285911202430725, 0.6213623285293579, 0.5639169812202454, 0.5552197694778442, 0.33103588223457336, 0.2795673608779907, 0.2690357565879822]",0.6285911202430725,0.2690357565879822,0.4641041713101523,0.16322960516658946
2026-02-23 22:07:35.038245,23.8,6,"[0.6020037531852722, 0.566862165927887, 0.5601125955581665, 0.4594055712223053, 0.2597990334033966, 0.2532428205013275]",0.6020037531852722,0.2532428205013275,0.4502376566330592,0.15739416239037837
2026-02-23 22:07:35.084770,23.69,6,"[0.605164647102356, 0.5766653418540955, 0.5573074817657471, 0.4700338840484619, 0.25410547852516174, 0.2525145411491394]",0.605164647102356,0.2525145411491394,0.4526318957408269,0.16085399431822275
2026-02-23 22:07:35.119472,22.09,7,"[0.5956138372421265, 0.5839123129844666, 0.5681420564651489, 0.49668392539024353, 0.2885679304599762, 0.2712843120098114, 0.26240265369415283]",0.5956138372421265,0.26240265369415283,0.43808671832084656,0.1567757007899566
2026-02-23 22:07:35.161837,22.02,6,"[0.6382359266281128, 0.5633936524391174, 0.5624126195907593, 0.4511987566947937, 0.2929868996143341, 0.2776506245136261]",0.6382359266281128,0.2776506245136261,0.4643130799134572,0.15103453507824355
2026-02-23 22:07:35.203748,22.45,7,"[0.6469794511795044, 0.5864647626876831, 0.5657362341880798, 0.47058597207069397, 0.3241436779499054, 0.26973190903663635, 0.2510285973548889]",0.6469794511795044,0.2510285973548889,0.4449529434953417,0.1627830364970016
2026-02-23 22:07:35.231250,23.91,6,"[0.6366238594055176, 0.5751518607139587, 0.5693413615226746, 0.5504960417747498, 0.4372989535331726, 0.2997255325317383]",0.6366238594055176,0.2997255325317383,0.5114396015803019,0.12241572809259373
2026-02-23 22:07:35.277398,23.35,6,"[0.6318902969360352, 0.5730620622634888, 0.565123438835144, 0.5488010048866272, 0.42020851373672485, 0.29473963379859924]",0.6318902969360352,0.29473963379859924,0.5056374917427698,0.12463027486615406
2026-02-23 22:07:35.319866,23.15,7,"[0.5881332159042358, 0.5784967541694641, 0.5346269607543945, 0.5282639265060425, 0.47200751304626465, 0.2917529344558716, 0.25216349959373474]",0.5881332159042358,0.25216349959373474,0.46363497206142973,0.13677446391889006
2026-02-23 22:07:35.357994,23.74,6,"[0.6220486760139465, 0.5982910990715027, 0.576321005821228, 0.544015645980835, 0.3364624083042145, 0.3340868353843689]",0.6220486760139465,0.3340868353843689,0.5018709450960159,0.13158268272932613
2026-02-23 22:07:35.390106,25.11,6,"[0.5950605869293213, 0.5938807129859924, 0.5908739566802979, 0.5376153588294983, 0.3533848226070404, 0.3370692729949951]",0.5950605869293213,0.3370692729949951,0.5013141185045242,0.12292694194552693
2026-02-23 22:07:35.417293,27.31,6,"[0.614535927772522, 0.6109455227851868, 0.5519598126411438, 0.5313577651977539, 0.40339240431785583, 0.3166717290878296]",0.614535927772522,0.3166717290878296,0.5048105269670486,0.11992827421889933
2026-02-23 22:07:35.452883,27.95,6,"[0.6100871562957764, 0.6077934503555298, 0.5439848899841309, 0.5299100875854492, 0.3898116946220398, 0.3139476478099823]",0.6100871562957764,0.3139476478099823,0.49925582110881805,0.12109625212309306
2026-02-23 22:07:35.483925,28.29,4,"[0.5405541658401489, 0.5021684169769287, 0.49685126543045044, 0.4635753929615021]",0.5405541658401489,0.4635753929615021,0.5007873103022575,0.031535849951161085
2026-02-23 22:07:35.517158,28.96,5,"[0.5753268003463745, 0.487490177154541, 0.469329297542572, 0.46903690695762634, 0.4345974028110504]",0.5753268003463745,0.4345974028110504,0.4871561169624329,0.05287414467316841
2026-02-23 22:07:35.555310,29.25,5,"[0.5741893649101257, 0.5111227631568909, 0.5000393390655518, 0.48480498790740967, 0.4121977984905243]",0.5741893649101257,0.4121977984905243,0.4964708507061005,0.05810684078119707
2026-02-23 22:07:35.595527,28.1,6,"[0.5934473276138306, 0.46497270464897156, 0.44490957260131836, 0.32525134086608887, 0.28201714158058167, 0.2600453495979309]",0.5934473276138306,0.2600453495979309,0.395107239484787,0.12853884788740907
2026-02-23 22:07:35.626476,29.09,5,"[0.5873591303825378, 0.44607898592948914, 0.4459103047847748, 0.31570112705230713, 0.2875380218029022]",0.5873591303825378,0.2875380218029022,0.4165175139904022,0.12012943846697391
2026-02-23 22:07:35.661069,29.69,3,"[0.585451602935791, 0.37209245562553406, 0.3030853867530823]",0.585451602935791,0.3030853867530823,0.42020981510480243,0.14720438248495835
2026-02-23 22:07:35.701872,29.51,2,"[0.3689768314361572, 0.2989073097705841]",0.3689768314361572,0.2989073097705841,0.33394207060337067,0.04954663392422446
2026-02-23 22:07:35.744189,28.74,2,"[0.32520592212677, 0.32067668437957764]",0.32520592212677,0.32067668437957764,0.32294130325317383,0.0032026547246458157
2026-02-23 22:07:35.770250,28.89,1,[0.26731178164482117],0.26731178164482117,0.26731178164482117,0.26731178164482117,
2026-02-23 22:07:35.812838,28.44,1,[0.28361257910728455],0.28361257910728455,0.28361257910728455,0.28361257910728455,
2026-02-23 22:07:35.840173,28.87,0,[],0.0,0.0,0.0,0.0
2026-02-23 22:07:35.882039,28.23,0,[],0.0,0.0,0.0,0.0
2026-02-23 22:07:35.913299,28.79,0,[],0.0,0.0,0.0,0.0
2026-02-23 22:07:35.949772,29.06,1,[0.28188836574554443],0.28188836574554443,0.28188836574554443,0.28188836574554443,
2026-02-23 22:07:35.985260,28.67,1,[0.3000681400299072],0.3000681400299072,0.3000681400299072,0.3000681400299072,
2026-02-23 22:07:36.028008,28.11,0,[],0.0,0.0,0.0,0.0
2026-02-23 22:07:36.058215,28.97,3,"[0.35852718353271484, 0.3412788510322571, 0.25079450011253357]",0.35852718353271484,0.25079450011253357,0.31686684489250183,0.057866590551490384
2026-02-23 22:07:36.084822,30.37,3,"[0.3893234133720398, 0.328808456659317, 0.2522640526294708]",0.3893234133720398,0.2522640526294708,0.3234653075536092,0.06868572649076941
2026-02-23 22:07:36.114213,29.92,1,[0.2730862498283386],0.2730862498283386,0.2730862498283386,0.2730862498283386,
2026-02-23 22:07:36.148394,30.55,1,[0.2575680613517761],0.2575680613517761,0.2575680613517761,0.2575680613517761,
2026-02-23 22:07:36.187081,29.46,0,[],0.0,0.0,0.0,0.0
2026-02-23 22:07:36.212154,31.1,0,[],0.0,0.0,0.0,0.0
2026-02-23 22:07:36.240602,31.33,0,[],0.0,0.0,0.0,0.0
2026-02-23 22:07:36.281766,31.03,1,[0.26268479228019714],0.26268479228019714,0.26268479228019714,0.26268479228019714,
2026-02-23 22:07:36.324932,30.56,1,[0.26521480083465576],0.26521480083465576,0.26521480083465576,0.26521480083465576,
2026-02-23 22:07:36.356869,31.32,1,[0.2570745348930359],0.2570745348930359,0.2570745348930359,0.2570745348930359,
2026-02-23 22:07:36.387562,31.35,2,"[0.33703622221946716, 0.28564372658729553]",0.33703622221946716,0.28564372658729553,0.31133997440338135,0.036339982163608585
2026-02-23 22:07:36.426616,30.14,2,"[0.3493003249168396, 0.28467756509780884]",0.3493003249168396,0.28467756509780884,0.3169889450073242,0.0456951916870262
2026-02-23 22:07:36.467641,29.2,3,"[0.6637619733810425, 0.5626207590103149, 0.3165056109428406]",0.6637619733810425,0.3165056109428406,0.5142961144447327,0.17860066844148528
2026-02-23 22:07:36.492835,30.21,3,"[0.640959620475769, 0.5679773092269897, 0.30558985471725464]",0.640959620475769,0.30558985471725464,0.5048422614733378,0.17637388025830847
2026-02-23 22:07:36.533692,30.12,5,"[0.7429471611976624, 0.4992580711841583, 0.35056012868881226, 0.32939645648002625, 0.3018172085285187]",0.7429471611976624,0.3018172085285187,0.44479580521583556,0.18337163154236497
2026-02-23 22:07:36.575050,28.53,2,"[0.4337215721607208, 0.31723886728286743]",0.4337215721607208,0.31723886728286743,0.37548021972179413,0.08236571051008147
2026-02-23 22:07:36.618735,27.36,2,"[0.3968111276626587, 0.2855333983898163]",0.3968111276626587,0.2855333983898163,0.3411722630262375,0.07868523696386764
2026-02-23 22:07:36.645675,28.56,2,"[0.3436192572116852, 0.3268093466758728]",0.3436192572116852,0.3268093466758728,0.335214301943779,0.011886401731012124
2026-02-23 22:07:36.685312,28.77,2,"[0.3827187120914459, 0.3565322160720825]",0.3827187120914459,0.3565322160720825,0.3696254640817642,0.018516648910806396
2026-02-23 22:07:36.720961,28.49,2,"[0.33237558603286743, 0.25324660539627075]",0.33237558603286743,0.25324660539627075,0.2928110957145691,0.055952638796516525
2026-02-23 22:07:36.757198,27.87,0,[],0.0,0.0,0.0,0.0
2026-02-23 22:07:36.792394,28.13,0,[],0.0,0.0,0.0,0.0
2026-02-23 22:07:36.823665,28.9,0,[],0.0,0.0,0.0,0.0
2026-02-23 22:07:36.863826,27.42,0,[],0.0,0.0,0.0,0.0
2026-02-23 22:07:36.893647,28.29,1,[0.4695466160774231],0.4695466160774231,0.4695466160774231,0.4695466160774231,
2026-02-23 22:07:36.946462,27.76,1,[0.5320996046066284],0.5320996046066284,0.5320996046066284,0.5320996046066284,
2026-02-23 22:07:36.980143,28.42,1,[0.45420780777931213],0.45420780777931213,0.45420780777931213,0.45420780777931213,
2026-02-23 22:07:37.013479,27.82,0,[],0.0,0.0,0.0,0.0
2026-02-23 22:07:37.043975,28.53,0,[],0.0,0.0,0.0,0.0
2026-02-23 22:07:37.073922,29.04,1,[0.2879703640937805],0.2879703640937805,0.2879703640937805,0.2879703640937805,
2026-02-23 22:07:37.110776,29.04,1,[0.3290773034095764],0.3290773034095764,0.3290773034095764,0.3290773034095764,
2026-02-23 22:07:37.140682,29.55,1,[0.25691646337509155],0.25691646337509155,0.25691646337509155,0.25691646337509155,
2026-02-23 22:07:37.166896,30.17,1,[0.26966017484664917],0.26966017484664917,0.26966017484664917,0.26966017484664917,
2026-02-23 22:07:37.200350,30.66,0,[],0.0,0.0,0.0,0.0
2026-02-23 22:07:37.240671,29.81,1,[0.300838828086853],0.300838828086853,0.300838828086853,0.300838828086853,
2026-02-23 22:07:37.274306,30.92,2,"[0.2985764443874359, 0.29620635509490967]",0.2985764443874359,0.29620635509490967,0.2973913997411728,0.001675906210762935
2026-02-23 22:07:37.313139,30.57,2,"[0.32619574666023254, 0.28154951333999634]",0.32619574666023254,0.28154951333999634,0.30387263000011444,0.03156965433517581
2026-02-23 22:07:37.344358,30.67,1,[0.474752813577652],0.474752813577652,0.474752813577652,0.474752813577652,
2026-02-23 22:07:37.380116,30.24,1,[0.4484991431236267],0.4484991431236267,0.4484991431236267,0.4484991431236267,
2026-02-23 22:07:37.413512,29.85,1,[0.414449542760849],0.414449542760849,0.414449542760849,0.414449542760849,
2026-02-23 22:07:37.456458,29.46,1,[0.4073420464992523],0.4073420464992523,0.4073420464992523,0.4073420464992523,
2026-02-23 22:07:37.487208,29.42,1,[0.48712754249572754],0.48712754249572754,0.48712754249572754,0.48712754249572754,
2026-02-23 22:07:37.517787,28.86,1,[0.48258495330810547],0.48258495330810547,0.48258495330810547,0.48258495330810547,
2026-02-23 22:07:37.552598,28.72,0,[],0.0,0.0,0.0,0.0
2026-02-23 22:07:37.578938,30.04,0,[],0.0,0.0,0.0,0.0
2026-02-23 22:07:37.615681,29.77,0,[],0.0,0.0,0.0,0.0
2026-02-23 22:07:37.642877,30.85,0,[],0.0,0.0,0.0,0.0
2026-02-23 22:07:37.682671,30.22,0,[],0.0,0.0,0.0,0.0
2026-02-23 22:07:37.710492,31.0,0,[],0.0,0.0,0.0,0.0
2026-02-23 22:07:37.737517,31.7,1,[0.37407252192497253],0.37407252192497253,0.37407252192497253,0.37407252192497253,
2026-02-23 22:07:37.776927,31.95,1,[0.3765982687473297],0.3765982687473297,0.3765982687473297,0.3765982687473297,
2026-02-23 22:07:37.811043,31.59,1,[0.40065497159957886],0.40065497159957886,0.40065497159957886,0.40065497159957886,
2026-02-23 22:07:37.839254,31.84,1,[0.43427807092666626],0.43427807092666626,0.43427807092666626,0.43427807092666626,
2026-02-23 22:07:37.860564,33.67,1,[0.4939799904823303],0.4939799904823303,0.4939799904823303,0.4939799904823303,
2026-02-23 22:07:37.902138,32.31,1,[0.4944472312927246],0.4944472312927246,0.4944472312927246,0.4944472312927246,
2026-02-23 22:07:37.927486,33.49,0,[],0.0,0.0,0.0,0.0
2026-02-23 22:07:37.955145,33.4,0,[],0.0,0.0,0.0,0.0
2026-02-23 22:07:37.998990,33.18,1,[0.36764025688171387],0.36764025688171387,0.36764025688171387,0.36764025688171387,
2026-02-23 22:07:38.040145,32.04,2,"[0.37035900354385376, 0.25014352798461914]",0.37035900354385376,0.25014352798461914,0.31025126576423645,0.08500517797150046
2026-02-23 22:07:38.067226,32.08,2,"[0.6930270195007324, 0.4727657437324524]",0.6930270195007324,0.4727657437324524,0.5828963816165924,0.15574824172855098
2026-02-23 22:07:38.097478,32.78,2,"[0.6635152101516724, 0.4830256402492523]",0.6635152101516724,0.4830256402492523,0.5732704252004623,0.1276253988114446
2026-02-23 22:07:38.136466,32.43,1,[0.723758339881897],0.723758339881897,0.723758339881897,0.723758339881897,
2026-02-23 22:07:38.184152,31.02,1,[0.7201699614524841],0.7201699614524841,0.7201699614524841,0.7201699614524841,
2026-02-23 22:07:38.236111,28.26,2,"[0.6719734072685242, 0.2605423033237457]",0.6719734072685242,0.2605423033237457,0.46625785529613495,0.2909257235904201
2026-02-23 22:07:38.284263,27.89,1,[0.6837981939315796],0.6837981939315796,0.6837981939315796,0.6837981939315796,
2026-02-23 22:07:38.315130,27.17,1,[0.7336164116859436],0.7336164116859436,0.7336164116859436,0.7336164116859436,
2026-02-23 22:07:38.351153,26.35,1,[0.7371504306793213],0.7371504306793213,0.7371504306793213,0.7371504306793213,
2026-02-23 22:07:38.385822,27.03,2,"[0.8667142391204834, 0.27813538908958435]",0.8667142391204834,0.27813538908958435,0.5724248141050339,0.4161880961198287
2026-02-23 22:07:38.419610,27.49,1,[0.8615355491638184],0.8615355491638184,0.8615355491638184,0.8615355491638184,
2026-02-23 22:07:38.447518,27.35,4,"[0.8996203541755676, 0.27244871854782104, 0.27084845304489136, 0.25834718346595764]",0.8996203541755676,0.25834718346595764,0.4253161773085594,0.3162656240596205
2026-02-23 22:07:38.479247,27.28,3,"[0.901371955871582, 0.3233281672000885, 0.2864997684955597]",0.901371955871582,0.2864997684955597,0.5037332971890768,0.34485715868588457
2026-02-23 22:07:38.514282,27.58,5,"[0.8852546215057373, 0.4243224859237671, 0.3256116509437561, 0.28739267587661743, 0.2539719343185425]",0.8852546215057373,0.2539719343185425,0.4353106737136841,0.2595032006121635
2026-02-23 22:07:38.561582,27.58,4,"[0.8770749568939209, 0.4427461326122284, 0.3657771646976471, 0.2856127917766571]",0.8770749568939209,0.2856127917766571,0.4928027614951134,0.264092137990655
2026-02-23 22:07:38.584410,29.99,3,"[0.9008515477180481, 0.43131324648857117, 0.41089269518852234]",0.9008515477180481,0.41089269518852234,0.5810191631317139,0.277171094094397
2026-02-23 22:07:38.620893,30.71,4,"[0.8989434838294983, 0.425843745470047, 0.41826894879341125, 0.25730645656585693]",0.8989434838294983,0.25730645656585693,0.5000906586647034,0.2770289643436276
2026-02-23 22:07:38.654771,30.46,6,"[0.8635692596435547, 0.5186164379119873, 0.30439138412475586, 0.30232006311416626, 0.28055861592292786, 0.25255775451660156]",0.8635692596435547,0.25255775451660156,0.4203355858723323,0.23713833051441077
2026-02-23 22:07:38.709525,29.52,6,"[0.8600462079048157, 0.5200412273406982, 0.3105069100856781, 0.29327303171157837, 0.28881800174713135, 0.26399797201156616]",0.8600462079048157,0.26399797201156616,0.4227805584669113,0.23375043694487255
2026-02-23 22:07:38.738471,29.97,4,"[0.8752186894416809, 0.7014477252960205, 0.5286341905593872, 0.3093092739582062]",0.8752186894416809,0.3093092739582062,0.6036524698138237,0.2419213252323909
2026-02-23 22:07:38.780220,29.46,5,"[0.8754197955131531, 0.7045831084251404, 0.5277835726737976, 0.3027939796447754, 0.2679843604564667]",0.8754197955131531,0.2679843604564667,0.5357129633426666,0.25976460051848743
2026-02-23 22:07:38.808694,29.38,4,"[0.8149233460426331, 0.7884777188301086, 0.4998681843280792, 0.2535616159439087]",0.8149233460426331,0.2535616159439087,0.5892077162861824,0.26539023850151694
2026-02-23 22:07:38.846418,28.83,4,"[0.8182324767112732, 0.787045419216156, 0.5102224349975586, 0.26566070318222046]",0.8182324767112732,0.26566070318222046,0.5952902585268021,0.2597212946324588
2026-02-23 22:07:38.893865,28.08,4,"[0.8153670430183411, 0.7827187180519104, 0.5054616928100586, 0.2602618336677551]",0.8153670430183411,0.2602618336677551,0.5909523218870163,0.26064098195102825
2026-02-23 22:07:38.941348,28.1,4,"[0.8750083446502686, 0.5332927703857422, 0.49424412846565247, 0.27004969120025635]",0.8750083446502686,0.27004969120025635,0.5431487336754799,0.24980171391213457
2026-02-23 22:07:38.985563,25.99,6,"[0.8790027499198914, 0.5398892760276794, 0.4422777593135834, 0.28094375133514404, 0.2603694498538971, 0.25416821241378784]",0.8790027499198914,0.25416821241378784,0.4427751998106639,0.24280022147795985
2026-02-23 22:07:39.034657,25.26,3,"[0.5762178301811218, 0.33337539434432983, 0.3249962627887726]",0.5762178301811218,0.3249962627887726,0.4115298291047414,0.14268551340380262
2026-02-23 22:07:39.063988,25.68,3,"[0.5845921635627747, 0.3936421871185303, 0.29907140135765076]",0.5845921635627747,0.29907140135765076,0.42576858401298523,0.14544622870880414
2026-02-23 22:07:39.107686,26.16,3,"[0.5542294383049011, 0.43845057487487793, 0.3032675087451935]",0.5542294383049011,0.3032675087451935,0.43198250730832416,0.12560592918177485
2026-02-23 22:07:39.157468,24.74,0,[],0.0,0.0,0.0,0.0
2026-02-23 22:07:39.184296,26.01,0,[],0.0,0.0,0.0,0.0
2026-02-23 22:07:39.233859,24.55,1,[0.28549179434776306],0.28549179434776306,0.28549179434776306,0.28549179434776306,
2026-02-23 22:07:39.289322,23.71,1,[0.2703590393066406],0.2703590393066406,0.2703590393066406,0.2703590393066406,
2026-02-23 22:07:39.320427,24.75,1,[0.25931185483932495],0.25931185483932495,0.25931185483932495,0.25931185483932495,
2026-02-23 22:07:39.354536,25.57,0,[],0.0,0.0,0.0,0.0
2026-02-23 22:07:39.383808,26.73,0,[],0.0,0.0,0.0,0.0
2026-02-23 22:07:39.416443,27.75,0,[],0.0,0.0,0.0,0.0
2026-02-23 22:07:39.452862,27.15,0,[],0.0,0.0,0.0,0.0
2026-02-23 22:07:39.487138,27.76,0,[],0.0,0.0,0.0,0.0
2026-02-23 22:07:39.525850,28.37,0,[],0.0,0.0,0.0,0.0
2026-02-23 22:07:39.568094,27.06,1,[0.33240923285484314],0.33240923285484314,0.33240923285484314,0.33240923285484314,
2026-02-23 22:07:39.592602,29.01,1,[0.7130042314529419],0.7130042314529419,0.7130042314529419,0.7130042314529419,
2026-02-23 22:07:39.626157,30.22,1,[0.7324097752571106],0.7324097752571106,0.7324097752571106,0.7324097752571106,
2026-02-23 22:07:39.667217,29.52,1,[0.6904788017272949],0.6904788017272949,0.6904788017272949,0.6904788017272949,
2026-02-23 22:07:39.692316,30.5,1,[0.8467265367507935],0.8467265367507935,0.8467265367507935,0.8467265367507935,
2026-02-23 22:07:39.717324,31.13,2,"[0.8287028074264526, 0.26811307668685913]",0.8287028074264526,0.26811307668685913,0.5484079420566559,0.39639680006950734
2026-02-23 22:07:39.742965,32.01,2,"[0.6687756776809692, 0.4394879639148712]",0.6687756776809692,0.4394879639148712,0.5541318207979202,0.16213089724676802
2026-02-23 22:07:39.793209,31.23,2,"[0.6286414861679077, 0.42235198616981506]",0.6286414861679077,0.42235198616981506,0.5254967361688614,0.14586870433623358
2026-02-23 22:07:39.834262,30.74,2,"[0.6003124117851257, 0.4173656404018402]",0.6003124117851257,0.4173656404018402,0.508839026093483,0.1293629026413062
2026-02-23 22:07:39.866170,31.32,3,"[0.8613572120666504, 0.33201929926872253, 0.31763872504234314]",0.8613572120666504,0.31763872504234314,0.5036717454592387,0.309848140216125
2026-02-23 22:07:39.904510,31.55,3,"[0.8588758111000061, 0.3511810898780823, 0.26236963272094727]",0.8588758111000061,0.26236963272094727,0.4908088445663452,0.3218335557715536
2026-02-23 22:07:39.952671,29.63,2,"[0.7556906938552856, 0.6331291794776917]",0.7556906938552856,0.6331291794776917,0.6944099366664886,0.08666407792888925
2026-02-23 22:07:39.988870,29.36,2,"[0.7656010389328003, 0.6104922294616699]",0.7656010389328003,0.6104922294616699,0.6880466341972351,0.10967849099880847
2026-02-23 22:07:40.033365,29.15,2,"[0.7289066314697266, 0.6298579573631287]",0.7289066314697266,0.6298579573631287,0.6793822944164276,0.07003798912831177
2026-02-23 22:07:40.068513,28.08,2,"[0.6263474225997925, 0.6149796843528748]",0.6263474225997925,0.6149796843528748,0.6206635534763336,0.0080382048011492
2026-02-23 22:07:40.099249,27.31,2,"[0.6424552798271179, 0.5773650407791138]",0.6424552798271179,0.5773650407791138,0.6099101603031158,0.04602574941989714
2026-02-23 22:07:40.135503,26.11,6,"[0.5982894897460938, 0.5543290972709656, 0.48531287908554077, 0.43451637029647827, 0.4316852390766144, 0.268614798784256]",0.5982894897460938,0.268614798784256,0.46212464570999146,0.11551195177195915
2026-02-23 22:07:40.164999,27.52,6,"[0.6089637875556946, 0.5540171265602112, 0.48017823696136475, 0.45899254083633423, 0.4311331510543823, 0.2685982584953308]",0.6089637875556946,0.2685982584953308,0.466980516910553,0.1171436402298055
2026-02-23 22:07:40.192726,28.69,6,"[0.6133638620376587, 0.550915002822876, 0.48317399621009827, 0.45518016815185547, 0.43893852829933167, 0.2719619572162628]",0.6133638620376587,0.2719619572162628,0.46892225245634717,0.1163361752745443
2026-02-23 22:07:40.223022,28.82,5,"[0.7497328519821167, 0.6446980237960815, 0.599465012550354, 0.395917147397995, 0.28439295291900635]",0.7497328519821167,0.28439295291900635,0.5348411977291108,0.1900311802257835
2026-02-23 22:07:40.253720,29.48,5,"[0.7501500844955444, 0.6479211449623108, 0.5995779037475586, 0.35215088725090027, 0.279487669467926]",0.7501500844955444,0.279487669467926,0.525857537984848,0.20094369579501642
2026-02-23 22:07:40.290067,30.17,5,"[0.6747241616249084, 0.5949167609214783, 0.4210428297519684, 0.3385339677333832, 0.2703746557235718]",0.6747241616249084,0.2703746557235718,0.459918475151062,0.17068860099010785
2026-02-23 22:07:40.321172,30.62,5,"[0.6665266752243042, 0.5894066691398621, 0.4264342486858368, 0.3346688449382782, 0.2665749192237854]",0.6665266752243042,0.2665749192237854,0.45672227144241334,0.16851814148502497
2026-02-23 22:07:40.348789,32.01,4,"[0.6011880040168762, 0.5946153998374939, 0.35905179381370544, 0.3539455235004425]",0.6011880040168762,0.3539455235004425,0.4772001802921295,0.1394155250335923
2026-02-23 22:07:40.382258,32.16,4,"[0.609948992729187, 0.60554438829422, 0.36093172430992126, 0.34804028272628784]",0.609948992729187,0.34804028272628784,0.481116347014904,0.14632585836599546
2026-02-23 22:07:40.408448,32.71,5,"[0.8116849660873413, 0.5976684093475342, 0.46110066771507263, 0.33044567704200745, 0.25461122393608093]",0.8116849660873413,0.25461122393608093,0.4911021888256073,0.22179284194658622
2026-02-23 22:07:40.448146,32.48,5,"[0.8096169233322144, 0.6139609813690186, 0.46906277537345886, 0.3418652415275574, 0.26462310552597046]",0.8096169233322144,0.26462310552597046,0.4998258054256439,0.21806856085100662
2026-02-23 22:07:40.476455,32.64,4,"[0.8528454303741455, 0.6660974621772766, 0.36960121989250183, 0.2715979516506195]",0.8528454303741455,0.2715979516506195,0.5400355160236359,0.2676118034568287
2026-02-23 22:07:40.510649,31.97,3,"[0.8489156365394592, 0.6612079739570618, 0.38045161962509155]",0.8489156365394592,0.38045161962509155,0.6301917433738708,0.2357671281276898
2026-02-23 22:07:40.542213,31.83,3,"[0.5668967962265015, 0.3883579671382904, 0.2789853513240814]",0.5668967962265015,0.2789853513240814,0.41141337156295776,0.1453338012347387
2026-02-23 22:07:40.583434,30.98,3,"[0.586542010307312, 0.3705698847770691, 0.27958330512046814]",0.586542010307312,0.27958330512046814,0.4122317334016164,0.15766322937072852
2026-02-23 22:07:40.618949,31.05,3,"[0.5285825729370117, 0.4865473806858063, 0.3164639472961426]",0.5285825729370117,0.3164639472961426,0.4438646336396535,0.1123162521966309
2026-02-23 22:07:40.654353,30.66,4,"[0.5287850499153137, 0.4701008200645447, 0.2866177260875702, 0.2684294879436493]",0.5287850499153137,0.2684294879436493,0.38848327100276947,0.13055715676611082
2026-02-23 22:07:40.677259,31.38,2,"[0.5174489617347717, 0.5053956508636475]",0.5174489617347717,0.5053956508636475,0.5114223062992096,0.008522977852721502
2026-02-23 22:07:40.708598,31.6,2,"[0.5088825225830078, 0.5016052722930908]",0.5088825225830078,0.5016052722930908,0.5052438974380493,0.005145793028392074
2026-02-23 22:07:40.740415,30.93,2,"[0.3664699196815491, 0.3084792494773865]",0.3664699196815491,0.3084792494773865,0.3374745845794678,0.04100559614691604
2026-02-23 22:07:40.780727,30.91,3,"[0.37963056564331055, 0.32196444272994995, 0.26135891675949097]",0.37963056564331055,0.26135891675949097,0.3209846417109172,0.05914191187264788
2026-02-23 22:07:40.824936,29.62,5,"[0.6628190875053406, 0.4865737855434418, 0.4521040618419647, 0.3806089758872986, 0.30257266759872437]",0.6628190875053406,0.30257266759872437,0.456935715675354,0.13504022056274315
2026-02-23 22:07:40.874527,28.7,5,"[0.6659326553344727, 0.4829065203666687, 0.4659593403339386, 0.37408480048179626, 0.3031536936759949]",0.6659326553344727,0.3031536936759949,0.4584074020385742,0.13687401544854463
2026-02-23 22:07:40.924588,27.51,4,"[0.6580811142921448, 0.5623497366905212, 0.4872542917728424, 0.35727840662002563]",0.6580811142921448,0.35727840662002563,0.5162408873438835,0.126956644790636
2026-02-23 22:07:40.960200,27.92,4,"[0.6623595952987671, 0.5771974325180054, 0.48384395241737366, 0.3585195243358612]",0.6623595952987671,0.3585195243358612,0.5204801261425018,0.130281851349735
2026-02-23 22:07:40.995745,27.9,5,"[0.6626679301261902, 0.5269283056259155, 0.5120137333869934, 0.47117143869400024, 0.3078417479991913]",0.6626679301261902,0.3078417479991913,0.4961246311664581,0.12748637796478074
2026-02-23 22:07:41.029663,28.08,5,"[0.6646436452865601, 0.5175882577896118, 0.5110419988632202, 0.4737062454223633, 0.3116711974143982]",0.6646436452865601,0.3116711974143982,0.4957302689552307,0.12610189221553939
2026-02-23 22:07:41.056341,27.4,4,"[0.6396222114562988, 0.5155038833618164, 0.43998605012893677, 0.37867826223373413]",0.6396222114562988,0.37867826223373413,0.49344760179519653,0.11237383277267007
2026-02-23 22:07:41.090599,27.14,4,"[0.625708818435669, 0.5126399397850037, 0.4526340067386627, 0.3649362325668335]",0.625708818435669,0.3649362325668335,0.4889797493815422,0.10948736609971575
2026-02-23 22:07:41.124666,26.91,4,"[0.5300768613815308, 0.4663471579551697, 0.45012733340263367, 0.27420446276664734]",0.5300768613815308,0.27420446276664734,0.43018895387649536,0.10956536897039465
2026-02-23 22:07:41.151879,28.07,4,"[0.5451537370681763, 0.4758303165435791, 0.44606226682662964, 0.25210434198379517]",0.5451537370681763,0.25210434198379517,0.42978766560554504,0.12551956326711175
2026-02-23 22:07:41.187027,28.67,2,"[0.39308327436447144, 0.27153512835502625]",0.39308327436447144,0.27153512835502625,0.33230920135974884,0.0859475182839313
2026-02-23 22:07:41.213443,30.42,2,"[0.3814094364643097, 0.30478641390800476]",0.3814094364643097,0.30478641390800476,0.3430979251861572,0.05418065884457301
2026-02-23 22:07:41.247442,31.39,2,"[0.6400555968284607, 0.26628684997558594]",0.6400555968284607,0.26628684997558594,0.4531712234020233,0.2642944154952658
2026-02-23 22:07:41.290811,30.89,2,"[0.6389463543891907, 0.2653166353702545]",0.6389463543891907,0.2653166353702545,0.4521314948797226,0.26419610797111415
2026-02-23 22:07:41.331382,30.51,1,[0.7028666138648987],0.7028666138648987,0.7028666138648987,0.7028666138648987,
2026-02-23 22:07:41.374262,29.86,1,[0.701307475566864],0.701307475566864,0.701307475566864,0.701307475566864,
2026-02-23 22:07:41.405473,29.39,1,[0.2649233043193817],0.2649233043193817,0.2649233043193817,0.2649233043193817,
2026-02-23 22:07:41.435463,29.78,0,[],0.0,0.0,0.0,0.0
2026-02-23 22:07:41.464196,30.35,0,[],0.0,0.0,0.0,0.0
2026-02-23 22:07:41.491736,30.3,0,[],0.0,0.0,0.0,0.0
2026-02-23 22:07:41.524187,30.53,0,[],0.0,0.0,0.0,0.0
2026-02-23 22:07:41.556448,29.87,0,[],0.0,0.0,0.0,0.0
2026-02-23 22:07:41.592114,29.72,0,[],0.0,0.0,0.0,0.0
2026-02-23 22:07:41.626185,30.34,0,[],0.0,0.0,0.0,0.0
2026-02-23 22:07:41.651032,31.9,0,[],0.0,0.0,0.0,0.0
2026-02-23 22:07:41.681846,32.84,0,[],0.0,0.0,0.0,0.0
2026-02-23 22:07:41.715121,32.63,1,[0.25601446628570557],0.25601446628570557,0.25601446628570557,0.25601446628570557,
2026-02-23 22:07:41.745514,32.6,1,[0.2796109914779663],0.2796109914779663,0.2796109914779663,0.2796109914779663,
2026-02-23 22:07:41.780107,31.99,1,[0.29756662249565125],0.29756662249565125,0.29756662249565125,0.29756662249565125,
2026-02-23 22:07:41.810179,31.73,1,[0.31748390197753906],0.31748390197753906,0.31748390197753906,0.31748390197753906,
2026-02-23 22:07:41.847102,31.36,1,[0.6273864507675171],0.6273864507675171,0.6273864507675171,0.6273864507675171,
2026-02-23 22:07:41.888664,30.64,1,[0.6026310324668884],0.6026310324668884,0.6026310324668884,0.6026310324668884,
2026-02-23 22:07:41.924351,30.67,2,"[0.8364075422286987, 0.5052662491798401]",0.8364075422286987,0.5052662491798401,0.6708368957042694,0.23415225384572969
2026-02-23 22:07:41.952663,31.28,2,"[0.8433201313018799, 0.5237305760383606]",0.8433201313018799,0.5237305760383606,0.6835253536701202,0.22598394172322736
2026-02-23 22:07:41.992356,29.81,2,"[0.850130558013916, 0.6270511150360107]",0.850130558013916,0.6270511150360107,0.7385908365249634,0.15774098687299457
2026-02-23 22:07:42.026760,29.43,2,"[0.8455764651298523, 0.6136135458946228]",0.8455764651298523,0.6136135458946228,0.7295950055122375,0.1640225531750582
2026-02-23 22:07:42.072134,28.64,2,"[0.8555213809013367, 0.6264388561248779]",0.8555213809013367,0.6264388561248779,0.7409801185131073,0.16198580672076926
2026-02-23 22:07:42.101786,28.69,2,"[0.8552666306495667, 0.6592055559158325]",0.8552666306495667,0.6592055559158325,0.7572360932826996,0.13863611547094587
2026-02-23 22:07:42.125093,30.09,2,"[0.8484992384910583, 0.6039462089538574]",0.8484992384910583,0.6039462089538574,0.7262227237224579,0.17292510554546883
2026-02-23 22:07:42.157442,29.83,2,"[0.844001293182373, 0.6023688316345215]",0.844001293182373,0.6023688316345215,0.7231850624084473,0.17085995211528354
2026-02-23 22:07:42.188227,30.36,2,"[0.7750512957572937, 0.3742285966873169]",0.7750512957572937,0.3742285966873169,0.5746399462223053,0.28342444856587545
2026-02-23 22:07:42.225360,30.7,2,"[0.7786716818809509, 0.3493846356868744]",0.7786716818809509,0.3493846356868744,0.5640281587839127,0.3035517814393742
2026-02-23 22:07:42.256083,31.03,1,[0.8500580191612244],0.8500580191612244,0.8500580191612244,0.8500580191612244,
2026-02-23 22:07:42.295681,30.08,2,"[0.8526937961578369, 0.2519586980342865]",0.8526937961578369,0.2519586980342865,0.5523262470960617,0.42478386157992853
2026-02-23 22:07:42.325266,30.87,2,"[0.809089720249176, 0.37342900037765503]",0.809089720249176,0.37342900037765503,0.5912593603134155,0.3080586493177654
2026-02-23 22:07:42.365493,30.47,2,"[0.811867356300354, 0.35371699929237366]",0.811867356300354,0.35371699929237366,0.5827921777963638,0.3239612242433806
2026-02-23 22:07:42.396977,31.47,2,"[0.786989152431488, 0.29216042160987854]",0.786989152431488,0.29216042160987854,0.5395747870206833,0.3498967510898929
2026-02-23 22:07:42.430968,31.05,3,"[0.7866271734237671, 0.28768062591552734, 0.2688401937484741]",0.7866271734237671,0.2688401937484741,0.44771599769592285,0.2936568222364034
2026-02-23 22:07:42.457028,30.57,2,"[0.8307215571403503, 0.35554584860801697]",0.8307215571403503,0.35554584860801697,0.5931337028741837,0.33599996575833535
2026-02-23 22:07:42.488463,30.67,2,"[0.8261911869049072, 0.30563822388648987]",0.8261911869049072,0.30563822388648987,0.5659147053956985,0.368086530117073
2026-02-23 22:07:42.511106,31.83,3,"[0.8667684197425842, 0.3344561457633972, 0.28630000352859497]",0.8667684197425842,0.28630000352859497,0.49584152301152545,0.3221332419165007
2026-02-23 22:07:42.535201,33.25,3,"[0.8627263903617859, 0.33828139305114746, 0.2967171370983124]",0.8627263903617859,0.2967171370983124,0.4992416401704152,0.3154722960253254
2026-02-23 22:07:42.566127,33.32,2,"[0.8301153779029846, 0.4336078464984894]",0.8301153779029846,0.4336078464984894,0.631861612200737,0.2803731642476565
2026-02-23 22:07:42.598909,33.8,2,"[0.8276064991950989, 0.4276723861694336]",0.8276064991950989,0.4276723861694336,0.6276394426822662,0.2827961233482751
2026-02-23 22:07:42.628856,33.79,2,"[0.8259270191192627, 0.4552000164985657]",0.8259270191192627,0.4552000164985657,0.6405635178089142,0.26214357752205786
2026-02-23 22:07:42.662231,34.31,9,"[0.9214848279953003, 0.8386996984481812, 0.7245358824729919, 0.7232546210289001, 0.7200974225997925, 0.6434695720672607, 0.6403213739395142, 0.4460403621196747, 0.28984689712524414]",0.9214848279953003,0.28984689712524414,0.6608611841996511,0.19220155428135338
2026-02-23 22:07:42.691904,34.47,11,"[0.9158774018287659, 0.8426772952079773, 0.7908490896224976, 0.7400680780410767, 0.711044192314148, 0.6937273144721985, 0.6493532657623291, 0.582172691822052, 0.3720075488090515, 0.3138573467731476, 0.28658026456832886]",0.9158774018287659,0.28658026456832886,0.6271104081110521,0.21507854700572807
2026-02-23 22:07:42.724147,34.64,11,"[0.9160358309745789, 0.8498526811599731, 0.7876177430152893, 0.7283658385276794, 0.7158896923065186, 0.6621864438056946, 0.6604011058807373, 0.5654267072677612, 0.3391264081001282, 0.3134869635105133, 0.25556740164756775]",0.9160358309745789,0.25556740164756775,0.6176324378360402,0.22393816776250167
2026-02-23 22:07:42.755682,34.04,14,"[0.8970412015914917, 0.8764621019363403, 0.7512241005897522, 0.7439938187599182, 0.702972412109375, 0.6546086072921753, 0.6226250529289246, 0.5706496238708496, 0.5655537247657776, 0.3631371259689331, 0.3356606364250183, 0.3027576506137848, 0.3027080297470093, 0.2876822054386139]",0.8970412015914917,0.2876822054386139,0.5697911637169975,0.21695342297606243
2026-02-23 22:07:42.801417,33.06,14,"[0.8939868807792664, 0.8797407746315002, 0.7545145153999329, 0.7456826567649841, 0.7032187581062317, 0.661662757396698, 0.6153086423873901, 0.5558310747146606, 0.5479597449302673, 0.3609747290611267, 0.33605653047561646, 0.30458277463912964, 0.2964690327644348, 0.2810542583465576]",0.8939868807792664,0.2810542583465576,0.5669316521712712,0.2186936724870279
2026-02-23 22:07:42.837945,31.36,13,"[0.9110743999481201, 0.8560916781425476, 0.7464390397071838, 0.6919089555740356, 0.6512771248817444, 0.6499845385551453, 0.6228492259979248, 0.6054187417030334, 0.603866696357727, 0.409670889377594, 0.3912816643714905, 0.3556100130081177, 0.3439416289329529]",0.9110743999481201,0.3439416289329529,0.6030318920428936,0.18323424114945006
2026-02-23 22:07:42.866773,30.65,13,"[0.9109288454055786, 0.8548206686973572, 0.7579190731048584, 0.7007603645324707, 0.6531301736831665, 0.6522095203399658, 0.6263250708580017, 0.6023931503295898, 0.5985354781150818, 0.3984382152557373, 0.3427061140537262, 0.32790470123291016, 0.2907788157463074]",0.9109288454055786,0.2907788157463074,0.5936038608734424,0.19977069917835055
2026-02-23 22:07:42.896898,30.74,14,"[0.9032253623008728, 0.8950495719909668, 0.7744963765144348, 0.7624284029006958, 0.7459434866905212, 0.6877301931381226, 0.679459810256958, 0.6784986853599548, 0.6698824763298035, 0.4848102629184723, 0.46637827157974243, 0.43431857228279114, 0.3339458703994751, 0.2599114775657654]",0.9032253623008728,0.2599114775657654,0.6268627728734698,0.19944223296422603
2026-02-23 22:07:42.927736,30.91,14,"[0.9046337604522705, 0.893488883972168, 0.7744690179824829, 0.761427640914917, 0.7452516555786133, 0.6847437024116516, 0.6823088526725769, 0.681498110294342, 0.6675121784210205, 0.48427435755729675, 0.43098723888397217, 0.4165896773338318, 0.3356325626373291, 0.2673291563987732]",0.9046337604522705,0.2673291563987732,0.623581913965089,0.20192563739638944
2026-02-23 22:07:42.959542,30.72,16,"[0.9203134179115295, 0.8515061736106873, 0.7983065843582153, 0.7953248620033264, 0.7550265789031982, 0.7346571683883667, 0.683800220489502, 0.6492133736610413, 0.6383068561553955, 0.6011548042297363, 0.4565199911594391, 0.451020210981369, 0.37939366698265076, 0.3504454791545868, 0.34822314977645874, 0.3243477940559387]",0.9203134179115295,0.3243477940559387,0.6085975207388401,0.19804569605716668
2026-02-23 22:07:42.988502,31.19,16,"[0.9197046756744385, 0.8459343910217285, 0.8021142482757568, 0.7870621681213379, 0.7566518187522888, 0.7347434163093567, 0.6883659958839417, 0.640315592288971, 0.6373973488807678, 0.5752419829368591, 0.4563034176826477, 0.42988669872283936, 0.36210283637046814, 0.3517040014266968, 0.3370923101902008, 0.3245886266231537]",0.9197046756744385,0.3245886266231537,0.6030755955725908,0.20088669477447108
2026-02-23 22:07:43.034869,29.98,17,"[0.9124285578727722, 0.8240858316421509, 0.7610653638839722, 0.7015954852104187, 0.6556909084320068, 0.637486457824707, 0.6217508912086487, 0.55958491563797, 0.5294104218482971, 0.46570342779159546, 0.4246639609336853, 0.41614988446235657, 0.38854485750198364, 0.37229523062705994, 0.3098023533821106, 0.2806040346622467, 0.2685452103614807]",0.9124285578727722,0.2685452103614807,0.5370239878402037,0.19421264845618277
2026-02-23 22:07:43.068501,29.84,18,"[0.9131060242652893, 0.8167600035667419, 0.7623018622398376, 0.7030664682388306, 0.659959614276886, 0.6301997900009155, 0.6255078315734863, 0.5827482342720032, 0.5353022217750549, 0.46949416399002075, 0.4468742907047272, 0.4005836546421051, 0.3723178803920746, 0.3547312021255493, 0.3034535348415375, 0.2831557095050812, 0.2799440026283264, 0.2635442316532135]",0.9131060242652893,0.2635442316532135,0.5223917067050934,0.1999149500357778
2026-02-23 22:07:43.099855,29.87,18,"[0.9119555950164795, 0.8055826425552368, 0.7654837965965271, 0.7159374952316284, 0.666361927986145, 0.6261661648750305, 0.6188172101974487, 0.6084054708480835, 0.5370635390281677, 0.4727972447872162, 0.43478095531463623, 0.3930245041847229, 0.37993329763412476, 0.33153700828552246, 0.32031768560409546, 0.28687068819999695, 0.27290087938308716, 0.2601207494735718]",0.9119555950164795,0.2601207494735718,0.5226698252889845,0.20115027656445347
2026-02-23 22:07:43.133106,30.63,18,"[0.911943793296814, 0.8070714473724365, 0.764109194278717, 0.7158215641975403, 0.6675716042518616, 0.6254438161849976, 0.622962236404419, 0.6090494394302368, 0.5378643274307251, 0.47535592317581177, 0.4348755180835724, 0.40048807859420776, 0.38573795557022095, 0.33173468708992004, 0.31813955307006836, 0.2833414077758789, 0.2755212187767029, 0.25815263390541077]",0.911943793296814,0.25815263390541077,0.5236213554938635,0.20110818839817635
2026-02-23 22:07:43.178089,30.16,18,"[0.9115583896636963, 0.8034156560897827, 0.7734910845756531, 0.7156875729560852, 0.6706449389457703, 0.6271053552627563, 0.6153548359870911, 0.6116112470626831, 0.5318094491958618, 0.47634461522102356, 0.4287721812725067, 0.41598066687583923, 0.38353610038757324, 0.33231377601623535, 0.32250159978866577, 0.29541826248168945, 0.2696048617362976, 0.2589927315711975]",0.9115583896636963,0.2589927315711975,0.5246746291716894,0.20040436258843722
2026-02-23 22:07:43.224872,28.85,17,"[0.9126764535903931, 0.8042319416999817, 0.7825682163238525, 0.7221648693084717, 0.660427987575531, 0.6186540126800537, 0.6015243530273438, 0.5835353136062622, 0.5460019707679749, 0.4640624523162842, 0.4605332612991333, 0.43709278106689453, 0.401962548494339, 0.34018072485923767, 0.3235166072845459, 0.32102105021476746, 0.26637423038482666]",0.9126764535903931,0.26637423038482666,0.5439134573235231,0.19010138389788728
2026-02-23 22:07:43.260629,28.35,14,"[0.9170036315917969, 0.8098208904266357, 0.7646289467811584, 0.7570961713790894, 0.731465220451355, 0.7046031951904297, 0.7024828791618347, 0.6500160694122314, 0.5983479022979736, 0.5556809306144714, 0.5475401282310486, 0.535733699798584, 0.41779589653015137, 0.3529350757598877]",0.9170036315917969,0.3529350757598877,0.6460821884019035,0.15464247842662732
2026-02-23 22:07:43.288912,28.61,14,"[0.9155137538909912, 0.8060657978057861, 0.7680417895317078, 0.7608101963996887, 0.7388902902603149, 0.7132962346076965, 0.6821833848953247, 0.6594142913818359, 0.6055945158004761, 0.5984398722648621, 0.564346432685852, 0.5247775912284851, 0.4011674225330353, 0.3694542646408081]",0.9155137538909912,0.3694542646408081,0.6505711312804904,0.15250866815990716
2026-02-23 22:07:43.315196,29.27,17,"[0.9388234615325928, 0.7736327052116394, 0.7439787983894348, 0.7342467308044434, 0.7250849604606628, 0.709712028503418, 0.7009758949279785, 0.6616259813308716, 0.6072185635566711, 0.5334024429321289, 0.487580269575119, 0.4713018834590912, 0.3604007959365845, 0.3007734715938568, 0.28570491075515747, 0.27467045187950134, 0.26436418294906616]",0.9388234615325928,0.26436418294906616,0.5631469137528363,0.2091941697326098
2026-02-23 22:07:43.352603,28.49,18,"[0.9385023713111877, 0.7736240029335022, 0.753454327583313, 0.7430649995803833, 0.7253398299217224, 0.7072440981864929, 0.7044184803962708, 0.6610841751098633, 0.6030678749084473, 0.5251980423927307, 0.48594701290130615, 0.4708891808986664, 0.3578353822231293, 0.30870044231414795, 0.28214529156684875, 0.2709781527519226, 0.26046037673950195, 0.25917571783065796]",0.9385023713111877,0.25917571783065796,0.5461738755305608,0.2166533168263724
2026-02-23 22:07:43.383123,29.61,16,"[0.9190053343772888, 0.7735685706138611, 0.7600165605545044, 0.7588802576065063, 0.7191975712776184, 0.7105898857116699, 0.68979412317276, 0.6891520619392395, 0.6544904708862305, 0.6235921382904053, 0.4285496771335602, 0.38437727093696594, 0.32142171263694763, 0.29714977741241455, 0.2611706256866455, 0.2604970932006836]",0.9190053343772888,0.2604970932006836,0.5782158207148314,0.21546863686173287
2026-02-23 22:07:43.413490,29.94,16,"[0.9195334911346436, 0.7717859148979187, 0.7602335214614868, 0.757834792137146, 0.7220860719680786, 0.7079911828041077, 0.6902164220809937, 0.6860654950141907, 0.6526209115982056, 0.6369988918304443, 0.42044273018836975, 0.38796859979629517, 0.32591262459754944, 0.3057801127433777, 0.26196959614753723, 0.2525566518306732]",0.9195334911346436,0.2525566518306732,0.5787498131394386,0.21526628113588114
2026-02-23 22:07:43.449063,29.51,13,"[0.8945921063423157, 0.8042768239974976, 0.7996628284454346, 0.7983205914497375, 0.7830358743667603, 0.7569370269775391, 0.7269663214683533, 0.6800546050071716, 0.6786481142044067, 0.6101251244544983, 0.3751268684864044, 0.2714577913284302, 0.26311439275741577]",0.8945921063423157,0.26311439275741577,0.6494091130219973,0.21113223719589327
2026-02-23 22:07:43.480070,29.79,12,"[0.8969809412956238, 0.8110412955284119, 0.8069641590118408, 0.7961965203285217, 0.7833192944526672, 0.7576689720153809, 0.7332619428634644, 0.6838383674621582, 0.6524828672409058, 0.587455153465271, 0.3804413974285126, 0.3048268258571625]",0.8969809412956238,0.3048268258571625,0.6828731447458267,0.1791763836735074
2026-02-23 22:07:43.506633,31.27,17,"[0.9136149883270264, 0.8663528561592102, 0.8239537477493286, 0.8065369725227356, 0.7881948351860046, 0.7832322120666504, 0.711210310459137, 0.7076451182365417, 0.640880286693573, 0.40484675765037537, 0.3700453042984009, 0.3591229021549225, 0.35246598720550537, 0.3223899304866791, 0.27575695514678955, 0.25940603017807007, 0.25458425283432007]",0.9136149883270264,0.25458425283432007,0.5670729086679571,0.2457225912398162
2026-02-23 22:07:43.530954,33.26,16,"[0.9144918322563171, 0.8665838837623596, 0.8212934136390686, 0.8048827052116394, 0.7869681715965271, 0.7820060849189758, 0.7165666818618774, 0.7107478976249695, 0.6132134795188904, 0.41073569655418396, 0.3649772107601166, 0.3620552122592926, 0.34444159269332886, 0.3253963887691498, 0.29987186193466187, 0.25187820196151733]",0.9144918322563171,0.25187820196151733,0.5860068947076797,0.23826525837905252
2026-02-23 22:07:43.555703,34.48,14,"[0.9277294874191284, 0.8367482423782349, 0.8072895407676697, 0.8046132326126099, 0.7825034856796265, 0.7811670899391174, 0.764411449432373, 0.7014915943145752, 0.6881645917892456, 0.4656035602092743, 0.44932371377944946, 0.40951746702194214, 0.3196713626384735, 0.2595999240875244]",0.9277294874191284,0.2595999240875244,0.6427024815763746,0.21581727446869223
2026-02-23 22:07:43.585784,34.3,14,"[0.9272676110267639, 0.8433493375778198, 0.8079473376274109, 0.8057258725166321, 0.7839863896369934, 0.7773192524909973, 0.7610744833946228, 0.7011278867721558, 0.6937220692634583, 0.48761099576950073, 0.44803592562675476, 0.4184381067752838, 0.2999317944049835, 0.2706593871116638]",0.9272676110267639,0.2706593871116638,0.6447283178567886,0.21507128258327077
2026-02-23 22:07:43.617485,33.69,12,"[0.8935151696205139, 0.8935099244117737, 0.8119252324104309, 0.7727599143981934, 0.7695983648300171, 0.7667326331138611, 0.7282674312591553, 0.7132139801979065, 0.6715195775032043, 0.6630893349647522, 0.5406169295310974, 0.365823894739151]",0.8935151696205139,0.365823894739151,0.7158810322483381,0.14746647880405153
2026-02-23 22:07:43.648274,34.22,12,"[0.8945940732955933, 0.8921384215354919, 0.8124730587005615, 0.7725753784179688, 0.7706093192100525, 0.7661164999008179, 0.7277170419692993, 0.7190712094306946, 0.6731230020523071, 0.6580140590667725, 0.5404454469680786, 0.3670385181903839]",0.8945940732955933,0.3670385181903839,0.7161596690615019,0.14735948345571448
2026-02-23 22:07:43.679510,34.14,15,"[0.9101636409759521, 0.8951372504234314, 0.7882442474365234, 0.7742148637771606, 0.7602364420890808, 0.7554560899734497, 0.7552648782730103, 0.7356466054916382, 0.583582878112793, 0.45112481713294983, 0.38250696659088135, 0.3493763208389282, 0.3311830163002014, 0.31941133737564087, 0.3105039596557617]",0.9101636409759521,0.3105039596557617,0.6068035542964936,0.2248965927526985
2026-02-23 22:07:43.714499,33.71,15,"[0.9111375212669373, 0.8951472043991089, 0.7862884402275085, 0.7754323482513428, 0.7625432014465332, 0.7549761533737183, 0.7476165890693665, 0.7352125644683838, 0.580368161201477, 0.4324996769428253, 0.39469093084335327, 0.3578392267227173, 0.333058625459671, 0.3219315707683563, 0.31223544478416443]",0.9111375212669373,0.31223544478416443,0.6067318439483642,0.2235833433727038
2026-02-23 22:07:43.743757,34.32,13,"[0.9227550029754639, 0.8642210364341736, 0.814021646976471, 0.8006899356842041, 0.7772862315177917, 0.7718766927719116, 0.7569750547409058, 0.6951298117637634, 0.6472647190093994, 0.46422094106674194, 0.46370792388916016, 0.32151469588279724, 0.26090747117996216]",0.9227550029754639,0.26090747117996216,0.6585054741455958,0.21252721113323528
2026-02-23 22:07:43.778785,33.94,14,"[0.9223203659057617, 0.8667489886283875, 0.8155640363693237, 0.8016499876976013, 0.7752121090888977, 0.7715551853179932, 0.7581442594528198, 0.6973835825920105, 0.6516715288162231, 0.4768725633621216, 0.46467363834381104, 0.3191046118736267, 0.25584647059440613, 0.25328528881073]",0.9223203659057617,0.25328528881073,0.630716615489551,0.23159796037594796
2026-02-23 22:07:43.805441,33.96,13,"[0.9016225934028625, 0.8740980625152588, 0.8301398754119873, 0.7725856900215149, 0.7389857172966003, 0.7381865382194519, 0.6925354599952698, 0.6721731424331665, 0.6183659434318542, 0.5919411778450012, 0.563578724861145, 0.3443286716938019, 0.3371076285839081]",0.9016225934028625,0.3371076285839081,0.6673576327470633,0.17754524589161505
2026-02-23 22:07:43.838251,32.89,13,"[0.9029793739318848, 0.8734220266342163, 0.8300180435180664, 0.7742830514907837, 0.7413081526756287, 0.7398306727409363, 0.6965330243110657, 0.6769028902053833, 0.6239319443702698, 0.5770402550697327, 0.5444912910461426, 0.35309526324272156, 0.3410854935646057]",0.9029793739318848,0.3410854935646057,0.6673016525231875,0.17745618991921172
2026-02-23 22:07:43.871775,31.85,12,"[0.9047255516052246, 0.8679969310760498, 0.8082764148712158, 0.7925516366958618, 0.7872582077980042, 0.7433141469955444, 0.7336854934692383, 0.6964686512947083, 0.6207951903343201, 0.5520839095115662, 0.3019672632217407, 0.2515227198600769]",0.9047255516052246,0.2515227198600769,0.671720509727796,0.2087147135257036
2026-02-23 22:07:43.905152,31.53,11,"[0.9052481651306152, 0.867511510848999, 0.8122139573097229, 0.7920130491256714, 0.7899221181869507, 0.7451170086860657, 0.73468416929245, 0.6909196972846985, 0.6132609844207764, 0.5533633232116699, 0.2930428981781006]",0.9052481651306152,0.2930428981781006,0.7088451710614291,0.17217192316231988
2026-02-23 22:07:43.935890,31.6,10,"[0.92676842212677, 0.887317955493927, 0.8428917527198792, 0.7952612638473511, 0.7757002115249634, 0.7718847393989563, 0.7584035396575928, 0.7213432788848877, 0.5983151197433472, 0.36257514357566833]",0.92676842212677,0.36257514357566833,0.7440461426973343,0.1617830727416496
2026-02-23 22:07:43.967075,31.59,10,"[0.9267488121986389, 0.8856139779090881, 0.8414846062660217, 0.793544352054596, 0.7688380479812622, 0.7609172463417053, 0.7569077610969543, 0.7260008454322815, 0.5994467735290527, 0.37474286556243896]",0.9267488121986389,0.37474286556243896,0.743424528837204,0.15777846460471867
2026-02-23 22:07:44.000591,31.37,10,"[0.9005591869354248, 0.8986952900886536, 0.7997080683708191, 0.792359471321106, 0.785871684551239, 0.785798966884613, 0.6944190859794617, 0.6923890709877014, 0.4337298572063446, 0.2830421030521393]",0.9005591869354248,0.2830421030521393,0.7066572785377503,0.1992515834515865
2026-02-23 22:07:44.028832,32.03,10,"[0.9015427231788635, 0.8993507623672485, 0.7922624349594116, 0.7920512557029724, 0.7839618921279907, 0.7812649607658386, 0.691743791103363, 0.6867358684539795, 0.45447713136672974, 0.29765641689300537]",0.9015427231788635,0.29765641689300537,0.7081047236919403,0.19228123329035743
2026-02-23 22:07:44.065189,31.37,9,"[0.9220620393753052, 0.856940507888794, 0.8071237802505493, 0.7937254905700684, 0.7910670042037964, 0.7884717583656311, 0.7592465281486511, 0.6680430173873901, 0.36799395084381104]",0.9220620393753052,0.36799395084381104,0.7505193418926663,0.15894648347513912
2026-02-23 22:07:44.092092,32.21,9,"[0.9221739768981934, 0.8583325743675232, 0.8071418404579163, 0.7945318818092346, 0.7928006649017334, 0.7878251075744629, 0.7567594647407532, 0.671147882938385, 0.3903728127479553]",0.9221739768981934,0.3903728127479553,0.7534540229373508,0.1522245164087022
2026-02-23 22:07:44.123494,31.64,10,"[0.9140924215316772, 0.8797586560249329, 0.8411399722099304, 0.8088394999504089, 0.801923394203186, 0.7763928771018982, 0.75716632604599, 0.4349544942378998, 0.3534737527370453, 0.31589600443840027]",0.9140924215316772,0.31589600443840027,0.6883637398481369,0.22752751255848494
2026-02-23 22:07:44.157051,31.6,10,"[0.9140722155570984, 0.8793126344680786, 0.8422387838363647, 0.8094632625579834, 0.8041039705276489, 0.7785674333572388, 0.7556244134902954, 0.4181559383869171, 0.3612474501132965, 0.32696738839149475]",0.9140722155570984,0.32696738839149475,0.6889753490686417,0.22667299761594417
2026-02-23 22:07:44.193087,31.4,11,"[0.9227263927459717, 0.881934642791748, 0.842232346534729, 0.7791003584861755, 0.7773540019989014, 0.7648311257362366, 0.7550182938575745, 0.35855457186698914, 0.3273915648460388, 0.3124532699584961, 0.3103426694869995]",0.9227263927459717,0.3103426694869995,0.6392672034827146,0.25284027127092934
2026-02-23 22:07:44.240426,30.49,11,"[0.9255035519599915, 0.8829954862594604, 0.837769627571106, 0.7807128429412842, 0.7783677577972412, 0.7645158171653748, 0.7582132816314697, 0.3550499677658081, 0.3121791183948517, 0.3087473511695862, 0.30436453223228455]",0.9255035519599915,0.30436453223228455,0.6371290304444053,0.25671931912073453
2026-02-23 22:07:44.267947,30.89,11,"[0.9145469665527344, 0.8935530185699463, 0.8161569237709045, 0.8027947545051575, 0.7866252660751343, 0.7830222249031067, 0.7687812447547913, 0.5011335611343384, 0.27688726782798767, 0.2535916566848755, 0.25292274355888367]",0.9145469665527344,0.25292274355888367,0.6409105116670782,0.26570723238636446
2026-02-23 22:07:44.302218,30.6,11,"[0.9144337177276611, 0.8932616114616394, 0.8159681558609009, 0.8056144714355469, 0.7884088158607483, 0.7833746075630188, 0.7680777311325073, 0.5090660452842712, 0.27104946970939636, 0.2598608434200287, 0.256093829870224]",0.9144337177276611,0.256093829870224,0.6422917544841766,0.26494032551246577
2026-02-23 22:07:44.331811,30.98,11,"[0.9116955995559692, 0.8696497678756714, 0.8278854489326477, 0.8215525150299072, 0.8150613903999329, 0.778700590133667, 0.5235211849212646, 0.40815189480781555, 0.4003294110298157, 0.39197614789009094, 0.3375544846057892]",0.9116955995559692,0.3375544846057892,0.6441889486529611,0.2285307565097325
2026-02-23 22:07:44.360819,30.92,11,"[0.9110347032546997, 0.8692923188209534, 0.8322211503982544, 0.824195146560669, 0.8174014091491699, 0.779364287853241, 0.49310919642448425, 0.4113035500049591, 0.3936742842197418, 0.3602457046508789, 0.30285629630088806]",0.9110347032546997,0.30285629630088806,0.6358816406943582,0.23960433445072632
2026-02-23 22:07:44.393336,31.27,10,"[0.9088186621665955, 0.8751300573348999, 0.8549460172653198, 0.7928216457366943, 0.7803441882133484, 0.6899273991584778, 0.5662471055984497, 0.47081050276756287, 0.3988302946090698, 0.3521146774291992]",0.9088186621665955,0.3521146774291992,0.6689990550279618,0.20709391544216674
2026-02-23 22:07:44.422121,30.99,12,"[0.9098877310752869, 0.8750157356262207, 0.8548457026481628, 0.781144917011261, 0.7800604104995728, 0.6857373118400574, 0.571978747844696, 0.47306546568870544, 0.42331892251968384, 0.3590303659439087, 0.26272156834602356, 0.26100099086761475]",0.9098877310752869,0.26100099086761475,0.6031506558259329,0.2419493927582826
2026-02-23 22:07:44.470093,29.89,8,"[0.9189023375511169, 0.8568769097328186, 0.81766676902771, 0.7521284222602844, 0.7187415957450867, 0.6401422023773193, 0.3449830710887909, 0.2539268732070923]",0.9189023375511169,0.2539268732070923,0.6629210226237774,0.24114165731102527
2026-02-23 22:07:44.503156,29.94,8,"[0.919533371925354, 0.854891300201416, 0.8168065547943115, 0.7559966444969177, 0.7205401659011841, 0.6379789113998413, 0.34732046723365784, 0.2532387375831604]",0.919533371925354,0.2532387375831604,0.6632882691919804,0.24095956819956277
2026-02-23 22:07:44.532689,30.49,7,"[0.9051790237426758, 0.8481801748275757, 0.8243933320045471, 0.7288389801979065, 0.7177032232284546, 0.6729181408882141, 0.5178728103637695]",0.9051790237426758,0.5178728103637695,0.745012240750449,0.1293545615165033
2026-02-23 22:07:44.564235,31.57,8,"[0.905765950679779, 0.8518157005310059, 0.8253428936004639, 0.729030966758728, 0.7198184132575989, 0.6737968921661377, 0.5032272934913635, 0.2580263614654541]",0.905765950679779,0.2580263614654541,0.6833530589938164,0.21208619332224724
2026-02-23 22:07:44.598681,30.83,10,"[0.9328656792640686, 0.8624978065490723, 0.7950324416160583, 0.775928795337677, 0.7242776155471802, 0.43522560596466064, 0.4349862337112427, 0.3221100866794586, 0.28085237741470337, 0.28022804856300354]",0.9328656792640686,0.28022804856300354,0.5844004690647125,0.2576425126898505
2026-02-23 22:07:44.627140,31.43,10,"[0.9321660399436951, 0.8624160289764404, 0.7943000793457031, 0.7738173007965088, 0.7199349999427795, 0.45232638716697693, 0.4348532557487488, 0.3085792660713196, 0.2788984775543213, 0.26039937138557434]",0.9321660399436951,0.26039937138557434,0.5817691206932067,0.26048329904953793
2026-02-23 22:07:44.662226,30.93,8,"[0.897706151008606, 0.877091109752655, 0.8706780076026917, 0.8337135910987854, 0.7476851940155029, 0.713860034942627, 0.3634696900844574, 0.282694548368454]",0.897706151008606,0.282694548368454,0.6983622908592224,0.2412172408681053
2026-02-23 22:07:44.693372,30.67,8,"[0.8982053399085999, 0.8795793652534485, 0.8709279298782349, 0.8256953358650208, 0.7345476746559143, 0.7125650644302368, 0.36086156964302063, 0.28317809104919434]",0.8982053399085999,0.28317809104919434,0.6956950463354588,0.24098260762672116
2026-02-23 22:07:44.718120,31.57,10,"[0.9332067966461182, 0.8612286448478699, 0.8383637070655823, 0.8287702202796936, 0.748633861541748, 0.6773453950881958, 0.38538026809692383, 0.33132392168045044, 0.330901175737381, 0.2858363389968872]",0.9332067966461182,0.2858363389968872,0.622099032998085,0.25840802244909505
2026-02-23 22:07:44.765955,30.28,10,"[0.9336422085762024, 0.8619150519371033, 0.8387224078178406, 0.8305496573448181, 0.7384927868843079, 0.6799927353858948, 0.3984910249710083, 0.3384351134300232, 0.3327600955963135, 0.284544438123703]",0.9336422085762024,0.284544438123703,0.6237545520067215,0.2560264499187672
2026-02-23 22:07:44.791511,32.03,10,"[0.8928593397140503, 0.8815392851829529, 0.8803200125694275, 0.7971787452697754, 0.7156938910484314, 0.7005200982093811, 0.5433586835861206, 0.4471028447151184, 0.3781873285770416, 0.32830753922462463]",0.8928593397140503,0.32830753922462463,0.6565067768096924,0.21696194509462435
2026-02-23 22:07:44.837093,31.2,10,"[0.8928603529930115, 0.8820793628692627, 0.8810975551605225, 0.7984476685523987, 0.705640971660614, 0.7041905522346497, 0.5434808135032654, 0.4594239890575409, 0.37799280881881714, 0.3263618052005768]",0.8928603529930115,0.3263618052005768,0.657157588005066,0.2160761545972494
2026-02-23 22:07:44.866111,31.24,10,"[0.9293379783630371, 0.8675470352172852, 0.8098593950271606, 0.7142831087112427, 0.6721287369728088, 0.6417039632797241, 0.5275573134422302, 0.5239134430885315, 0.28112903237342834, 0.25483572483062744]",0.9293379783630371,0.25483572483062744,0.6222295731306076,0.22876502464930543
2026-02-23 22:07:44.890393,32.21,10,"[0.9291647672653198, 0.8685213923454285, 0.8109478950500488, 0.7197648286819458, 0.6736109852790833, 0.6406028866767883, 0.5303954482078552, 0.5230690836906433, 0.27667802572250366, 0.250485360622406]",0.9291647672653198,0.250485360622406,0.6223240673542023,0.2306609065281395
2026-02-23 22:07:44.927849,31.98,8,"[0.9354086518287659, 0.8308104276657104, 0.769756019115448, 0.7327287793159485, 0.6428197622299194, 0.6420349478721619, 0.46773040294647217, 0.39119502902030945]",0.9354086518287659,0.39119502902030945,0.676560502499342,0.18126917588114438
2026-02-23 22:07:44.975606,30.54,8,"[0.934840202331543, 0.8263943195343018, 0.7723446488380432, 0.7373666167259216, 0.6454048752784729, 0.6399375796318054, 0.4649580121040344, 0.3867174983024597]",0.934840202331543,0.3867174983024597,0.6759954690933228,0.18249246591028093
2026-02-23 22:07:45.013123,30.41,11,"[0.906785786151886, 0.8320909142494202, 0.781722366809845, 0.7757701873779297, 0.6348438262939453, 0.6344696879386902, 0.6169637441635132, 0.3935583531856537, 0.3101229965686798, 0.2979913651943207, 0.25578856468200684]",0.906785786151886,0.25578856468200684,0.5854643447832628,0.2342232544017504
2026-02-23 22:07:45.053099,29.7,10,"[0.9064484238624573, 0.83139568567276, 0.7819953560829163, 0.7791451811790466, 0.6374342441558838, 0.6358337998390198, 0.6193057894706726, 0.3891894221305847, 0.3112594187259674, 0.289355605840683]",0.9064484238624573,0.289355605840683,0.6181362926959991,0.22029044319711844
2026-02-23 22:07:45.109578,27.45,10,"[0.926800012588501, 0.860768735408783, 0.8143182992935181, 0.727337121963501, 0.6876091957092285, 0.6870566606521606, 0.583279013633728, 0.4010716378688812, 0.30145812034606934, 0.2823563516139984]",0.926800012588501,0.2823563516139984,0.6272055149078369,0.22965561571665766
2026-02-23 22:07:45.151634,27.68,10,"[0.9277404546737671, 0.8621704578399658, 0.8170585632324219, 0.7348554730415344, 0.6887015700340271, 0.6882555484771729, 0.6019874215126038, 0.4125737249851227, 0.29708024859428406, 0.27534791827201843]",0.9277404546737671,0.27534791827201843,0.6305771380662918,0.23095138451584118
2026-02-23 22:07:45.198803,25.97,10,"[0.9249428510665894, 0.8499086499214172, 0.7874561548233032, 0.771218478679657, 0.7039152979850769, 0.6185947060585022, 0.5627699494361877, 0.5077990293502808, 0.43084409832954407, 0.3376658856868744]",0.9249428510665894,0.3376658856868744,0.6495115101337433,0.1904521011041787
2026-02-23 22:07:45.253711,25.58,10,"[0.9250534176826477, 0.8502687811851501, 0.7864077091217041, 0.773473858833313, 0.7140007019042969, 0.6175854802131653, 0.5657960772514343, 0.5115193128585815, 0.436758428812027, 0.33154410123825073]",0.9250534176826477,0.33154410123825073,0.651240786910057,0.1908750458316987
2026-02-23 22:07:45.293794,24.69,8,"[0.9153125286102295, 0.8525521159172058, 0.8297179937362671, 0.7665756344795227, 0.6912133693695068, 0.6047971844673157, 0.5634435415267944, 0.48885688185691833]",0.9153125286102295,0.48885688185691833,0.71405865624547,0.15197716143381032
2026-02-23 22:07:45.336313,22.89,8,"[0.916080117225647, 0.8538704514503479, 0.8303478956222534, 0.7639898061752319, 0.6903426051139832, 0.6002151966094971, 0.5623588562011719, 0.4894416630268097]",0.916080117225647,0.4894416630268097,0.7133308239281178,0.15276521908905463
2026-02-23 22:07:45.362905,23.92,11,"[0.9229261875152588, 0.8688225746154785, 0.7982301712036133, 0.7766218781471252, 0.6891480088233948, 0.6395575404167175, 0.5384018421173096, 0.5301196575164795, 0.39170926809310913, 0.3876335322856903, 0.3155629336833954]",0.9229261875152588,0.3155629336833954,0.6235212358561429,0.2070097596798692
2026-02-23 22:07:45.390815,25.43,11,"[0.9189499616622925, 0.8695372939109802, 0.7957265973091125, 0.7754414677619934, 0.6898564696311951, 0.6484653949737549, 0.5418220162391663, 0.5285180807113647, 0.39198288321495056, 0.3827885687351227, 0.3045322597026825]",0.9189499616622925,0.3045322597026825,0.6225109994411469,0.20846207780601173
2026-02-23 22:07:45.426443,25.53,9,"[0.9177215099334717, 0.8599366545677185, 0.833159327507019, 0.756873607635498, 0.6366762518882751, 0.6171038746833801, 0.5975586771965027, 0.5910484790802002, 0.43355363607406616]",0.9177215099334717,0.43355363607406616,0.6937368909517924,0.15725590304513215
2026-02-23 22:07:45.455880,26.41,9,"[0.9180060625076294, 0.8609781265258789, 0.8331801891326904, 0.7562288641929626, 0.6314098834991455, 0.6150686740875244, 0.596977710723877, 0.5957725644111633, 0.4313950538635254]",0.9180060625076294,0.4313950538635254,0.6932241254382663,0.1579040602232783
2026-02-23 22:07:45.489752,27.6,10,"[0.8763938546180725, 0.8763315081596375, 0.820367157459259, 0.7985506653785706, 0.7209988236427307, 0.684515118598938, 0.572735607624054, 0.5682708621025085, 0.5062481760978699, 0.29292604327201843]",0.8763938546180725,0.29292604327201843,0.6717337816953659,0.1873489871816166
2026-02-23 22:07:45.516661,28.95,10,"[0.8782442808151245, 0.8771059513092041, 0.8191899061203003, 0.8003933429718018, 0.7203959822654724, 0.6819857954978943, 0.5738353729248047, 0.5705311298370361, 0.5030412077903748, 0.29003673791885376]",0.8782442808151245,0.29003673791885376,0.6714759707450867,0.18843485388404457
2026-02-23 22:07:45.546593,30.17,13,"[0.8791363835334778, 0.8750881552696228, 0.8131707906723022, 0.8065696954727173, 0.6492432951927185, 0.6069959998130798, 0.5788108110427856, 0.4167955815792084, 0.37645620107650757, 0.31866320967674255, 0.28160369396209717, 0.2691415548324585, 0.2548538148403168]",0.8791363835334778,0.2548538148403168,0.5481945528433874,0.24193530406487398
2026-02-23 22:07:45.584275,31.01,13,"[0.8785702586174011, 0.8747460246086121, 0.8119960427284241, 0.8108717799186707, 0.6493355631828308, 0.603033185005188, 0.5787597894668579, 0.42685338854789734, 0.38398581743240356, 0.29715126752853394, 0.285039484500885, 0.28468579053878784, 0.25610747933387756]",0.8785702586174011,0.25610747933387756,0.5493181439546438,0.24104673786471909
2026-02-23 22:07:45.615818,31.67,10,"[0.8617965579032898, 0.8279744982719421, 0.7769182920455933, 0.7599965929985046, 0.6621428728103638, 0.6061232686042786, 0.6019162535667419, 0.5173325538635254, 0.4861332178115845, 0.25633373856544495]",0.8617965579032898,0.25633373856544495,0.6356667846441268,0.18454043797367442
2026-02-23 22:07:45.642174,33.12,10,"[0.8628616333007812, 0.8270384669303894, 0.770882785320282, 0.7567681074142456, 0.6678956747055054, 0.6050480604171753, 0.6016170978546143, 0.5239012241363525, 0.484960675239563, 0.26656997203826904]",0.8628616333007812,0.26656997203826904,0.6367543697357178,0.18127621853006096
2026-02-23 22:07:45.678780,32.15,10,"[0.8394179940223694, 0.836807131767273, 0.7999547719955444, 0.7966209053993225, 0.655056893825531, 0.5682992935180664, 0.48362505435943604, 0.471401572227478, 0.4695471525192261, 0.27496084570884705]",0.8394179940223694,0.27496084570884705,0.6195691615343094,0.19578787874055792
2026-02-23 22:07:45.703452,32.57,10,"[0.8385101556777954, 0.8368852734565735, 0.8004114627838135, 0.7884451150894165, 0.6589973568916321, 0.565746545791626, 0.5072783827781677, 0.4859144687652588, 0.47545701265335083, 0.28096339106559753]",0.8385101556777954,0.28096339106559753,0.6238609164953232,0.1904808876731103
2026-02-23 22:07:45.734162,33.06,11,"[0.8856447339057922, 0.8825622200965881, 0.8034466505050659, 0.7923205494880676, 0.608036994934082, 0.6010795831680298, 0.4958641231060028, 0.4951522648334503, 0.43818891048431396, 0.4321863055229187, 0.40583106875419617]",0.8856447339057922,0.40583106875419617,0.6218466731635007,0.18668447525130935
2026-02-23 22:07:45.774560,32.14,12,"[0.8847029209136963, 0.883599579334259, 0.8071199059486389, 0.791797935962677, 0.6051967740058899, 0.5908573865890503, 0.5027324557304382, 0.4921204149723053, 0.4354758560657501, 0.43170467019081116, 0.40660423040390015, 0.2576948404312134]",0.8847029209136963,0.2576948404312134,0.5908005808790525,0.20699799259481452
2026-02-23 22:07:45.834180,30.87,12,"[0.869716227054596, 0.844199001789093, 0.8386838436126709, 0.6927143335342407, 0.6671258807182312, 0.6172325015068054, 0.5935685634613037, 0.5829545855522156, 0.501166582107544, 0.2846210300922394, 0.26879772543907166, 0.2639743387699127]",0.869716227054596,0.2639743387699127,0.5853962178031603,0.2199920573636906
2026-02-23 22:07:45.875747,29.57,11,"[0.8725517392158508, 0.8430136442184448, 0.8374874591827393, 0.6924654245376587, 0.664466381072998, 0.6164869070053101, 0.5915233492851257, 0.5895283222198486, 0.5038337707519531, 0.29025566577911377, 0.2644213140010834]",0.8725517392158508,0.2644213140010834,0.6150939979336478,0.20449838778843651
2026-02-23 22:07:45.926186,28.22,16,"[0.8536388278007507, 0.821667492389679, 0.7463412284851074, 0.7289947867393494, 0.6591254472732544, 0.6347992420196533, 0.5665064454078674, 0.5586176514625549, 0.5029624700546265, 0.4750957489013672, 0.42844027280807495, 0.40351325273513794, 0.33554601669311523, 0.32864999771118164, 0.3275718688964844, 0.31528615951538086]",0.8536388278007507,0.31528615951538086,0.5429223068058491,0.18236278543781018
2026-02-23 22:07:45.962570,28.28,16,"[0.8525286316871643, 0.8197962641716003, 0.7495142817497253, 0.7316061854362488, 0.6541353464126587, 0.6347361207008362, 0.5814154148101807, 0.542930006980896, 0.5044331550598145, 0.47981348633766174, 0.4189067780971527, 0.3976125121116638, 0.3396265208721161, 0.336211621761322, 0.32219383120536804, 0.32136890292167664]",0.8525286316871643,0.32136890292167664,0.5429268162697554,0.1820075696154688
2026-02-23 22:07:46.011427,27.18,15,"[0.8424748778343201, 0.8251436352729797, 0.7879909873008728, 0.681835412979126, 0.6814957857131958, 0.6387666463851929, 0.6371556520462036, 0.5450221300125122, 0.5377330780029297, 0.43435925245285034, 0.3846026360988617, 0.35940155386924744, 0.308759868144989, 0.29733991622924805, 0.29681405425071716]",0.8424748778343201,0.29681405425071716,0.5505930324395497,0.19482528599345222
2026-02-23 22:07:46.047008,26.15,15,"[0.8397884368896484, 0.82314532995224, 0.7844436168670654, 0.6836181282997131, 0.6835745573043823, 0.6374623775482178, 0.6331730484962463, 0.5447644591331482, 0.5432896018028259, 0.44055306911468506, 0.4172900319099426, 0.35101839900016785, 0.320690393447876, 0.302704393863678, 0.29774296283721924]",0.8397884368896484,0.29774296283721924,0.5535505870978038,0.19090987372300067
2026-02-23 22:07:46.091752,25.67,17,"[0.8446888327598572, 0.8324533104896545, 0.7477431297302246, 0.6689774990081787, 0.6047551035881042, 0.5741764307022095, 0.572504997253418, 0.5183642506599426, 0.4841307997703552, 0.4283074140548706, 0.3499744236469269, 0.33030980825424194, 0.3164106011390686, 0.3152981102466583, 0.28522270917892456, 0.2752717137336731, 0.2570999264717102]",0.8446888327598572,0.2570999264717102,0.4944522976875305,0.1970023661184565
2026-02-23 22:07:46.129186,24.3,17,"[0.8448746800422668, 0.8329876661300659, 0.750507116317749, 0.675460934638977, 0.6043912768363953, 0.5755508542060852, 0.5718065500259399, 0.5083344578742981, 0.4915533661842346, 0.43933406472206116, 0.35296598076820374, 0.3257284164428711, 0.3182930052280426, 0.3144771158695221, 0.30612891912460327, 0.27450859546661377, 0.2697700560092926]",0.8448746800422668,0.2697700560092926,0.49745135622866016,0.19520758707795227
2026-02-23 22:07:46.160600,24.22,13,"[0.8274666666984558, 0.773836612701416, 0.7530989050865173, 0.6992928981781006, 0.6264435648918152, 0.6180000901222229, 0.6151052713394165, 0.5741892457008362, 0.36737576127052307, 0.3646548092365265, 0.3595443069934845, 0.31721732020378113, 0.3053470253944397]",0.8274666666984558,0.3053470253944397,0.553967113678272,0.18791302182691147
2026-02-23 22:07:46.190886,25.03,14,"[0.8307783007621765, 0.7779684066772461, 0.7464478611946106, 0.6975632309913635, 0.6274207830429077, 0.6215898990631104, 0.6170685887336731, 0.5734461545944214, 0.36663734912872314, 0.35553088784217834, 0.3553571105003357, 0.3214585483074188, 0.2893049120903015, 0.2709299921989441]",0.8307783007621765,0.2709299921989441,0.532250144651958,0.19813128298871813
2026-02-23 22:07:46.233548,25.68,13,"[0.871898889541626, 0.8334752917289734, 0.7775483727455139, 0.7454776763916016, 0.6350991725921631, 0.5233916640281677, 0.5134016275405884, 0.5110111236572266, 0.41245734691619873, 0.40023472905158997, 0.3187965452671051, 0.3067478537559509, 0.265608549118042]",0.871898889541626,0.265608549118042,0.5473191417180575,0.20807364368018572
2026-02-23 22:07:46.274553,25.73,13,"[0.8726713061332703, 0.8343760371208191, 0.7771753668785095, 0.7447493076324463, 0.6340541839599609, 0.5531748533248901, 0.5303794741630554, 0.5051907896995544, 0.4204905927181244, 0.400195837020874, 0.3277725279331207, 0.29057660698890686, 0.2636505365371704]",0.8726713061332703,0.2636505365371704,0.550342878470054,0.20854345374560376
2026-02-23 22:07:46.305156,27.03,12,"[0.8885233998298645, 0.8611670136451721, 0.7581109404563904, 0.6867362856864929, 0.5342009663581848, 0.49563825130462646, 0.35987159609794617, 0.355754554271698, 0.34367358684539795, 0.31877097487449646, 0.29464399814605713, 0.2907792329788208]",0.8885233998298645,0.2907792329788208,0.5156559000412623,0.22659540002870843
2026-02-23 22:07:46.342663,26.94,11,"[0.8883609771728516, 0.8602523803710938, 0.7562995553016663, 0.6885213851928711, 0.528128445148468, 0.4945310056209564, 0.36891278624534607, 0.3581983745098114, 0.33232468366622925, 0.32745760679244995, 0.2745811641216278]",0.8883609771728516,0.2745811641216278,0.5343243967403065,0.2270876952207896
2026-02-23 22:07:46.380011,27.57,12,"[0.9032107591629028, 0.8360760807991028, 0.6353917121887207, 0.6318536400794983, 0.4966415762901306, 0.3818703889846802, 0.34958866238594055, 0.30383768677711487, 0.28248870372772217, 0.2705908715724945, 0.25293615460395813, 0.25162139534950256]",0.9032107591629028,0.25162139534950256,0.46634230266014737,0.23265064605758617
2026-02-23 22:07:46.409541,28.16,11,"[0.9056069254875183, 0.8341042399406433, 0.643563985824585, 0.6326594948768616, 0.49120423197746277, 0.3782402575016022, 0.33816054463386536, 0.2966906726360321, 0.2828308045864105, 0.27004286646842957, 0.26141247153282166]",0.9056069254875183,0.26141247153282166,0.48495604504238476,0.23478894738501666
2026-02-23 22:07:46.443286,28.88,10,"[0.8960564136505127, 0.790280282497406, 0.7376390099525452, 0.6215283870697021, 0.5740232467651367, 0.46390944719314575, 0.4122588336467743, 0.2987368702888489, 0.26611340045928955, 0.2652546465396881]",0.8960564136505127,0.2652546465396881,0.5325800538063049,0.22768053281075018
2026-02-23 22:07:46.471198,29.8,10,"[0.896640956401825, 0.79563969373703, 0.7445023059844971, 0.6220539212226868, 0.5762749910354614, 0.4651578366756439, 0.42317062616348267, 0.30065515637397766, 0.2622300088405609, 0.2589045763015747]",0.896640956401825,0.2589045763015747,0.534523007273674,0.2296909943102125
2026-02-23 22:07:46.504780,29.56,11,"[0.9113965630531311, 0.7558043003082275, 0.6734040975570679, 0.5519676208496094, 0.4971150755882263, 0.4928237199783325, 0.4429984986782074, 0.38815993070602417, 0.3448363244533539, 0.3338720500469208, 0.2890397310256958]",0.9113965630531311,0.2890397310256958,0.5164925374767997,0.19402480155503307
2026-02-23 22:07:46.539303,29.21,11,"[0.9120839834213257, 0.7597170472145081, 0.6676673889160156, 0.5543041229248047, 0.49622029066085815, 0.48418405652046204, 0.4350605607032776, 0.38406285643577576, 0.3432234525680542, 0.3381900489330292, 0.3011312782764435]",0.9120839834213257,0.3011312782764435,0.5159859169613231,0.1933260192008562
2026-02-23 22:07:46.569432,30.18,13,"[0.9054899215698242, 0.7850428223609924, 0.6513064503669739, 0.6249234676361084, 0.533584475517273, 0.5207120776176453, 0.48505425453186035, 0.47699588537216187, 0.3732808232307434, 0.3515186607837677, 0.33523958921432495, 0.3281843960285187, 0.2562851011753082]",0.9054899215698242,0.2562851011753082,0.509816763492731,0.1913538787648835
2026-02-23 22:07:46.599765,31.03,13,"[0.906565248966217, 0.7821452021598816, 0.6445828080177307, 0.6098968982696533, 0.5332576632499695, 0.530093252658844, 0.5053917169570923, 0.48948466777801514, 0.3697999119758606, 0.3610397279262543, 0.3362092077732086, 0.3258993327617645, 0.270890474319458]",0.906565248966217,0.270890474319458,0.5127120086779962,0.18793282841241185
2026-02-23 22:07:46.627178,31.37,13,"[0.9005406498908997, 0.6842796802520752, 0.6267570853233337, 0.525536835193634, 0.5207651257514954, 0.49605807662010193, 0.46352723240852356, 0.45771387219429016, 0.4254254996776581, 0.4138137102127075, 0.29040586948394775, 0.2764582335948944, 0.25627729296684265]",0.9005406498908997,0.25627729296684265,0.48750455104387724,0.17770233778515018
2026-02-23 22:07:46.667003,31.24,13,"[0.9021937251091003, 0.7052485942840576, 0.6173803806304932, 0.5461747646331787, 0.521276593208313, 0.4810072183609009, 0.45847856998443604, 0.4481034576892853, 0.42497316002845764, 0.40492039918899536, 0.2906360626220703, 0.2762702405452728, 0.25703591108322144]",0.9021937251091003,0.25703591108322144,0.4872076213359833,0.1803906235832676
2026-02-23 22:07:46.695404,32.06,12,"[0.891191303730011, 0.7680323123931885, 0.6748933792114258, 0.5508666038513184, 0.43364205956459045, 0.41104310750961304, 0.3906068205833435, 0.34415140748023987, 0.32236430048942566, 0.29311245679855347, 0.26228049397468567, 0.2618437707424164]",0.891191303730011,0.2618437707424164,0.46700233469406766,0.20914090898412754
2026-02-23 22:07:46.723703,32.24,12,"[0.8908374905586243, 0.7704015374183655, 0.6837502717971802, 0.5542094111442566, 0.4338349401950836, 0.4152638912200928, 0.3687363862991333, 0.3411574065685272, 0.29655247926712036, 0.2949557602405548, 0.28368350863456726, 0.2553024888038635]",0.8908374905586243,0.2553024888038635,0.46572379767894745,0.21161678936936762
2026-02-23 22:07:46.754643,32.49,12,"[0.8632708787918091, 0.6978477239608765, 0.5559366345405579, 0.5326415300369263, 0.5258795022964478, 0.49217262864112854, 0.4122889041900635, 0.3192811608314514, 0.27096977829933167, 0.269307017326355, 0.2670802175998688, 0.25471389293670654]",0.8632708787918091,0.25471389293670654,0.45511582245429355,0.19360299178119242
2026-02-23 22:07:46.788195,31.91,12,"[0.8658492565155029, 0.7109329700469971, 0.5586662292480469, 0.5365834832191467, 0.5266772508621216, 0.46734103560447693, 0.41233211755752563, 0.3064141273498535, 0.27173325419425964, 0.263844758272171, 0.262016624212265, 0.2562107741832733]",0.8658492565155029,0.2562107741832733,0.4532168234388034,0.19719353606340473
2026-02-23 22:07:46.829087,31.38,13,"[0.8863926529884338, 0.7302114963531494, 0.6656939387321472, 0.5906281471252441, 0.5482242703437805, 0.5219837427139282, 0.5153746008872986, 0.4558047950267792, 0.3633061945438385, 0.3482166826725006, 0.34658125042915344, 0.30290958285331726, 0.26735612750053406]",0.8863926529884338,0.26735612750053406,0.5032833447823157,0.18281396768129507
2026-02-23 22:07:46.871949,30.81,14,"[0.8887338638305664, 0.7487542033195496, 0.6493228077888489, 0.5726057291030884, 0.5463176965713501, 0.5180071592330933, 0.5128667950630188, 0.47037428617477417, 0.45883235335350037, 0.3883434236049652, 0.35767707228660583, 0.31858018040657043, 0.2620985805988312, 0.25490546226501465]",0.8887338638305664,0.25490546226501465,0.4962442581142698,0.18142094269202788
2026-02-23 22:07:46.897783,31.3,12,"[0.8007282018661499, 0.7773414254188538, 0.6543882489204407, 0.6312218904495239, 0.5487987995147705, 0.5452330112457275, 0.5081397294998169, 0.46346428990364075, 0.39543166756629944, 0.3132156431674957, 0.2760423421859741, 0.2594553232192993]",0.8007282018661499,0.2594553232192993,0.5144550477464994,0.18230180278867758
2026-02-23 22:07:46.931180,31.02,13,"[0.7982667088508606, 0.7722146511077881, 0.6621743440628052, 0.6385038495063782, 0.5521364808082581, 0.5478857755661011, 0.5356720089912415, 0.4159969687461853, 0.39892610907554626, 0.32405027747154236, 0.28450825810432434, 0.2813878655433655, 0.2501369118690491]",0.7982667088508606,0.2501369118690491,0.4970661699771881,0.18699594498601438
2026-02-23 22:07:46.961007,30.72,12,"[0.795502781867981, 0.7695614099502563, 0.758499801158905, 0.7179639935493469, 0.5315907597541809, 0.5110828280448914, 0.4414939284324646, 0.4381769299507141, 0.4178908169269562, 0.40764057636260986, 0.33845263719558716, 0.29349473118782043]",0.795502781867981,0.29349473118782043,0.5351125995318095,0.17886027479429356
2026-02-23 22:07:47.003905,30.55,11,"[0.7914877533912659, 0.781771183013916, 0.7575286030769348, 0.7133129239082336, 0.535088062286377, 0.5226397514343262, 0.4639541208744049, 0.4315764307975769, 0.41043350100517273, 0.40198349952697754, 0.29558154940605164]",0.7914877533912659,0.29558154940605164,0.555032488974658,0.1760710899971195
2026-02-23 22:07:47.049790,29.24,10,"[0.8155369162559509, 0.7210607528686523, 0.6522598266601562, 0.6153236627578735, 0.6043649315834045, 0.5108075141906738, 0.5036136507987976, 0.44742894172668457, 0.43975627422332764, 0.25560227036476135]",0.8155369162559509,0.25560227036476135,0.5565754741430282,0.15987888955718074
2026-02-23 22:07:47.097107,27.8,9,"[0.8143960237503052, 0.7264466881752014, 0.6528860926628113, 0.6167171001434326, 0.5662367343902588, 0.5129850506782532, 0.4825391471385956, 0.4495644271373749, 0.424634724855423]",0.8143960237503052,0.424634724855423,0.582933998770184,0.13148290638760154
2026-02-23 22:07:47.142734,26.75,10,"[0.7761451601982117, 0.701938807964325, 0.6258403062820435, 0.5742049813270569, 0.5324780941009521, 0.4593016803264618, 0.3840395212173462, 0.3298243582248688, 0.2882831394672394, 0.2713780999183655]",0.7761451601982117,0.2713780999183655,0.4943434149026871,0.17646761988055412
2026-02-23 22:07:47.172526,27.14,10,"[0.7817338705062866, 0.7036979794502258, 0.62038254737854, 0.5802212357521057, 0.5297099351882935, 0.4780089557170868, 0.38235774636268616, 0.34672489762306213, 0.302181601524353, 0.2787661552429199]",0.7817338705062866,0.2787661552429199,0.500378492474556,0.17274534513892867
2026-02-23 22:07:47.198592,28.55,12,"[0.8463730216026306, 0.8317765593528748, 0.7618321180343628, 0.644781768321991, 0.6204230189323425, 0.5609219670295715, 0.4012354612350464, 0.3733738660812378, 0.3490764796733856, 0.3277808129787445, 0.32430708408355713, 0.2500603497028351]",0.8463730216026306,0.2500603497028351,0.5243285422523817,0.21367822593150526
2026-02-23 22:07:47.235513,28.92,11,"[0.850002646446228, 0.8229148387908936, 0.7595467567443848, 0.6469468474388123, 0.5943421721458435, 0.5547847151756287, 0.397041380405426, 0.37132561206817627, 0.3493122458457947, 0.3391421437263489, 0.32145383954048157]",0.850002646446228,0.32145383954048157,0.5460739271207289,0.20295394371339698
2026-02-23 22:07:47.269597,28.05,8,"[0.8414480686187744, 0.7948330640792847, 0.6695067286491394, 0.6108264327049255, 0.5646922588348389, 0.5086042881011963, 0.45671191811561584, 0.3382501006126404]",0.8414480686187744,0.3382501006126404,0.5981091074645519,0.168955270011794
2026-02-23 22:07:47.321008,26.98,8,"[0.8399299383163452, 0.798469066619873, 0.6525920629501343, 0.604300320148468, 0.5956605076789856, 0.5177610516548157, 0.4919528663158417, 0.347275048494339]",0.8399299383163452,0.347275048494339,0.6059926077723503,0.1611475068688402
2026-02-23 22:07:47.350301,27.05,14,"[0.7886520624160767, 0.6923444271087646, 0.6433001756668091, 0.5835334062576294, 0.5272791981697083, 0.48540252447128296, 0.4817671775817871, 0.4587636888027191, 0.3841293156147003, 0.34740930795669556, 0.30324214696884155, 0.2790638208389282, 0.2668079435825348, 0.2610532343387604]",0.7886520624160767,0.2610532343387604,0.4644820306982313,0.16844729396704283
2026-02-23 22:07:47.380647,27.98,13,"[0.8006876707077026, 0.695561945438385, 0.6453250646591187, 0.5832549333572388, 0.5257723331451416, 0.492943674325943, 0.4838424026966095, 0.45300227403640747, 0.38025417923927307, 0.3515338897705078, 0.30270934104919434, 0.27750155329704285, 0.2685912847518921]",0.8006876707077026,0.2685912847518921,0.48161388819034284,0.16679776495212165
2026-02-23 22:07:47.401464,30.6,12,"[0.7549731731414795, 0.7012973427772522, 0.6224570870399475, 0.5761914849281311, 0.5729095935821533, 0.5201327204704285, 0.45696359872817993, 0.44179588556289673, 0.44039005041122437, 0.4316295385360718, 0.35716456174850464, 0.26368483901023865]",0.7549731731414795,0.26368483901023865,0.5116324896613756,0.14146786074157955
2026-02-23 22:07:47.432596,31.69,13,"[0.7659758925437927, 0.68500816822052, 0.6292969584465027, 0.5829759240150452, 0.5696085691452026, 0.5198090076446533, 0.45409855246543884, 0.44688665866851807, 0.437812477350235, 0.42530402541160583, 0.3638494908809662, 0.25266361236572266, 0.2519252896308899]",0.7659758925437927,0.2519252896308899,0.4911703559068533,0.15503392076533196
2026-02-23 22:07:47.472267,32.05,13,"[0.7938774824142456, 0.6978442072868347, 0.6494395732879639, 0.5834981799125671, 0.5452886819839478, 0.4727645814418793, 0.42820924520492554, 0.4264069199562073, 0.4052944481372833, 0.34424489736557007, 0.28466472029685974, 0.26453012228012085, 0.2624621093273163]",0.7938774824142456,0.2624621093273163,0.4737327052996709,0.17094635923220278
2026-02-23 22:07:47.496852,32.74,13,"[0.793299674987793, 0.7117745876312256, 0.6106873750686646, 0.5834531188011169, 0.5489662885665894, 0.4956454038619995, 0.4312390089035034, 0.4283416271209717, 0.37175607681274414, 0.3415376842021942, 0.28425729274749756, 0.26446184515953064, 0.26052650809288025]",0.793299674987793,0.26052650809288025,0.4712266532274393,0.1713995524799244
2026-02-23 22:07:47.541416,31.13,16,"[0.8529001474380493, 0.7025618553161621, 0.694608747959137, 0.6753756999969482, 0.592467725276947, 0.515302836894989, 0.4907568395137787, 0.4028213620185852, 0.3942682445049286, 0.38045015931129456, 0.34798914194107056, 0.33262088894844055, 0.33261358737945557, 0.3141636550426483, 0.28447067737579346, 0.2810690104961395]",0.8529001474380493,0.2810690104961395,0.474652536213398,0.17809438693244256
2026-02-23 22:07:47.584862,30.71,17,"[0.8519681692123413, 0.7067985534667969, 0.6913851499557495, 0.6725090742111206, 0.5900021195411682, 0.5439760088920593, 0.49361279606819153, 0.40768009424209595, 0.40112364292144775, 0.3790089786052704, 0.3436257839202881, 0.339803010225296, 0.3228912651538849, 0.3184070289134979, 0.29273080825805664, 0.28453657031059265, 0.27875638008117676]",0.8519681692123413,0.27875638008117676,0.46581267258700204,0.17835574798801485
2026-02-23 22:07:47.633830,29.82,13,"[0.8652275800704956, 0.8612202405929565, 0.7125273942947388, 0.5892917513847351, 0.5633411407470703, 0.5285695195198059, 0.46191829442977905, 0.3482062816619873, 0.34222978353500366, 0.31570249795913696, 0.3135119378566742, 0.3018907904624939, 0.26741376519203186]",0.8652275800704956,0.26741376519203186,0.4977731521313007,0.21080124578083287
2026-02-23 22:07:47.661879,31.39,13,"[0.8633297085762024, 0.859795868396759, 0.7195387482643127, 0.5820532441139221, 0.5653485655784607, 0.5327882170677185, 0.4608466327190399, 0.3452346920967102, 0.33844226598739624, 0.3306637704372406, 0.3068912625312805, 0.30016279220581055, 0.263706237077713]",0.8633297085762024,0.263706237077713,0.4976001542348128,0.21114445213279207
2026-02-23 22:07:47.686397,32.14,14,"[0.84025639295578, 0.8223244547843933, 0.7796660661697388, 0.7160549759864807, 0.55286705493927, 0.5013184547424316, 0.4568837285041809, 0.4164014458656311, 0.38792648911476135, 0.37093397974967957, 0.3317393362522125, 0.3306026756763458, 0.2881239652633667, 0.2725227475166321]",0.84025639295578,0.2725227475166321,0.5048301262514931,0.20357215125270656
2026-02-23 22:07:47.724831,31.45,14,"[0.8414635062217712, 0.8275296092033386, 0.7785006761550903, 0.7075930833816528, 0.5331513285636902, 0.5027555823326111, 0.4584875702857971, 0.41167086362838745, 0.3897749185562134, 0.3756435215473175, 0.3412081003189087, 0.3269933760166168, 0.28670915961265564, 0.2673420310020447]",0.8414635062217712,0.2673420310020447,0.5034873804875782,0.2033139136179366
2026-02-23 22:07:47.745603,31.44,13,"[0.8418977856636047, 0.8296520709991455, 0.76238614320755, 0.689744770526886, 0.5372871160507202, 0.5032718777656555, 0.44039013981819153, 0.4134577214717865, 0.3925323486328125, 0.3761492371559143, 0.33409491181373596, 0.3222411870956421, 0.2664690315723419]",0.8418977856636047,0.2664690315723419,0.5161211032133836,0.2000056729352576
